CpG,logFC,AveExpr,t,P.Value,adj.P.Val,B,Normal_AVG,Tumor_AVG,deltaBeta,CHR,MAPINFO,Strand,Type,gene,feature,cgi,feat.cgi,UCSC_CpG_Islands_Name,DHS,Enhancer,Phantom,Probe_SNPs,Probe_SNPs_10,dbeta,DNAm,cutpoint,F1,F1_validate,F1_dif,auc
cg01917716,-0.278895844,0.603198208,-11.47262518,1.7300000000000003e-27,7.27e-26,51.17034572,0.85701349,0.578117646,-0.278895844,11,59824541,F,II,MS4A3,5'UTR,opensea,5'UTR-opensea,,,,,,,-0.313102947,hypo,0.86,0.97188755,0.927272727,-0.044614823,0.9234782608695652
cg24643381,-0.3125234,0.572812062,-10.93980779,2.33e-25,7.31e-24,46.30064285,0.85723084,0.544707439,-0.3125234,12,43941378,F,II,ADAMTS20,Body,shelf,Body-shelf,chr12:43944719-43946285,,,,,rs67715439,-0.36132499,hypo,0.85,0.963709677,0.963636364,-7.33e-05,0.9081422924901186
cg09591519,-0.302123926,0.424735183,-12.99181116,6.95e-34,8.130000000000001e-32,65.8007534,0.699689691,0.397565765,-0.302123926,6,33241770,R,I,RPS18,Body,shore,Body-shore,chr6:33239326-33240099,,,,,,-0.34859389,hypo,0.66,0.961616162,0.87826087,-0.083355292,0.9037154150197628
cg20672708,-0.306019738,0.489411042,-12.46009427,1.35e-31,1.0700000000000001e-29,60.5623959,0.767911019,0.461891281,-0.306019738,20,30696827,R,II,TM9SF4,TSS1500,opensea,TSS1500-opensea,,,,,,,-0.345081517,hypo,0.74,0.961460446,0.944954128,-0.016506318,0.9187351778656127
cg25375916,-0.26030245,0.508379422,-11.7979914,8.05e-29,4.12e-27,54.21416038,0.745273378,0.484970928,-0.26030245,3,155570275,R,II,SLC33A1,Body,shelf,Body-shelf,chr3:155572358-155572604,,True,,,,-0.294205685,hypo,0.7,0.957403651,0.892857143,-0.064546508,0.9252173913043478
cg24513381,-0.279322034,0.566470628,-10.78952428,9.07e-25,2.63e-23,44.95394995,0.820673774,0.54135174,-0.279322034,1,170653323,R,II,PRRX1,Body,opensea,Body-opensea,,,True,,,,-0.317486027,hypo,0.8,0.957230143,0.928571429,-0.028658714,0.9057707509881423
cg24444631,-0.278894253,0.438716992,-13.1586678,1.3e-34,1.73e-32,67.46881043,0.692530826,0.413636573,-0.278894253,6,29636366,F,II,MOG,3'UTR,opensea,3'UTR-opensea,,,,,rs2535246,,-0.323931302,hypo,0.65,0.955284553,0.981481481,0.026196929,0.9196837944664031
cg21148025,-0.29795663,0.532865345,-12.19004236,1.87e-30,1.2399999999999999e-28,57.94891752,0.804027314,0.506070684,-0.29795663,21,19639479,F,II,CHODL,3'UTR,opensea,3'UTR-opensea,,,,,rs1051526,,-0.32364373,hypo,0.78,0.955284553,0.911504425,-0.043780128,0.919209486166008
cg04554195,-0.274582403,0.367354728,-12.56348378,4.8900000000000005e-32,4.16e-30,61.57151117,0.617244468,0.342662066,-0.274582403,19,52268814,R,II,FPR2,5'UTR,opensea,5'UTR-opensea,,,,,,,-0.298219563,hypo,0.58,0.955102041,0.963636364,0.008534323,0.9168379446640316
cg10318039,-0.264831139,0.571175827,-10.93167095,2.51e-25,7.84e-24,46.22741991,0.812191216,0.547360077,-0.264831139,7,84671308,F,II,SEMA3D,Body,opensea,Body-opensea,,,,,,,-0.302553355,hypo,0.79,0.953156823,0.963636364,0.010479541,0.9057707509881423
cg05492975,-0.334671334,0.598686075,-12.28416287,7.52e-31,5.29e-29,58.85607714,0.903261066,0.568589732,-0.334671334,20,60119508,R,II,CDH4,Body,island,Body-island,chr20:60119507-60119712,,,,,,-0.366388226,hypo,0.86,0.952965235,0.928571429,-0.024393807,0.9372332015810276
cg10902514,-0.274596589,0.624294859,-10.05859146,5.62e-22,1.16e-20,38.58168745,0.87419751,0.599600921,-0.274596589,2,188211981,F,II,CALCRL,Body,opensea,Body-opensea,,,,,,,-0.315995682,hypo,0.85,0.952965235,0.81512605,-0.137839185,0.8989723320158103
cg21406461,-0.306174782,0.44092028,-11.47150888,1.74e-27,7.34e-26,51.15999223,0.719561359,0.413386577,-0.306174782,1,158978957,R,II,IFI16,TSS1500,opensea,TSS1500-opensea,,,,,,,-0.352408972,hypo,0.69,0.951020408,0.894736842,-0.056283566,0.8989723320158103
cg08786003,-0.317360997,0.582503077,-10.27535664,8.61e-23,1.9600000000000007e-21,40.43994507,0.871324416,0.553963419,-0.317360997,1,157670710,R,II,FCRL3,TSS200,opensea,TSS200-opensea,,,,,,,-0.369029471,hypo,0.86,0.950819672,0.847457627,-0.103362045,0.8964426877470356
cg20085588,-0.258043551,0.539669455,-11.06771697,7.28e-26,2.45e-24,47.45628486,0.774507651,0.5164641,-0.258043551,10,81316188,F,II,SFTPA2,3'UTR,opensea,3'UTR-opensea,,,,,rs1136483,rs1059115,-0.287160208,hypo,0.74,0.948875256,0.928571429,-0.020303827,0.8962845849802371
cg01348055,-0.282576194,0.469579174,-13.04604158,4.03e-34,4.93e-32,66.34165695,0.726743839,0.444167646,-0.282576194,16,10272788,R,II,GRIN2A,Body,shore,Body-shore,chr16:10273943-10277424,,,,,,-0.32845276,hypo,0.67,0.948665298,0.945945946,-0.002719352,0.9149407114624506
cg20335735,-0.260801471,0.541616809,-12.48783206,1.03e-31,8.299999999999999e-30,60.8326675,0.778964911,0.518163439,-0.260801471,6,150068006,R,II,NUP43,TSS1500,shore,TSS1500-shore,chr6:150067323-150067766,,,,,,-0.304438485,hypo,0.71,0.948665298,0.945945946,-0.002719352,0.9128853754940711
cg20608990,-0.319319044,0.575001689,-11.27220822,1.11e-26,4.17e-25,49.32154495,0.865604992,0.546285948,-0.319319044,2,202097607,F,II,CASP8,TSS1500,opensea,TSS1500-opensea,,,True,,,,-0.36222302,hypo,0.83,0.948453608,0.963302752,0.014849144,0.9165217391304348
cg13177195,-0.292124602,0.547090916,-11.13506538,3.93e-26,1.37e-24,48.06821302,0.81294532,0.520820718,-0.292124602,12,41289297,R,II,CNTN1,5'UTR,opensea,5'UTR-opensea,,,,,,,-0.326861953,hypo,0.79,0.946938776,0.945945946,-0.00099283,0.8973913043478261
cg26337841,-0.279908768,0.602354135,-9.893703103,2.3000000000000004e-21,4.45e-20,37.18651873,0.857091251,0.577182483,-0.279908768,1,37329331,F,II,GRIK3,Body,opensea,Body-opensea,,,True,,,,-0.324952794,hypo,0.85,0.946721311,0.963636364,0.016915052,0.901501976284585
cg19002907,-0.260440351,0.470363949,-11.6937657,2.16e-28,1.04e-26,53.23351156,0.707383406,0.446943054,-0.260440351,10,115939579,F,II,TDRD1,5'UTR,shore,5'UTR-shore,chr10:115938962-115939292,,True,,,,-0.310107526,hypo,0.66,0.946721311,0.927272727,-0.019448584,0.8853754940711462
cg08818866,-0.295153142,0.579473628,-11.50364525,1.2900000000000002e-27,5.55e-26,51.45829875,0.848084221,0.552931079,-0.295153142,2,33415906,R,II,LTBP1,Body,opensea,Body-opensea,,,True,,,,-0.3352798,hypo,0.8,0.946502058,0.911504425,-0.034997633,0.9117786561264822
cg26259818,-0.284744628,0.607148444,-10.21569661,1.45e-22,3.2e-21,39.92579472,0.866286541,0.581541913,-0.284744628,1,181632621,F,II,CACNA1E,Body,opensea,Body-opensea,,,True,,,,-0.319288535,hypo,0.84,0.946502058,0.829059829,-0.117442229,0.9071936758893281
cg02526439,-0.299009402,0.641345212,-10.45247105,1.82e-23,4.49e-22,41.97824699,0.91346528,0.614455877,-0.299009402,8,89053427,F,II,MMP16,3'UTR,opensea,3'UTR-opensea,,,,,,,-0.32577576,hypo,0.9,0.946280992,0.81512605,-0.131154941,0.9173122529644269
cg26282761,-0.280883745,0.590165135,-11.11866328,4.57e-26,1.58e-24,47.91896605,0.84578955,0.564905806,-0.280883745,10,128193219,R,II,C10orf90,Body,shore,Body-shore,chr10:128193311-128193531,,,,,,-0.317022593,hypo,0.82,0.946280992,0.927272727,-0.019008264,0.9160474308300395
cg03825810,-0.272846596,0.590510386,-10.50387683,1.16e-23,2.92e-22,42.42803134,0.838820417,0.565973822,-0.272846596,3,38888170,F,II,SCN11A,3'UTR,opensea,3'UTR-opensea,,,,,,,-0.314969567,hypo,0.82,0.946280992,0.877192982,-0.069088009,0.903399209486166
cg01687040,-0.289633223,0.617636538,-11.00930655,1.24e-25,4.03e-24,46.92748619,0.881223608,0.591590385,-0.289633223,12,55043559,R,II,DCD,TSS1500,opensea,TSS1500-opensea,,,,,,,-0.313844991,hypo,0.83,0.946280992,0.862068966,-0.084212026,0.9274308300395258
cg00933411,-0.297740929,0.417948757,-11.44947454,2.14e-27,8.91e-26,50.95575509,0.688914423,0.391173494,-0.297740929,8,13373090,R,II,DLC1,TSS1500,opensea,TSS1500-opensea,,,,,,,-0.339542874,hypo,0.65,0.944785276,0.875,-0.069785276,0.8869565217391304
cg21291134,-0.286877943,0.613767083,-9.294693047,3.35e-19,5.13e-18,32.25629274,0.87484665,0.587968706,-0.286877943,1,159558512,F,II,APCS,3'UTR,opensea,3'UTR-opensea,,,,,,,-0.34656399,hypo,0.87,0.944558522,0.894736842,-0.049821679,0.8956521739130434
cg20134541,-0.271246063,0.492543966,-12.34308876,4.24e-31,3.0999999999999997e-29,59.42605184,0.739397397,0.468151334,-0.271246063,11,67210130,R,I,CORO1B,5'UTR,opensea,5'UTR-opensea,,,,,,,-0.30530287,hypo,0.67,0.944558522,0.862068966,-0.082489556,0.8931225296442687
cg26522368,-0.340070531,0.476237724,-14.6208142,3.45e-41,1.58e-38,82.53267005,0.785726373,0.445655842,-0.340070531,19,49703932,F,I,TRPM4,Body,shelf,Body-shelf,chr19:49699698-49700070,,,,,,-0.380467255,hypo,0.66,0.944329897,0.87826087,-0.066069027,0.9130434782608696
cg08846245,-0.342910149,0.579313783,-12.24846653,1.06e-30,7.3e-29,58.51155448,0.891386688,0.548476539,-0.342910149,6,33169606,F,II,SLC39A7,Body,shore,Body-shore,chr6:33167885-33168715,,,,,,-0.383021307,hypo,0.81,0.944099379,0.894736842,-0.049362537,0.9272727272727272
cg06353069,-0.339014567,0.511072976,-12.58305129,4.03e-32,3.47e-30,61.76301956,0.819600622,0.480586055,-0.339014567,2,238500081,F,II,RAB17,TSS1500,opensea,TSS1500-opensea,,True,,,,rs35869136,-0.376322811,hypo,0.74,0.944099379,0.927272727,-0.016826652,0.9079841897233202
cg14705695,-0.35795043,0.522567048,-11.56704808,7.13e-28,3.17e-26,52.04833768,0.848327691,0.490377261,-0.35795043,11,88911467,F,II,TYR,1stExon,opensea,1stExon-opensea,,,,,rs13312741,rs61753256,-0.375944957,hypo,0.79,0.944099379,0.894736842,-0.049362537,0.9369169960474308
cg27338089,-0.287041789,0.589971233,-12.39962837,2.4400000000000003e-31,1.8500000000000002e-29,59.97440119,0.851199912,0.564158123,-0.287041789,16,29820515,R,II,MAZ,Body,shore,Body-shore,chr16:29818681-29819554,,,,,,-0.332019859,hypo,0.79,0.94214876,0.910714286,-0.031434475,0.9106719367588932
cg13316148,-0.262623554,0.640195438,-10.67702887,2.49e-24,6.83e-23,43.95384189,0.879201766,0.616578212,-0.262623554,2,191916269,F,II,STAT4,Body,opensea,Body-opensea,,,True,,,,-0.299687816,hypo,0.84,0.94214876,0.81512605,-0.12702271,0.9076679841897233
cg06118116,-0.262934063,0.568513141,-12.05846773,6.67e-30,4.03e-28,56.68753396,0.807802054,0.544867991,-0.262934063,2,228336171,F,II,AGFG1,TSS1500,shore,TSS1500-shore,chr2:228336752-228337875,,,,,,-0.298914784,hypo,0.75,0.94214876,0.90990991,-0.03223885,0.9105138339920948
cg00182421,-0.262566047,0.676554239,-9.93456543,1.6200000000000002e-21,3.19e-20,37.53076999,0.915508231,0.652942184,-0.262566047,3,170586396,R,II,RPL22L1,Body,shore,Body-shore,chr3:170587936-170588270,,,,,,-0.29475455,hypo,0.88,0.94214876,0.894736842,-0.047411918,0.9160474308300395
cg12271759,-0.265329081,0.655761148,-10.07705188,4.79e-22,1e-20,38.73888125,0.8972297,0.631900619,-0.265329081,2,40468548,R,II,SLC8A1,Body,opensea,Body-opensea,,,True,,,,-0.291903649,hypo,0.87,0.94214876,0.911504425,-0.030644336,0.9212648221343873
cg18568534,-0.276023761,0.500931833,-11.93955828,2.0900000000000002e-29,1.17e-27,55.55446003,0.752133313,0.476109552,-0.276023761,14,23240117,F,II,OXA1L,Body,shelf,Body-shelf,chr14:23235774-23236578,,,,,,-0.313971345,hypo,0.7,0.940206186,0.811965812,-0.128240374,0.8958102766798419
cg21340845,-0.339600167,0.431658762,-13.54070319,2.68e-36,4.72e-34,71.32942678,0.740719346,0.401119179,-0.339600167,2,142890700,R,II,LRP1B,TSS1500,shelf,TSS1500-shelf,chr2:142887724-142888553,,,,,,-0.370931509,hypo,0.65,0.939958592,0.859649123,-0.080309469,0.9299604743083004
cg16933813,-0.294168489,0.594250477,-11.92818105,2.3300000000000002e-29,1.2900000000000002e-27,55.4463945,0.861964966,0.567796477,-0.294168489,6,32945317,R,II,BRD2,Body,opensea,Body-opensea,,,,,,,-0.321362665,hypo,0.81,0.939958592,0.911504425,-0.028454167,0.9267984189723321
cg00079302,-0.322309958,0.556686366,-14.60841177,3.93e-41,1.77e-38,82.40178378,0.850011615,0.527701657,-0.322309958,19,1439985,F,II,RPS15,Body,island,Body-island,chr19:1439951-1440423,,,,,,-0.385636417,hypo,0.72,0.93970894,0.87826087,-0.06144807,0.9252173913043478
cg14317513,-0.292535164,0.375402227,-11.2178996,1.83e-26,6.6799999999999985e-25,48.82406871,0.641630271,0.349095108,-0.292535164,21,38074992,R,II,SIM2,Body,shore,Body-shore,chr21:38076762-38077685,,,,,,-0.332206266,hypo,0.59,0.938271605,0.827586207,-0.110685398,0.878893280632411
cg17543218,-0.282941152,0.565321466,-10.77274219,1.05e-24,3.04e-23,44.80431807,0.822818269,0.539877118,-0.282941152,4,77508108,F,II,SHROOM3,Body,shore,Body-shore,chr4:77507077-77507339,,,,,,-0.318902517,hypo,0.79,0.938271605,0.945454545,0.007182941,0.8959683794466403
cg13672747,-0.320859648,0.501846691,-12.36782016,3.3300000000000003e-31,2.4600000000000002e-29,59.66573441,0.793852054,0.472992406,-0.320859648,3,13905567,R,II,WNT7A,Body,opensea,Body-opensea,,,True,,,,-0.357488931,hypo,0.72,0.937759336,0.911504425,-0.026254911,0.9196837944664031
cg10586756,-0.272026105,0.565380205,-10.62911305,3.81e-24,1.02e-22,43.52995561,0.812943531,0.540917426,-0.272026105,16,56782283,R,II,NUP93,Body,opensea,Body-opensea,,,,,,,-0.311580867,hypo,0.77,0.935817805,0.846153846,-0.089663959,0.8864822134387351
cg05936516,-0.25840026,0.417424199,-11.47700398,1.6600000000000003e-27,7.000000000000001e-26,51.21096418,0.652587026,0.394186766,-0.25840026,5,114507066,R,II,TRIM36,Body,shore,Body-shore,chr5:114504910-114506598,,,,,,-0.298610912,hypo,0.59,0.935550936,0.877192982,-0.058357953,0.895494071146245
cg00049102,-0.272474049,0.660851799,-9.581622257,3.16e-20,5.41e-19,34.59041853,0.908822785,0.636348737,-0.272474049,13,72420299,F,II,DACH1,Body,opensea,Body-opensea,,,,,,,-0.321859102,hypo,0.9,0.933609959,0.862068966,-0.071540993,0.885691699604743
cg03276883,-0.292643292,0.316205186,-13.03991285,4.29e-34,5.200000000000001e-32,66.28046794,0.582531635,0.289888343,-0.292643292,4,104021583,F,II,BDH2,TSS1500,opensea,TSS1500-opensea,,,,,,,-0.324769308,hypo,0.48,0.933333333,0.910714286,-0.022619048,0.9019762845849802
cg22154859,-0.272785822,0.595085582,-10.90111264,3.31e-25,1.02e-23,45.95274147,0.843340305,0.570554483,-0.272785822,20,52823177,R,II,PFDN4,TSS1500,shore,TSS1500-shore,chr20:52824330-52825048,,,,,,-0.303667488,hypo,0.78,0.933054393,0.846153846,-0.086900547,0.915098814229249
cg23214755,-0.278604747,0.587420791,-9.725981288,9.47e-21,1.71e-19,35.78397225,0.840971154,0.562366407,-0.278604747,2,11607042,F,II,E2F6,TSS1500,shore,TSS1500-shore,chr2:11605743-11606385,,,,,,-0.326343751,hypo,0.81,0.931677019,0.927927928,-0.003749091,0.889802371541502
cg03082523,-0.29852464,0.558793587,-11.13870541,3.8e-26,1.3299999999999999e-24,48.10135353,0.830472486,0.531947846,-0.29852464,1,3155965,F,II,PRDM16,Body,shore,Body-shore,chr1:3157509-3158300,,,,,,-0.312877165,hypo,0.77,0.930526316,0.830508475,-0.100017841,0.9269565217391305
cg07073096,-0.269059185,0.522589884,-12.0556061,6.86e-30,4.13e-28,56.66018849,0.767453099,0.498393914,-0.269059185,7,2870441,R,II,GNA12,Body,opensea,Body-opensea,,,True,,,,-0.300553144,hypo,0.66,0.929166667,0.862068966,-0.067097701,0.8913833992094862
cg00350503,-0.271665231,0.631193022,-9.447542926,9.58e-20,1.56e-18,33.49331967,0.878427926,0.606762695,-0.271665231,19,13613614,F,II,CACNA1A,Body,shelf,Body-shelf,chr19:13616752-13617267,,,,rs2900966,,-0.297518029,hypo,0.85,0.929166667,0.860869565,-0.068297101,0.9008695652173913
cg20668321,-0.277956684,0.585694753,-10.31824414,5.92e-23,1.3700000000000002e-21,40.81080685,0.838655332,0.560698648,-0.277956684,5,153192843,F,II,GRIA1,3'UTR,opensea,3'UTR-opensea,,,,,,,-0.320851626,hypo,0.78,0.928870293,0.830508475,-0.098361818,0.8923320158102767
cg16852483,-0.324000742,0.542557652,-11.43032931,2.56e-27,1.05e-25,50.77849416,0.837421637,0.513420894,-0.324000742,13,102103930,F,II,ITGBL1,TSS1500,shelf,TSS1500-shelf,chr13:102106165-102106488,,,,,,-0.362282392,hypo,0.76,0.928571429,0.830508475,-0.098062954,0.9157312252964427
cg11009736,-0.304906599,0.421849195,-12.38330823,2.8600000000000003e-31,2.1400000000000002e-29,59.81597453,0.699336136,0.394429537,-0.304906599,2,119699682,R,II,MARCO,TSS200,opensea,TSS200-opensea,,,,,,,-0.339249639,hypo,0.61,0.928571429,0.813559322,-0.115012107,0.9169960474308301
cg16599983,-0.285039532,0.519706912,-12.82710387,3.6e-33,3.71e-31,64.16534009,0.779113392,0.49407386,-0.285039532,6,32168969,R,II,NOTCH4,Body,opensea,Body-opensea,,,,,,,-0.319824054,hypo,0.67,0.928571429,0.894736842,-0.033834586,0.915098814229249
cg07269374,-0.28610743,0.563204948,-11.29740094,8.800000000000001e-27,3.35e-25,49.55282609,0.823583293,0.537475862,-0.28610743,12,66176707,F,II,RPSAP52,Body,opensea,Body-opensea,,,,,,,-0.325201569,hypo,0.75,0.926624738,0.862068966,-0.064555772,0.9127272727272727
cg20944283,-0.275702689,0.504132268,-11.90879028,2.7999999999999997e-29,1.53e-27,55.2623537,0.75504155,0.479338861,-0.275702689,1,159172620,F,II,CADM3,3'UTR,opensea,3'UTR-opensea,,,,,,,-0.306464239,hypo,0.68,0.926624738,0.911504425,-0.015120313,0.9116205533596837
cg13748640,-0.263696458,0.585490147,-10.19461945,1.74e-22,3.8100000000000004e-21,39.74464023,0.825472895,0.561776437,-0.263696458,9,102858493,R,II,ERP44,Body,shelf,Body-shelf,chr9:102860775-102861677,,,,,,-0.306403158,hypo,0.77,0.926624738,0.911504425,-0.015120313,0.8989723320158103
cg15000071,-0.267052646,0.401283325,-13.21271909,7.52e-35,1.03e-32,68.0115542,0.644320445,0.3772678,-0.267052646,3,134889493,F,II,EPHB1,Body,opensea,Body-opensea,,,True,,,,-0.298259325,hypo,0.53,0.926315789,0.87826087,-0.04805492,0.9174703557312253
cg14959260,-0.288956497,0.536959839,-10.69232452,2.17e-24,5.999999999999999e-23,44.08941914,0.799931039,0.510974542,-0.288956497,4,9917839,F,II,SLC2A9,Body,opensea,Body-opensea,,,,,,,-0.332790554,hypo,0.74,0.924686192,0.87826087,-0.046425323,0.8923320158102767
cg15952487,-0.26128007,0.478361924,-10.62489849,3.96e-24,1.06e-22,43.4927319,0.716145586,0.454865515,-0.26128007,1,158300733,R,II,CD1B,Body,opensea,Body-opensea,,,,,,,-0.3061836,hypo,0.66,0.924686192,0.945945946,0.021259753,0.8828458498023716
cg08238568,-0.275130531,0.534254022,-10.56150569,6.949999999999999e-24,1.8000000000000001e-22,42.93401599,0.784642599,0.509512068,-0.275130531,1,241474238,R,II,RGS7,Body,opensea,Body-opensea,,,True,,,,-0.309898332,hypo,0.73,0.924050633,0.862068966,-0.061981667,0.9041897233201581
cg05323709,-0.258223894,0.55526393,-10.72327668,1.64e-24,4.62e-23,44.3641624,0.79026625,0.532042356,-0.258223894,19,45753380,R,II,MARK4,TSS1500,shore,TSS1500-shore,chr19:45754630-45755261,,,,,,-0.291102695,hypo,0.73,0.922105263,0.862068966,-0.060036298,0.8934387351778657
cg21263710,-0.272665872,0.535439701,-11.49743137,1.37e-27,5.850000000000001e-26,51.40057823,0.783585261,0.510919389,-0.272665872,18,49865488,F,II,DCC,TSS1500,shelf,TSS1500-shelf,chr18:49868377-49868759,,,,,,-0.285275358,hypo,0.7,0.921443737,0.911504425,-0.009939312,0.9301185770750988
cg06968859,-0.282158617,0.372848988,-10.97890058,1.64e-25,5.2299999999999995e-24,46.6529259,0.629633629,0.347475011,-0.282158617,2,80724209,F,II,CTNNA2,Body,opensea,Body-opensea,,,True,,,,-0.335069904,hypo,0.56,0.920168067,0.830508475,-0.089659593,0.8823715415019763
cg12008047,-0.269662513,0.382546507,-12.4083485,2.24e-31,1.7100000000000001e-29,60.05909958,0.627958794,0.358296282,-0.269662513,19,18497143,F,I,GDF15,1stExon,island,1stExon-island,chr19:18497063-18497269,True,True,,rs16982331,,-0.300094001,hypo,0.52,0.920168067,0.846153846,-0.074014221,0.8812648221343873
cg26904169,-0.26498623,0.474849012,-11.05304229,8.32e-26,2.78e-24,47.32326448,0.716005545,0.451019315,-0.26498623,7,89839865,R,II,STEAP2,TSS1500,shore,TSS1500-shore,chr7:89840813-89841491,,,,,,-0.293052722,hypo,0.63,0.920168067,0.846153846,-0.074014221,0.8877470355731225
cg01520122,-0.275885187,0.651267631,-9.394442201,1.48e-19,2.36e-18,33.06191091,0.902342999,0.626457812,-0.275885187,17,32595801,F,II,CCL7,TSS1500,opensea,TSS1500-opensea,,,,,rs36231836,,-0.326547822,hypo,0.87,0.919831224,0.830508475,-0.089322749,0.898498023715415
cg04923532,-0.269234944,0.594539795,-10.6151607,4.3199999999999995e-24,1.15e-22,43.40676329,0.839562964,0.57032802,-0.269234944,16,4478627,F,II,DNAJA3,Body,shelf,Body-shelf,chr16:4475429-4476330,,,,,,-0.302411677,hypo,0.77,0.919831224,0.847457627,-0.072373597,0.8811067193675889
cg10161194,-0.276358349,0.568631443,-12.67017235,1.71e-32,1.57e-30,62.61768129,0.820137422,0.543779073,-0.276358349,19,3983180,R,I,EEF2,Body,island,Body-island,chr19:3982824-3983190,True,,,,,-0.321132867,hypo,0.72,0.919491525,0.81512605,-0.104365475,0.9048221343873518
cg18310495,-0.284813665,0.358745461,-10.9073701,3.13e-25,9.64e-24,46.00894722,0.617946386,0.333132721,-0.284813665,10,125615419,R,II,CPXM2,Body,shore,Body-shore,chr10:125617057-125617329,,,,,,-0.317223227,hypo,0.53,0.917197452,0.894736842,-0.02246061,0.8842687747035574
cg01792749,-0.2626612,0.53674538,-10.12494222,3.17e-22,6.7700000000000004e-21,39.14760219,0.775785968,0.513124768,-0.2626612,3,38835179,R,II,SCN10A,Body,opensea,Body-opensea,,,,,,,-0.296240522,hypo,0.72,0.917197452,0.829059829,-0.088137623,0.893596837944664
cg09473613,-0.259127996,0.5829533,-9.8546329,3.2e-21,6.1e-20,36.85829448,0.818778418,0.559650422,-0.259127996,1,24152604,R,II,HMGCL,TSS1500,opensea,TSS1500-opensea,,,,,,,-0.291891972,hypo,0.76,0.915611814,0.862068966,-0.053542849,0.874308300395257
cg20018806,-0.261594198,0.577873321,-9.927260954,1.73e-21,3.39e-20,37.46915952,0.815942861,0.554348663,-0.261594198,11,59633874,R,II,TCN1,1stExon,opensea,1stExon-opensea,,,,,,,-0.29754931,hypo,0.74,0.914893617,0.81512605,-0.099767567,0.8972332015810277
cg26231761,-0.269186475,0.651721954,-10.12298395,3.23e-22,6.88e-21,39.13086312,0.896701013,0.627514538,-0.269186475,1,4744796,R,II,AJAP1,Body,opensea,Body-opensea,,,True,,,,-0.288867604,hypo,0.85,0.914893617,0.829059829,-0.085833788,0.9253754940711463
cg19520280,-0.278157624,0.53017538,-11.87670238,3.8000000000000003e-29,2.04e-27,54.95819228,0.783318829,0.505161205,-0.278157624,13,111032155,F,II,COL4A2,Body,opensea,Body-opensea,,,True,,rs58709564,,-0.313712519,hypo,0.7,0.912951168,0.81512605,-0.097825117,0.918102766798419
cg25244356,-0.269622366,0.49670563,-12.02052504,9.61e-30,5.65e-28,56.32526669,0.742081381,0.472459015,-0.269622366,7,90042240,R,II,CLDN12,Body,opensea,Body-opensea,,,,,,,-0.302116039,hypo,0.63,0.910638298,0.87826087,-0.032377428,0.885691699604743
cg07222900,-0.338032202,0.529350458,-11.56069411,7.559999999999998e-28,3.36e-26,51.98911692,0.836984081,0.498951879,-0.338032202,2,240279976,F,II,HDAC4,5'UTR,opensea,5'UTR-opensea,,,,,rs76433937,,-0.375548822,hypo,0.73,0.91025641,0.862068966,-0.048187445,0.9049802371541502
cg09857273,-0.276854831,0.584478152,-10.65203235,3.11e-24,8.429999999999999e-23,43.73255377,0.836435965,0.559581134,-0.276854831,8,95230984,R,II,CDH17,TSS1500,opensea,TSS1500-opensea,,,,,,,-0.307161468,hypo,0.77,0.91025641,0.928571429,0.018315018,0.9076679841897233
cg25644015,-0.287545681,0.490265124,-12.09524738,4.68e-30,2.9e-28,57.03933291,0.75195238,0.464406699,-0.287545681,6,31848099,F,II,EHMT2,Body,opensea,Body-opensea,,,,,rs35521607,,-0.32801275,hypo,0.63,0.905982906,0.830508475,-0.075474431,0.8904347826086957
cg06614284,-0.261094192,0.464294054,-11.2841207,9.95e-27,3.76e-25,49.43086683,0.701908552,0.44081436,-0.261094192,20,30689432,F,II,HCK,3'UTR,opensea,3'UTR-opensea,,,,,,,-0.286535891,hypo,0.6,0.903640257,0.81512605,-0.088514207,0.901501976284585
cg06338958,-0.276895218,0.589941197,-11.1903914,2.36e-26,8.48e-25,48.57266615,0.841935766,0.565040548,-0.276895218,16,1489061,R,II,CCDC154,Body,shore,Body-shore,chr16:1487017-1487260,,,,,,-0.317966294,hypo,0.73,0.898488121,0.813559322,-0.084928799,0.8958102766798419
cg27291231,-0.27376779,0.508915503,-12.83203386,3.43e-33,3.54e-31,64.21412765,0.758063888,0.484296098,-0.27376779,9,140081916,F,II,ANAPC2,Body,shore,Body-shore,chr9:140082465-140083853,,,,,,-0.295956562,hypo,0.62,0.891304348,0.862068966,-0.029235382,0.92300395256917
cg15685941,-0.264322842,0.543268473,-11.39584124,3.53e-27,1.4199999999999999e-25,50.45964086,0.783821276,0.519498434,-0.264322842,3,52723104,F,II,GNL3,Body,shelf,Body-shelf,chr3:52719934-52720335,,,,,,-0.294723506,hypo,0.66,0.886462882,0.830508475,-0.055954408,0.8896442687747036
cg16993682,-0.26759864,0.41441167,-10.24756856,1.1e-22,2.4600000000000003e-21,40.20021347,0.657945684,0.390347044,-0.26759864,1,158259268,F,II,CD1C,TSS1500,opensea,TSS1500-opensea,,,,,,,-0.303187476,hypo,0.56,0.884026258,0.831932773,-0.052093485,0.8766798418972332
cg23564432,-0.264515658,0.562907411,-9.261661768,4.38e-19,6.62e-18,31.99090062,0.80363569,0.539120032,-0.264515658,8,3253958,R,II,CSMD1,Body,opensea,Body-opensea,,,,,,,-0.304724142,hypo,0.71,0.871681416,0.830508475,-0.041172941,0.8795256916996048
cg00349607,0.384334453,0.51714262,13.7388458,3.5e-37,7.300000000000001e-35,73.35364556,0.167370617,0.551705071,0.384334453,1,39546688,R,I,MACF1,TSS1500,shore,TSS1500-shore,chr1:39547013-39547959,True,,,,,0.436877342,hyper,0.17,0.972,0.97029703,-0.00170297,0.9231620553359683
cg20883831,0.462837739,0.543041064,16.14435613,2.3699999999999998e-48,4.21e-45,98.95533661,0.121825424,0.584663163,0.462837739,7,150652948,F,I,KCNH2,TSS200,island,TSS200-island,chr7:150652807-150653080,True,True,high-CpG:150283794-150283891,,,0.553790152,hyper,0.16,0.97188755,0.96969697,-0.002190581,0.9356521739130435
cg16260298,0.440477513,0.540672944,16.4909963,5.11e-50,1.32e-46,102.7772927,0.139806718,0.580284231,0.440477513,7,116140342,F,II,CAV2,Body,island,Body-island,chr7:116139774-116140352,True,,,,,0.518921037,hyper,0.22,0.97188755,0.953846154,-0.018041396,0.9198418972332016
cg24033558,0.423071661,0.579939945,20.19649747,2.04e-68,3.84e-63,145.0009546,0.194914296,0.617985957,0.423071661,15,45479755,R,I,SHF,Body,island,Body-island,chr15:45479509-45480498,True,,,,,0.502369931,hyper,0.34,0.97188755,0.96969697,-0.002190581,0.9253754940711463
cg24013620,0.398142935,0.525558254,15.5964511,9.61e-46,1.0399999999999998e-42,92.97504982,0.163219539,0.561362475,0.398142935,8,144798688,F,I,MAPK15,Body,island,Body-island,chr8:144798487-144799038,,True,,,,0.478020512,hyper,0.2,0.97188755,0.96969697,-0.002190581,0.9230039525691701
cg13482308,0.389731047,0.476278128,16.36497548,2.07e-49,4.72e-46,101.3845419,0.121594837,0.511325884,0.389731047,9,37002685,R,I,PAX5,Body,island,Body-island,chr9:37002489-37002957,,,,,,0.462908637,hyper,0.16,0.971774194,0.97,-0.001774194,0.9187351778656127
cg08843517,0.452742099,0.626869579,17.99178091,2.33e-57,2.58e-53,119.6184941,0.214841698,0.667583797,0.452742099,16,88717464,F,I,CYBA,TSS200,island,TSS200-island,chr16:88716989-88717606,,,high-CpG:87244919-87245004,rs72550704,,0.542396344,hyper,0.29,0.96993988,0.964467005,-0.005472875,0.9198418972332015
cg14130039,0.431070513,0.582808576,15.17480868,9.24e-44,6.7e-41,88.42783788,0.190503396,0.62157391,0.431070513,6,32121225,R,II,PPT2,TSS200,shore,TSS200-shore,chr6:32121829-32122529,,,,,,0.508970194,hyper,0.21,0.96993988,0.964467005,-0.005472875,0.9154150197628458
cg27223047,0.398303501,0.62881197,14.07058172,1.1199999999999999e-38,3.09e-36,76.77467879,0.266327129,0.66463063,0.398303501,5,127874825,F,II,FBN2,TSS1500,island,TSS1500-island,chr5:127872563-127874945,,,,rs55770077,,0.46711309,hyper,0.3,0.96993988,0.942408377,-0.027531503,0.9141501976284585
cg16332610,0.448924064,0.644556976,18.70762821,6.41e-61,1.4200000000000001e-56,127.791206,0.236003781,0.684927845,0.448924064,15,74658547,F,II,CYP11A1,1stExon,island,1stExon-island,chr15:74658038-74658574,,True,,,,0.536388341,hyper,0.38,0.969818913,0.948453608,-0.021365305,0.9160474308300396
cg12627583,0.438785201,0.552056092,15.4359162,5.5e-45,5.09e-42,91.23788422,0.152729992,0.591515192,0.438785201,2,201450731,R,II,AOX1,1stExon,island,1stExon-island,chr2:201450526-201451027,True,True,,,,0.53241768,hyper,0.18,0.969818913,0.95959596,-0.010222954,0.9146245059288538
cg07198194,0.418193306,0.539452539,18.43280484,1.5100000000000001e-59,2.6999999999999997e-55,124.6444812,0.158866545,0.577059851,0.418193306,10,3109053,R,I,PFKP,TSS1500,island,TSS1500-island,chr10:3108650-3111419,,,,,,0.504579713,hyper,0.29,0.969818913,0.953846154,-0.01597276,0.9283794466403162
cg26213453,0.396586415,0.58287851,15.43188911,5.74e-45,5.31e-42,91.1943981,0.221956341,0.618542756,0.396586415,15,89455860,F,II,MFGE8,Body,shore,Body-shore,chr15:89456224-89456830,,,,,,0.464752539,hyper,0.28,0.969818913,0.93814433,-0.031674584,0.9147826086956522
cg24530250,0.373224686,0.464980064,11.49677677,1.3800000000000002e-27,5.89e-26,51.39449886,0.125318749,0.498543435,0.373224686,11,71955599,R,I,PHOX2A,TSS1500,island,TSS1500-island,chr11:71954816-71955659,True,,,,,0.426155064,hyper,0.11,0.969818913,0.97,0.000181087,0.9114624505928853
cg20687242,0.434039699,0.581535262,15.27960063,2.98e-44,2.3999999999999997e-41,89.55327381,0.18652791,0.620567609,0.434039699,12,54653427,F,II,CBX5,TSS200,opensea,TSS200-opensea,,True,,,,,0.532474576,hyper,0.26,0.967871486,0.953846154,-0.014025332,0.9209486166007906
cg04156293,0.395899983,0.546252972,13.86541168,9.46e-38,2.21e-35,74.65420383,0.185955505,0.581855488,0.395899983,7,100488942,R,I,ACHE,Body,shore,Body-shore,chr7:100489981-100490365,,,,,,0.468009965,hyper,0.22,0.967871486,0.96969697,0.001825484,0.91098814229249
cg22538054,0.428872583,0.516245198,16.21690383,1.0599999999999999e-48,2.05e-45,99.75285779,0.125940293,0.554812876,0.428872583,12,95941988,F,I,USP44,5'UTR,island,5'UTR-island,chr12:95941906-95942979,True,,,rs61939483,,0.511736954,hyper,0.18,0.967741935,0.98,0.012258065,0.9233201581027668
cg00800229,0.423759953,0.498647404,16.08532684,4.54e-48,7.63e-45,98.30737384,0.11299536,0.536755313,0.423759953,14,22004993,F,I,SALL2,1stExon,opensea,1stExon-opensea,,,True,,,,0.503361843,hyper,0.18,0.967741935,0.964467005,-0.00327493,0.924901185770751
cg11574975,0.383056044,0.492316802,15.34238668,1.51e-44,1.28e-41,90.22908808,0.143708245,0.526764288,0.383056044,1,112058304,R,I,ADORA3,Body,island,Body-island,chr1:112058184-112058590,True,True,,,,0.453745335,hyper,0.16,0.967741935,0.985074627,0.017332691,0.9343873517786562
cg15267232,0.416894211,0.60183044,18.13185186,4.720000000000001e-58,6.339999999999999e-54,121.2114435,0.222426716,0.639320927,0.416894211,10,8097689,F,I,GATA3,Body,island,Body-island,chr10:8091374-8098329,,,,,,0.487701812,hyper,0.33,0.967611336,0.964467005,-0.003144331,0.9261660079051384
cg12161228,0.374806154,0.508683851,14.72801786,1.1e-41,5.51e-39,83.66605981,0.167583287,0.542389441,0.374806154,11,89224506,R,I,NOX4,1stExon,island,1stExon-island,chr11:89224416-89224718,,True,,,,0.454733011,hyper,0.2,0.965794769,0.948979592,-0.016815177,0.9225296442687747
cg25307318,0.393327522,0.63756941,16.10857405,3.52e-48,6e-45,98.56245538,0.279613068,0.67294059,0.393327522,10,123923081,R,II,TACC2,Body,island,Body-island,chr10:123922850-123923542,,True,high-CpG:123912997-123913135,,,0.48102831,hyper,0.39,0.965656566,0.9375,-0.028156566,0.8912252964426878
cg02639634,0.399972538,0.585893088,15.53598859,1.85e-45,1.86e-42,92.31994852,0.221889303,0.621861841,0.399972538,8,54792161,F,II,RGS20,Body,island,Body-island,chr8:54791845-54795141,,,,,,0.475243393,hyper,0.31,0.965656566,0.964467005,-0.001189561,0.9109881422924901
cg17437939,0.427859796,0.639887755,15.15461024,1.15e-43,8.199999999999999e-41,88.21127856,0.250504559,0.678364355,0.427859796,7,97361252,R,II,TAC1,TSS200,island,TSS200-island,chr7:97361132-97363018,,,,,,0.508479739,hyper,0.34,0.963709677,0.948453608,-0.015256069,0.9103557312252964
cg21526205,0.382585958,0.481895301,13.9876156,2.66e-38,6.87e-36,75.91541209,0.133714555,0.516300513,0.382585958,1,76540574,R,I,ST6GALNAC3,Body,island,Body-island,chr1:76540147-76540653,True,,,,,0.481788655,hyper,0.15,0.963709677,0.959183673,-0.004526004,0.9049802371541502
cg14861089,0.456110824,0.616962583,16.29931593,4.2800000000000004e-49,9.2e-46,100.6603591,0.201868919,0.657979743,0.456110824,10,102895043,R,I,TLX1,Body,island,Body-island,chr10:102893660-102895059,,,,,,0.559211553,hyper,0.28,0.963562753,0.948979592,-0.014583161,0.9228458498023715
cg20787173,0.398757684,0.541145196,14.53223371,8.81e-41,3.65e-38,81.59894002,0.178247016,0.5770047,0.398757684,6,133562475,F,I,EYA4,TSS200,island,TSS200-island,chr6:133562086-133563586,True,,,,,0.497229225,hyper,0.19,0.963562753,0.948979592,-0.014583161,0.913201581027668
cg05057720,0.38805398,0.523356677,14.81634277,4.31e-42,2.29e-39,84.6025737,0.170199637,0.558253617,0.38805398,14,38724675,R,I,CLEC14A,1stExon,island,1stExon-island,chr14:38724254-38725537,,True,,,,0.470590324,hyper,0.2,0.963562753,0.964467005,0.000904252,0.907509881422925
cg18525352,0.37442769,0.625537307,14.84042621,3.3299999999999995e-42,1.8e-39,84.85835239,0.284781172,0.659208862,0.37442769,12,106533867,R,I,NUAK1,TSS200,shore,TSS200-shore,chr12:106532106-106533696,,,,,,0.430646473,hyper,0.36,0.961616162,0.948453608,-0.013162553,0.9059288537549407
cg13722431,0.386170284,0.546829967,16.76850358,2.32e-51,8.32e-48,105.8569221,0.195387227,0.581557511,0.386170284,6,2903533,F,I,SERPINB9,1stExon,island,1stExon-island,chr6:2903175-2903906,True,,high-CpG:2848460-2848554,rs2236275,,0.466804026,hyper,0.35,0.961460446,0.943005181,-0.018455265,0.9124110671936758
cg13803976,0.373802887,0.571258915,14.66066754,2.2599999999999999e-41,1.06e-38,82.95358601,0.231071396,0.604874283,0.373802887,2,87016129,R,II,CD8A,Body,island,Body-island,chr2:87015974-87018182,,,,,,0.445357568,hyper,0.32,0.961460446,0.921465969,-0.039994478,0.9084584980237155
cg12840719,0.379115813,0.507178445,12.276115,8.13e-31,5.7e-29,58.77835314,0.162155781,0.541271594,0.379115813,9,21968233,R,II,CDKN2A,Body,shore,Body-shore,chr9:21968358-21968728,,True,,,rs72549205,0.431954301,hyper,0.18,0.961460446,0.948979592,-0.012480854,0.9122529644268774
cg03576469,0.472785931,0.621988236,17.08321076,6.84e-53,3.18e-49,109.3694999,0.191719025,0.664504956,0.472785931,19,46917061,F,II,CCDC8,TSS200,shore,TSS200-shore,chr19:46915311-46915802,True,,,,,0.549827987,hyper,0.38,0.961303462,0.926315789,-0.034987673,0.9135177865612648
cg20676696,0.431736041,0.544759411,14.54194117,7.949999999999998e-41,3.33e-38,81.70114321,0.151848553,0.583584594,0.431736041,1,110210444,R,II,GSTM2,TSS200,shore,TSS200-shore,chr1:110210581-110210956,True,True,,,,0.524323575,hyper,0.2,0.959349593,0.943005181,-0.016344412,0.9027667984189722
cg23618344,0.405861603,0.546190164,14.29823635,1.04e-39,3.4500000000000004e-37,79.14470376,0.176826907,0.58268851,0.405861603,12,54423428,R,II,HOXC4,5'UTR,island,5'UTR-island,chr12:54423427-54423712,,,,,,0.492325629,hyper,0.29,0.959349593,0.903225806,-0.056123787,0.9117786561264822
cg05661282,0.398763858,0.530144837,16.97684584,2.26e-52,9.43e-49,108.1800028,0.167241039,0.566004896,0.398763858,19,58220370,R,I,ZNF154,5'UTR,island,5'UTR-island,chr19:58220189-58220517,True,,,,rs10559485,0.479850715,hyper,0.31,0.959349593,0.964467005,0.005117412,0.9236363636363636
cg07016276,0.40410256,0.567067634,17.24358989,1.13e-53,5.88e-50,111.1673678,0.199305233,0.603407793,0.40410256,6,29692009,F,I,HLA-F,Body,island,Body-island,chr6:29691106-29692093,True,True,,rs3087327,,0.473347128,hyper,0.35,0.959349593,0.948453608,-0.010895985,0.9083003952569171
cg05971966,0.374855558,0.578301172,16.90832439,4.86e-52,1.93e-48,107.4149548,0.237155646,0.612011204,0.374855558,5,40681137,F,I,PTGER4,Body,island,Body-island,chr5:40679502-40682081,True,,,,,0.459589552,hyper,0.38,0.959349593,0.943005181,-0.016344412,0.9138339920948615
cg17395064,0.390403514,0.556021758,14.94494715,1.0899999999999998e-42,6.43e-40,85.97048293,0.200726474,0.591129988,0.390403514,12,104609476,R,I,TXNRD1,TSS200,island,TSS200-island,chr12:104609397-104610172,,,,,,0.458651251,hyper,0.3,0.959349593,0.943005181,-0.016344412,0.9154150197628459
cg22806907,0.379415638,0.4440507,12.31220282,5.7200000000000005e-31,4.1000000000000003e-29,59.12710633,0.098755173,0.478170811,0.379415638,17,40826212,F,I,PLEKHH3,Body,shore,Body-shore,chr17:40827975-40828659,,True,,,,0.438624537,hyper,0.11,0.959349593,0.959183673,-0.00016592,0.9168379446640317
cg06248767,0.389988474,0.548965862,14.46524586,1.79e-40,6.97e-38,80.89450703,0.194048294,0.584036768,0.389988474,8,56852290,R,I,LYN,5'UTR,opensea,5'UTR-opensea,,,True,,,,0.438217766,hyper,0.31,0.959183673,0.9375,-0.021683673,0.9187351778656127
cg00735923,0.403022924,0.63903779,14.32860487,7.54e-40,2.5800000000000002e-37,79.46219153,0.272257935,0.675280859,0.403022924,7,117119963,R,II,CFTR,TSS200,opensea,TSS200-opensea,,,,low-CpG:116906174-116907321,,,0.50322073,hyper,0.37,0.957575758,0.943589744,-0.013986014,0.876205533596838
cg04407470,0.41683616,0.547685311,15.94979703,2.02e-47,2.9999999999999997e-44,96.82294578,0.168334418,0.585170577,0.41683616,6,108489977,R,I,NR2E1,Body,island,Body-island,chr6:108485671-108490539,,True,,,,0.543105463,hyper,0.26,0.957403651,0.974874372,0.017470721,0.9233201581027669
cg02711647,0.413300997,0.516076931,14.11092536,7.37e-39,2.11e-36,77.19338106,0.13994329,0.553244287,0.413300997,2,45237689,R,I,SIX2,TSS1500,island,TSS1500-island,chr2:45235511-45237792,,,,,,0.469704983,hyper,0.22,0.957230143,0.964467005,0.007236863,0.9258498023715415
cg27494647,0.396712069,0.61421782,15.99224843,1.26e-47,1.97e-44,97.28741049,0.253181297,0.649893366,0.396712069,7,150038898,F,I,RARRES2,TSS200,island,TSS200-island,chr7:150037459-150039031,True,,,,,0.466097955,hyper,0.37,0.957230143,0.93814433,-0.019085813,0.9255335968379446
cg07330230,0.396037435,0.484941842,12.24450409,1.11e-30,7.560000000000001e-29,58.47334642,0.124519284,0.520556719,0.396037435,3,125899925,F,I,ALDH1L1,TSS1500,shore,TSS1500-shore,chr3:125898662-125899568,,True,,,,0.454430407,hyper,0.13,0.957230143,0.98,0.022769857,0.9032411067193675
cg02499249,0.461076705,0.568310676,15.17531068,9.19e-44,6.69e-41,88.43322163,0.148697703,0.609774408,0.461076705,3,25469720,R,II,RARB,TSS200,opensea,TSS200-opensea,,,True,,,,0.537191401,hyper,0.26,0.957055215,0.926315789,-0.030739425,0.9187351778656127
cg15323528,0.417296074,0.499650354,16.15853505,2.0299999999999998e-48,3.63e-45,99.11110559,0.119880905,0.537176979,0.417296074,10,73156427,R,II,CDH23,TSS1500,island,TSS1500-island,chr10:73156164-73157954,True,,high-CpG:72826209-72826722,,,0.484093302,hyper,0.23,0.957055215,0.948453608,-0.008601606,0.9252173913043478
cg07676859,0.387542946,0.495350879,13.95873792,3.59e-38,9.05e-36,75.61689959,0.142658917,0.530201863,0.387542946,20,23015932,R,I,SSTR4,TSS200,island,TSS200-island,chr20:23015716-23016879,,,,,,0.43766027,hyper,0.18,0.957055215,0.959183673,0.002128459,0.912411067193676
cg02534363,0.445082018,0.598838056,14.84724763,3.1e-42,1.68e-39,84.93083191,0.1937814,0.638863418,0.445082018,3,47050950,R,II,NBEAL2,3'UTR,island,3'UTR-island,chr3:47050486-47051609,,True,,,,0.543311418,hyper,0.26,0.955284553,0.9375,-0.017784553,0.9157312252964427
cg13247663,0.410974029,0.624317945,17.27915966,7.54e-54,4.05e-50,111.5667979,0.250302013,0.661276041,0.410974029,8,59058254,R,I,FAM110B,5'UTR,island,5'UTR-island,chr8:59058167-59059414,True,True,high-CpG:59220802-59221031,,,0.53255206,hyper,0.43,0.955284553,0.953846154,-0.001438399,0.9056126482213438
cg19788741,0.387815223,0.557672051,14.80691364,4.77e-42,2.52e-39,84.50248034,0.204732297,0.59254752,0.387815223,5,101632310,F,I,SLCO4C1,TSS200,island,TSS200-island,chr5:101632049-101632373,True,,,,,0.471688796,hyper,0.27,0.955284553,0.93814433,-0.017140223,0.9089328063241107
cg26573704,0.443961282,0.542280174,15.31663994,2e-44,1.68e-41,89.95182057,0.138243467,0.58220475,0.443961282,5,33892223,R,II,ADAMTS12,TSS200,island,TSS200-island,chr5:33892191-33892403,True,,high-CpG:33927847-33928066,,,0.56913528,hyper,0.25,0.955102041,0.948453608,-0.006648433,0.9065612648221344
cg15835232,0.396693858,0.509379252,15.87736934,4.46e-47,6.34e-44,96.03156556,0.148359303,0.545053161,0.396693858,17,53343075,F,II,HLF,Body,shore,Body-shore,chr17:53342198-53343061,,,,,,0.489519584,hyper,0.27,0.955102041,0.931937173,-0.023164868,0.9128853754940712
cg03796321,0.409456766,0.588017663,15.57293879,1.24e-45,1.2999999999999998e-42,92.72017966,0.215382549,0.624839315,0.409456766,15,86162442,F,II,AKAP13,Body,opensea,Body-opensea,,,True,,rs16942230,,0.474016886,hyper,0.36,0.955102041,0.948453608,-0.006648433,0.908300395256917
cg10446179,0.388711073,0.458750567,12.2040024,1.64e-30,1.09e-28,58.08321482,0.104995526,0.493706599,0.388711073,6,121758653,R,II,GJA1,5'UTR,opensea,5'UTR-opensea,,,,,,,0.449616584,hyper,0.1,0.955102041,0.974619289,0.019517249,0.8958102766798419
cg16703956,0.405173205,0.528863792,16.24020906,8.23e-49,1.6099999999999998e-45,100.0093239,0.160127027,0.565300232,0.405173205,5,1446217,F,I,SLC6A3,TSS1500,island,TSS1500-island,chr5:1444678-1446648,True,,,,rs2735852,0.494943659,hyper,0.32,0.954918033,0.9375,-0.017418033,0.917312252964427
cg24302235,0.438606613,0.499614019,13.98980323,2.6e-38,6.73e-36,75.93803793,0.100450447,0.53905706,0.438606613,3,170746073,R,II,SLC2A2,TSS1500,island,TSS1500-island,chr3:170746072-170746292,True,True,,,,0.482269913,hyper,0.19,0.954918033,0.953846154,-0.001071879,0.9356521739130436
cg07891473,0.370686018,0.476764613,13.37551828,1.44e-35,2.26e-33,69.65322097,0.139413669,0.510099687,0.370686018,3,64670640,R,II,ADAMTS9,Body,shore,Body-shore,chr3:64671087-64673957,,,,,,0.443509496,hyper,0.22,0.953156823,0.9375,-0.015656823,0.9054545454545455
cg05385513,0.476907781,0.636862006,16.81552447,1.37e-51,5.11e-48,106.3804127,0.202841615,0.679749396,0.476907781,2,56150478,F,II,EFEMP1,TSS200,island,TSS200-island,chr2:56150340-56151180,True,,,,,0.576475575,hyper,0.36,0.952965235,0.931937173,-0.021028062,0.9244268774703558
cg26654286,0.442770403,0.542524439,15.5782783,1.17e-45,1.23e-42,92.77804597,0.139571518,0.582341921,0.442770403,17,38465510,F,II,RARA,5'UTR,opensea,5'UTR-opensea,,,,,,,0.530988377,hyper,0.29,0.952965235,0.926315789,-0.026649446,0.9190513833992096
cg16596604,0.405527198,0.57377082,14.90756188,1.6299999999999997e-42,9.29e-40,85.57231036,0.204711895,0.610239094,0.405527198,16,21294947,R,I,CRYM,5'UTR,shore,5'UTR-shore,chr16:21294980-21295414,,,,,,0.482619714,hyper,0.32,0.952965235,0.9375,-0.015465235,0.9128853754940711
cg23230584,0.38374278,0.489381656,16.94554524,3.2e-52,1.3099999999999999e-48,107.8304072,0.140148118,0.523890899,0.38374278,7,95025740,F,I,PON3,TSS200,island,TSS200-island,chr7:95025559-95026122,,,,,,0.473357328,hyper,0.29,0.952965235,0.9375,-0.015465235,0.916205533596838
cg14102988,0.397848045,0.508560546,13.55235796,2.37e-36,4.23e-34,71.44808523,0.146490203,0.544338248,0.397848045,9,113801337,R,II,LPAR1,TSS1500,island,TSS1500-island,chr9:113799913-113801375,,,high-CpG:112840107-112841306,,,0.457010748,hyper,0.2,0.952965235,0.926315789,-0.026649446,0.9116205533596838
cg00817367,0.476429186,0.603189432,18.76519493,3.31e-61,8.890000000000002e-57,128.4516895,0.169604597,0.646033783,0.476429186,12,52401214,F,I,GRASP,Body,island,Body-island,chr12:52400467-52401696,True,,,,,0.55498594,hyper,0.41,0.952772074,0.9375,-0.015272074,0.9258498023715415
cg20384898,0.407466484,0.501571651,13.87984504,8.15e-38,1.92e-35,74.80288563,0.130747836,0.538214321,0.407466484,6,1625111,F,II,GMDS,Body,island,Body-island,chr6:1624185-1625468,True,,,,,0.475575052,hyper,0.24,0.952772074,0.914893617,-0.037878457,0.9078260869565218
cg19156875,0.407107078,0.562363236,14.70191434,1.46e-41,7.04e-39,83.38975048,0.191866507,0.598973585,0.407107078,17,43974446,R,I,MAPT,5'UTR,island,5'UTR-island,chr17:43971410-43975040,,,,,,0.466886753,hyper,0.3,0.952772074,0.948453608,-0.004318466,0.9149407114624506
cg23108709,0.385975182,0.594830224,16.03283806,8.09e-48,1.31e-44,97.73193001,0.24356504,0.629540222,0.385975182,2,219847136,R,I,FEV,Body,island,Body-island,chr2:219846291-219847137,,,,,,0.454051289,hyper,0.41,0.952772074,0.920634921,-0.032137153,0.914308300395257
cg12630147,0.410054937,0.585328732,14.5391136,8.19e-41,3.41e-38,81.67137055,0.212149238,0.622204176,0.410054937,10,70321574,F,II,TET1,5'UTR,shore,5'UTR-shore,chr10:70320130-70320822,True,,,,,0.484668994,hyper,0.33,0.950819672,0.914893617,-0.035926055,0.9087747035573124
cg08862890,0.467003585,0.604098205,18.17308614,2.95e-58,4.26e-54,121.6809802,0.179091346,0.64609493,0.467003585,5,169064451,R,I,DOCK2,Body,island,Body-island,chr5:169064270-169064702,,,,,,0.556384629,hyper,0.39,0.950617284,0.948453608,-0.002163676,0.9231620553359684
cg10119075,0.415495678,0.596070155,15.81724256,8.62e-47,1.15e-43,95.37561565,0.217939196,0.633434874,0.415495678,10,7709738,F,II,ITIH5,TSS1500,opensea,TSS1500-opensea,,,,,,,0.483559218,hyper,0.38,0.950617284,0.920634921,-0.029982363,0.918102766798419
cg10588135,0.381029724,0.53478899,15.27137615,3.26e-44,2.59e-41,89.46483087,0.188024529,0.569054253,0.381029724,17,59329903,R,II,BCAS3,Body,opensea,Body-opensea,,True,True,,,,0.430929813,hyper,0.3,0.950617284,0.936842105,-0.013775179,0.9354940711462449
cg00489401,0.39405976,0.701199502,16.72376517,3.83e-51,1.29e-47,105.3592869,0.342576771,0.736636531,0.39405976,5,180075875,F,II,FLT4,Body,island,Body-island,chr5:180075688-180076906,,,,,,0.464824722,hyper,0.53,0.948665298,0.9375,-0.011165298,0.8999209486166008
cg14621217,0.394938213,0.580172094,16.26555572,6.22e-49,1.28e-45,100.2884035,0.220749907,0.61568812,0.394938213,17,80944134,F,II,B3GNTL1,Body,opensea,Body-opensea,,True,,,rs9916813,,0.434296691,hyper,0.37,0.948665298,0.931937173,-0.016728125,0.9293280632411066
cg22598028,0.373402288,0.424717498,10.490866,1.2999999999999998e-23,3.26e-22,42.31405117,0.084894552,0.45829684,0.373402288,3,44626492,R,II,ZNF660,5'UTR,island,5'UTR-island,chr3:44626325-44626794,True,,,,,0.421660978,hyper,0.09,0.948665298,0.931216931,-0.017448367,0.9117786561264821
cg09296001,0.454654909,0.576115252,19.29261601,7.49e-64,4.690000000000001e-59,134.5230548,0.162346575,0.617001485,0.454654909,7,127672564,R,I,SND1,Body,island,Body-island,chr7:127671158-127672853,True,,,,,0.548335093,hyper,0.44,0.948453608,0.920634921,-0.027818688,0.9155731225296443
cg04203238,0.397378973,0.563978376,16.31099095,3.76e-49,8.18e-46,100.7890526,0.202334922,0.599713895,0.397378973,4,16085702,F,I,PROM1,TSS200,island,TSS200-island,chr4:16084195-16085735,True,,high-CpG:15694060-15695184,,,0.490392611,hyper,0.41,0.948453608,0.903225806,-0.045227802,0.9190513833992096
cg22635676,0.370083502,0.691364811,15.99694388,1.2e-47,1.88e-44,97.33881189,0.3545622,0.724645702,0.370083502,2,241975971,F,I,SNED1,Body,island,Body-island,chr2:241975533-241976318,True,,,rs73110161,,0.434079767,hyper,0.54,0.948453608,0.903225806,-0.045227802,0.9176284584980238
cg27260772,0.396633153,0.587561897,12.23740222,1.18e-30,8.05e-29,58.40488411,0.226597193,0.623230346,0.396633153,6,50791202,F,I,TFAP2B,Body,island,Body-island,chr6:50791110-50791573,,,,,,0.513727276,hyper,0.22,0.946938776,0.954314721,0.007375945,0.8795256916996048
cg02029926,0.399465749,0.567971628,13.04010163,4.2799999999999995e-34,5.200000000000001e-32,66.28235253,0.204429058,0.603894807,0.399465749,4,74734874,F,II,CXCL1,TSS1500,shore,TSS1500-shore,chr4:74734918-74735544,,,,,,0.483423726,hyper,0.28,0.946721311,0.920634921,-0.026086391,0.886798418972332
cg18516619,0.402575136,0.533353476,14.32831605,7.56e-40,2.5800000000000002e-37,79.45917062,0.16698114,0.569556276,0.402575136,17,78806891,R,II,RPTOR,Body,opensea,Body-opensea,,,True,,,,0.499264643,hyper,0.31,0.946502058,0.885245902,-0.061256156,0.9022924901185772
cg14000361,0.40298381,0.612182869,15.35752576,1.29e-44,1.1099999999999999e-41,90.39220909,0.24543861,0.648422421,0.40298381,6,10882336,F,I,GCM2,TSS1500,shore,TSS1500-shore,chr6:10882926-10883149,,,,,,0.498140837,hyper,0.41,0.946502058,0.93814433,-0.008357728,0.906403162055336
cg25714826,0.37168031,0.529171342,13.28717887,3.5400000000000004e-35,5.17e-33,68.76111835,0.190915521,0.562595831,0.37168031,16,85784062,F,II,C16orf74,5'UTR,island,5'UTR-island,chr16:85783862-85785131,,,,rs13331523,,0.435075761,hyper,0.31,0.946502058,0.872928177,-0.073573881,0.9037154150197628
cg10740054,0.3773535,0.43000548,11.61224272,4.66e-28,2.13e-26,52.4701368,0.086586647,0.463940147,0.3773535,19,18548004,F,II,ISYNA1,Body,island,Body-island,chr19:18543828-18549161,,,,,,0.41493976,hyper,0.1,0.946502058,0.932642487,-0.013859571,0.9187351778656128
cg22260952,0.448151326,0.560729884,16.33324683,2.94e-49,6.54e-46,101.0344681,0.152879937,0.601031263,0.448151326,12,104852446,F,I,CHST11,Body,shore,Body-shore,chr12:104850253-104852395,,,,,,0.532698931,hyper,0.37,0.946280992,0.931937173,-0.014343819,0.919209486166008
cg22178238,0.400404639,0.603977012,17.85422558,1.12e-56,1e-52,118.0573089,0.239579985,0.639984623,0.400404639,7,158362809,F,I,PTPRN2,Body,island,Body-island,chr7:158361909-158362970,,,,rs74714314,,0.500096336,hyper,0.48,0.946280992,0.891304348,-0.054976644,0.9253754940711463
cg00536939,0.409704033,0.514341935,15.37203205,1.1e-44,9.61e-42,90.54857261,0.14148179,0.551185823,0.409704033,11,47279352,R,II,NR1H3,TSS200,opensea,TSS200-opensea,,True,True,,,,0.465295211,hyper,0.27,0.946280992,0.931937173,-0.014343819,0.939604743083004
cg14820199,0.396407419,0.620009157,13.93530785,4.5799999999999996e-38,1.14e-35,75.37491714,0.259249887,0.655657306,0.396407419,4,11429415,R,II,HS3ST1,5'UTR,island,5'UTR-island,chr4:11429414-11429633,,,,,,0.483685543,hyper,0.37,0.944329897,0.914893617,-0.02943628,0.9079841897233201
cg09038676,0.410643148,0.602909829,16.05944319,6.04e-48,1e-44,98.02352112,0.229195022,0.63983817,0.410643148,11,67351608,F,II,GSTP1,Body,island,Body-island,chr11:67350928-67351953,True,,,rs8191444,,0.475132927,hyper,0.45,0.944329897,0.872928177,-0.07140172,0.912094861660079
cg03317517,0.38401096,0.574920763,14.12391369,6.44e-39,1.86e-36,77.32829928,0.225443163,0.609454123,0.38401096,19,20188803,F,II,ZNF90,1stExon,opensea,1stExon-opensea,,True,,low-CpG:20049773-20049820,rs73536227,,0.47229751,hyper,0.33,0.944329897,0.920634921,-0.023694976,0.908616600790514
cg14904662,0.382889816,0.605949558,14.63396762,3e-41,1.3799999999999999e-38,82.67153561,0.257492279,0.640382095,0.382889816,8,41655673,R,I,ANK1,TSS1500,island,TSS1500-island,chr8:41654875-41655984,True,True,,,,0.447454124,hyper,0.39,0.944329897,0.927083333,-0.017246564,0.9199999999999999
cg05306745,0.375457961,0.604337359,14.4752474,1.61e-40,6.32e-38,80.99958852,0.262643604,0.638101565,0.375457961,17,76921845,F,I,TIMP2,TSS1500,island,TSS1500-island,chr17:76920684-76921961,,,,rs8179090,rs36099107,0.436716587,hyper,0.37,0.944329897,0.93814433,-0.006185567,0.9113043478260869
cg03679305,0.398612311,0.51433902,14.16514675,4.18e-39,1.25e-36,77.75700005,0.15157314,0.55018545,0.398612311,1,9129487,F,II,SLC2A5,Body,shelf,Body-shelf,chr1:9131602-9131909,,True,low-CpG:9051939-9052394,,,0.45552062,hyper,0.28,0.944099379,0.932642487,-0.011456892,0.9169960474308301
cg22488256,0.380415353,0.547260828,13.80544888,1.76e-37,3.9e-35,74.03731606,0.201055489,0.581470842,0.380415353,1,66258046,R,II,PDE4B,TSS200,shore,TSS200-shore,chr1:66258440-66258918,,,,,,0.429955349,hyper,0.32,0.944099379,0.931216931,-0.012882448,0.9132015810276681
cg07635623,0.380767812,0.467793041,16.42883398,1.02e-49,2.49e-46,102.0898303,0.121266938,0.50203475,0.380767812,6,2841875,R,I,SERPINB1,5'UTR,island,5'UTR-island,chr6:2841810-2842273,True,,,,,0.433248725,hyper,0.31,0.943866944,0.926315789,-0.017551154,0.9324901185770751
cg10069493,0.461859343,0.579439144,16.99491377,1.84e-52,8.06e-49,108.3818956,0.159113915,0.620973258,0.461859343,10,45914688,R,I,ALOX5,Body,island,Body-island,chr10:45914374-45914883,True,True,,,,0.572644126,hyper,0.36,0.941908714,0.9375,-0.004408714,0.9215810276679842
cg19548479,0.442655104,0.526410017,15.02676679,4.5400000000000015e-43,2.95e-40,86.84337913,0.123562027,0.566217131,0.442655104,17,41363737,R,II,TMEM106A,TSS200,island,TSS200-island,chr17:41363727-41364273,True,,,,,0.536731779,hyper,0.31,0.941908714,0.903225806,-0.038682907,0.9128853754940712
cg23520422,0.388620768,0.58641622,13.98542818,2.72e-38,7.02e-36,75.89279007,0.232743363,0.621364131,0.388620768,12,76423956,F,II,PHLDA1,3'UTR,shore,3'UTR-shore,chr12:76424634-76426316,,,,rs6582328,,0.429394773,hyper,0.38,0.941908714,0.891304348,-0.050604366,0.9184189723320157
cg08730348,0.374805877,0.551456851,15.57595977,1.2e-45,1.26e-42,92.75291826,0.210356539,0.585162416,0.374805877,16,31214307,F,II,PYCARD,TSS200,shore,TSS200-shore,chr16:31213566-31214287,True,,,,,0.423581659,hyper,0.4,0.941908714,0.879120879,-0.062787835,0.9288537549407114
cg25726664,0.370800239,0.535559751,13.62479966,1.13e-36,2.1399999999999997e-34,72.1867671,0.198104858,0.568905096,0.370800239,7,42277807,F,I,GLI3,TSS1500,island,TSS1500-island,chr7:42276003-42277850,,,,,,0.421996148,hyper,0.3,0.941908714,0.9375,-0.004408714,0.9124110671936759
cg15732851,0.400786037,0.550707893,12.13607349,3.16e-30,2.0099999999999999e-28,57.43056628,0.185963766,0.586749803,0.400786037,1,203598761,F,I,ATP2B4,5'UTR,island,5'UTR-island,chr1:203598471-203598853,,,,,,0.519229952,hyper,0.21,0.940451745,0.954773869,0.014322124,0.8692490118577074
cg08076018,0.374996153,0.468374151,11.16838883,2.89e-26,1.03e-24,48.37186104,0.127100674,0.502096826,0.374996153,9,129885080,F,II,ANGPTL2,TSS200,opensea,TSS200-opensea,,,,,,,0.426631499,hyper,0.12,0.940451745,0.922279793,-0.018171953,0.9057707509881423
cg05644921,0.373854113,0.618464019,14.33286601,7.21e-40,2.4800000000000003e-37,79.50676438,0.27822988,0.652083993,0.373854113,4,141489114,R,II,UCP1,Body,shore,Body-shore,chr4:141489962-141490378,,True,,,,0.431338357,hyper,0.4,0.940206186,0.927835052,-0.012371134,0.9019762845849802
cg16786640,0.379878055,0.656338432,13.45875152,6.18e-36,1.03e-33,70.49652217,0.310622073,0.690500128,0.379878055,4,3485263,R,I,DOK7,Body,shore,Body-shore,chr4:3485963-3486381,,,,,,0.465381269,hyper,0.43,0.939958592,0.919786096,-0.020172496,0.8940711462450592
cg00980978,0.434326503,0.537549215,14.21229811,2.55e-39,7.88e-37,78.24794969,0.142280851,0.576607354,0.434326503,20,44098724,R,II,WFDC2,Body,island,Body-island,chr20:44098280-44099536,,True,,,,0.520287603,hyper,0.29,0.93970894,0.909090909,-0.030618031,0.9111462450592885
cg26412532,0.407850797,0.518748398,15.30889551,2.17e-44,1.8e-41,89.86845731,0.14757483,0.555425628,0.407850797,10,103881068,F,II,LDB1,TSS1500,shore,TSS1500-shore,chr10:103879633-103880628,,,,,,0.490481376,hyper,0.33,0.93970894,0.909090909,-0.030618031,0.9203162055335968
cg01799671,0.381307168,0.622732844,13.62335794,1.15e-36,2.17e-34,72.17204677,0.275715889,0.657023057,0.381307168,16,81560752,R,II,CMIP,Body,opensea,Body-opensea,,,True,,,,0.43658401,hyper,0.41,0.93970894,0.91005291,-0.02965603,0.907509881422925
cg16642281,0.371443321,0.607734383,13.33997235,2.07e-35,3.17e-33,69.29389231,0.269694238,0.641137559,0.371443321,4,109034555,F,II,LEF1,Body,opensea,Body-opensea,,,True,,,,0.441525716,hyper,0.39,0.938016529,0.905263158,-0.032753371,0.8928063241106721
cg03789645,0.392325229,0.667770103,15.01961695,4.9000000000000015e-43,3.16e-40,86.76702055,0.31072592,0.703051148,0.392325229,7,148394842,R,II,CUL1,TSS1500,shore,TSS1500-shore,chr7:148395430-148397002,,,,,rs6959365,0.470830665,hyper,0.51,0.937759336,0.885245902,-0.052513434,0.8940711462450593
cg06263461,0.384253485,0.534546658,17.64573131,1.1899999999999999e-55,8.32e-52,115.6971964,0.184848342,0.569101827,0.384253485,20,45280237,F,I,SLC13A3,TSS200,shore,TSS200-shore,chr20:45279781-45280169,,,,,,0.464234377,hyper,0.41,0.937759336,0.926315789,-0.011443547,0.9433992094861658
cg16232979,0.447779549,0.55432619,16.05728139,6.189999999999999e-48,1.02e-44,97.99982126,0.146814586,0.594594135,0.447779549,19,16187631,F,I,TPM4,Body,island,Body-island,chr19:16186789-16188275,,,high-CpG:16048047-16048853,,,0.536382411,hyper,0.39,0.9375,0.942408377,0.004908377,0.9103557312252964
cg06244497,0.429319861,0.526680156,14.54416643,7.77e-41,3.26e-38,81.72457577,0.135968196,0.565288057,0.429319861,19,39466575,F,II,FBXO17,TSS200,shore,TSS200-shore,chr19:39465846-39466403,,True,,,,0.505732424,hyper,0.31,0.9375,0.891304348,-0.046195652,0.9302766798418974
cg14936968,0.39834322,0.553075326,16.40118231,1.38e-49,3.2399999999999998e-46,101.7843133,0.190554338,0.588897558,0.39834322,3,57198533,F,I,IL17RD,Body,island,Body-island,chr3:57198243-57199378,,,,,,0.47717792,hyper,0.42,0.9375,0.897297297,-0.040202703,0.9117786561264822
cg13123964,0.422605377,0.612422871,15.28416439,2.840000000000001e-44,2.29e-41,89.60235922,0.227821575,0.650426952,0.422605377,8,38323238,F,II,FGFR1,5'UTR,shore,5'UTR-shore,chr8:38323719-38324070,,,,,rs12541403,0.476671486,hyper,0.43,0.9375,0.863387978,-0.074112022,0.91098814229249
cg21634602,0.38979035,0.55847866,10.53077795,9.13e-24,2.33e-22,42.6639951,0.203741399,0.593531749,0.38979035,5,112073570,R,II,APC,1stExon,opensea,1stExon-opensea,,True,True,high-CpG:112101462-112101485,,,0.507761097,hyper,0.16,0.936344969,0.943589744,0.007244774,0.8434782608695652
cg21623671,0.406364468,0.56861139,14.298712,1.03e-39,3.44e-37,79.14967405,0.198790489,0.605154957,0.406364468,5,150536851,F,II,ANXA6,5'UTR,shore,5'UTR-shore,chr5:150537019-150537418,,,,,,0.474970587,hyper,0.36,0.935550936,0.909090909,-0.026460026,0.9043478260869565
cg14188232,0.39077112,0.574677122,14.46488626,1.79e-40,6.99e-38,80.89072952,0.21904729,0.60981841,0.39077112,15,68724065,F,II,ITGA11,Body,island,Body-island,chr15:68723367-68724691,True,,,,,0.473818593,hyper,0.4,0.935550936,0.914893617,-0.020657319,0.8937549407114624
cg18108623,0.398384926,0.541016655,12.77020825,6.34e-33,6.26e-31,63.60303406,0.178457712,0.576842638,0.398384926,17,33701321,R,II,SLFN11,TSS1500,island,TSS1500-island,chr17:33700989-33701657,,True,,,,0.46462549,hyper,0.28,0.935550936,0.920634921,-0.014916015,0.8994466403162056
cg04931383,0.386946908,0.636960919,15.41023414,7.259999999999999e-45,6.549999999999999e-42,90.96063673,0.284811394,0.671758303,0.386946908,4,37978731,R,II,TBC1D1,Body,island,Body-island,chr4:37978702-37979595,,,,,,0.457306596,hyper,0.48,0.935281837,0.903225806,-0.032056031,0.9054545454545455
cg01643123,0.383717394,0.53153972,13.73494263,3.64e-37,7.580000000000001e-35,73.31363042,0.182329286,0.56604668,0.383717394,12,63207179,R,I,PPM1H,Body,opensea,Body-opensea,,True,,,,,0.427052954,hyper,0.31,0.935281837,0.9375,0.002218163,0.915098814229249
cg07251099,0.378065431,0.499083257,12.41750753,2.0500000000000003e-31,1.57e-29,60.14809726,0.155016516,0.533081947,0.378065431,3,112052405,F,II,CD200,Body,island,Body-island,chr3:112051893-112052406,,,,,,0.450854847,hyper,0.28,0.933333333,0.89010989,-0.043223443,0.8991304347826088
cg04294888,0.485245566,0.605763214,14.98587225,7.04e-43,4.36e-40,86.40684213,0.16415484,0.649400406,0.485245566,22,28839249,F,II,TTC28,Body,opensea,Body-opensea,,,,,,,0.587219031,hyper,0.38,0.933054393,0.897297297,-0.035757096,0.9188932806324112
cg06126713,0.432175254,0.608194266,14.45837469,1.9199999999999998e-40,7.45e-38,80.82233386,0.214883692,0.647058947,0.432175254,7,16505617,R,II,SOSTDC1,TSS200,opensea,TSS200-opensea,,,,,,,0.529939612,hyper,0.38,0.933054393,0.913978495,-0.019075899,0.9056126482213438
cg02156680,0.430787277,0.531705566,14.11790526,6.85e-39,1.98e-36,77.26587856,0.139658151,0.570445429,0.430787277,8,120651317,R,II,ENPP2,TSS1500,opensea,TSS1500-opensea,,True,True,,,,0.518424761,hyper,0.28,0.933054393,0.914893617,-0.018160776,0.9127272727272727
cg07100000,0.39308665,0.582334602,15.3894824,9.09e-45,8.13e-42,90.73674873,0.22459747,0.617684121,0.39308665,5,170877840,F,II,FGF18,Body,island,Body-island,chr5:170877798-170878210,,,,,,0.483222542,hyper,0.41,0.933054393,0.897297297,-0.035757096,0.9070355731225297
cg10541755,0.404856435,0.549163219,15.22606734,5.32e-44,4.05e-41,88.977945,0.180714737,0.585571172,0.404856435,3,170625872,R,II,EIF5A2,5'UTR,island,5'UTR-island,chr3:170625831-170626841,,,,,,0.471703635,hyper,0.35,0.933054393,0.909090909,-0.023963484,0.9285375494071146
cg13804182,0.373157942,0.437508435,12.2508265,1.04e-30,7.15e-29,58.53431391,0.097907862,0.471065804,0.373157942,6,30711796,R,II,FLOT1,TSS1500,island,TSS1500-island,chr6:30710307-30712440,,,,,,0.411114858,hyper,0.21,0.933054393,0.879120879,-0.053933514,0.9144664031620554
cg06947913,0.381894179,0.489870477,13.32328342,2.45e-35,3.7e-33,69.12535565,0.1423193,0.524213479,0.381894179,12,50297793,R,I,FAIM2,TSS200,island,TSS200-island,chr12:50297580-50297988,True,True,,,,0.505495947,hyper,0.21,0.931106472,0.9375,0.006393528,0.8999209486166008
cg23477967,0.417470394,0.525123241,13.21945486,7.030000000000001e-35,9.71e-33,68.07927109,0.145195148,0.562665542,0.417470394,2,188419087,F,II,TFPI,1stExon,opensea,1stExon-opensea,,,True,,,,0.480479799,hyper,0.25,0.931106472,0.909090909,-0.022015563,0.9027667984189723
cg12507655,0.377698772,0.562152741,14.84368748,3.22e-42,1.74e-39,84.89300248,0.218419685,0.596118458,0.377698772,7,100465051,R,I,TRIP6,1stExon,shore,1stExon-shore,chr7:100463758-100464146,,,,,,0.451066941,hyper,0.38,0.931106472,0.926315789,-0.004790682,0.9168379446640316
cg09651145,0.422567793,0.596595116,16.27370258,5.68e-49,1.19e-45,100.3781373,0.212028024,0.634595817,0.422567793,5,148651144,R,II,AFAP1L1,TSS1500,island,TSS1500-island,chr5:148650920-148651772,True,,,,,0.513821145,hyper,0.42,0.93081761,0.885245902,-0.045571708,0.9190513833992096
cg18844382,0.4102668,0.533370037,17.88650517,7.740000000000002e-57,7.67e-53,118.42338,0.159997734,0.570264534,0.4102668,14,23834977,F,I,EFS,TSS200,island,TSS200-island,chr14:23834435-23835947,,,high-CpG:22904163-22905667,,,0.484000353,hyper,0.44,0.93081761,0.866666667,-0.064150943,0.9176284584980237
cg05769889,0.398876408,0.543938469,13.39435553,1.19e-35,1.89e-33,69.84384231,0.180932242,0.57980865,0.398876408,12,89744701,R,I,DUSP6,Body,shore,Body-shore,chr12:89745168-89748144,,,low-CpG:88268599-88268847,,rs61754239,0.47815569,hyper,0.34,0.93081761,0.879120879,-0.051696731,0.9002371541501976
cg20104456,0.394128198,0.648747553,15.35760742,1.28e-44,1.1099999999999999e-41,90.39308912,0.290062539,0.684190737,0.394128198,19,51568523,R,II,KLK13,TSS200,shore,TSS200-shore,chr19:51568154-51568412,,True,,,,0.442406781,hyper,0.47,0.93081761,0.872928177,-0.057889433,0.9263241106719368
cg20162652,0.375544757,0.557521277,10.78642148,9.33e-25,2.7e-23,44.92627342,0.215748531,0.591293287,0.375544757,12,66629018,R,II,IRAK3,Body,opensea,Body-opensea,,,,,,,0.452482389,hyper,0.25,0.929166667,0.919786096,-0.00938057,0.8681422924901186
cg21919857,0.462558015,0.638629273,17.12268461,4.39e-53,2.1400000000000002e-49,109.8115291,0.217668201,0.680226216,0.462558015,5,180018102,R,II,SCGB3A1,Body,island,Body-island,chr5:180017099-180019062,,True,,,,0.564267502,hyper,0.52,0.926315789,0.866666667,-0.059649123,0.9106719367588932
cg15410675,0.415406122,0.627036834,13.90574682,6.23e-38,1.5e-35,75.0698941,0.248987377,0.664393499,0.415406122,4,154144800,F,II,TRIM2,Body,shore,Body-shore,chr4:154143932-154144463,,True,,,,0.509137734,hyper,0.44,0.926315789,0.847457627,-0.078858162,0.8972332015810276
cg03306374,0.408407254,0.497324435,13.19428172,9.06e-35,1.23e-32,67.82628901,0.125644451,0.534051706,0.408407254,16,23847325,R,I,PRKCB,1stExon,island,1stExon-island,chr16:23846941-23848102,True,,high-CpG:23754772-23755017,,,0.455578331,hyper,0.23,0.926315789,0.903225806,-0.023089983,0.9010276679841898
cg13782615,0.39521106,0.568409374,13.98068659,2.86e-38,7.35e-36,75.84375905,0.208738877,0.603949937,0.39521106,11,4079556,F,II,STIM1,Body,opensea,Body-opensea,,,True,,,,0.455359693,hyper,0.4,0.926315789,0.898395722,-0.027920068,0.9029249011857708
cg06274159,0.381355554,0.529581917,11.66106825,2.94e-28,1.39e-26,52.92694652,0.182520927,0.563876482,0.381355554,4,188916867,R,II,ZFP42,TSS200,island,TSS200-island,chr4:188916605-188916876,,,,,,0.431084302,hyper,0.27,0.926315789,0.909090909,-0.01722488,0.8902766798418972
cg08421126,0.391410063,0.58952271,10.9789372,1.64e-25,5.2299999999999995e-24,46.65325629,0.233311394,0.624721457,0.391410063,2,43019854,R,II,HAAO,TSS200,island,TSS200-island,chr2:43019665-43020509,,,high-CpG:42873185-42873845,,,0.475001655,hyper,0.23,0.925,0.926315789,0.001315789,0.867193675889328
cg07834955,0.400619607,0.44947921,12.24033781,1.15e-30,7.840000000000001e-29,58.43318055,0.084886546,0.485506153,0.400619607,10,99531879,F,I,SFRP5,TSS200,island,TSS200-island,chr10:99531025-99531968,True,,,,,0.430652495,hyper,0.16,0.924050633,0.909090909,-0.014959724,0.9386561264822135
cg22855020,0.370458172,0.612461802,13.66108642,7.780000000000001e-37,1.5299999999999999e-34,72.55751741,0.275318214,0.645776386,0.370458172,8,42356731,F,II,SLC20A2,5'UTR,opensea,5'UTR-opensea,,,True,,,,0.425722752,hyper,0.44,0.924050633,0.891304348,-0.032746285,0.9094071146245059
cg13273396,0.423531102,0.561323882,13.49964233,4.0700000000000004e-36,6.98e-34,70.91179127,0.17588011,0.599411212,0.423531102,12,81471867,R,II,ACSS3,1stExon,island,1stExon-island,chr12:81471569-81472119,,,high-CpG:79995927-79996052,,,0.483213512,hyper,0.34,0.921775899,0.872928177,-0.048847722,0.9090909090909091
cg20486569,0.396307054,0.636266014,15.47364674,3.65e-45,3.51e-42,91.64553262,0.275598083,0.671905137,0.396307054,22,19512228,F,II,CLDN5,1stExon,island,1stExon-island,chr22:19510871-19512254,,,,,,0.456408755,hyper,0.5,0.921775899,0.872928177,-0.048847722,0.9184189723320159
cg11142705,0.372960164,0.482327575,13.36113555,1.67e-35,2.59e-33,69.507769,0.142906995,0.515867158,0.372960164,3,42306974,R,II,CCK,TSS1500,island,TSS1500-island,chr3:42306149-42307520,,,,,,0.45486913,hyper,0.31,0.919831224,0.860335196,-0.059496028,0.9021343873517786
cg06679087,0.376262158,0.540485243,13.28982546,3.4500000000000004e-35,5.05e-33,68.7878009,0.198059609,0.574321768,0.376262158,10,99473206,R,I,MARVELD1,TSS1500,island,TSS1500-island,chr10:99473084-99473291,,,,,,0.454109165,hyper,0.32,0.919831224,0.913978495,-0.005852729,0.9013438735177866
cg14616251,0.40401107,0.581737678,14.91609077,1.49e-42,8.53e-40,85.66310999,0.214058538,0.618069609,0.40401107,1,24648696,R,II,GRHL3,TSS1500,island,TSS1500-island,chr1:24648202-24648985,True,,,,,0.494668251,hyper,0.42,0.919491525,0.872928177,-0.046563349,0.9040316205533596
cg23267759,0.391573087,0.545523498,14.86927627,2.45e-42,1.35e-39,85.16499047,0.189163817,0.580736905,0.391573087,18,19751335,F,I,GATA6,Body,island,Body-island,chr18:19744936-19752363,,True,,,,0.490247286,hyper,0.4,0.919491525,0.866666667,-0.052824859,0.9146245059288538
cg07302069,0.426054807,0.5203073,12.93235538,1.26e-33,1.41e-31,65.20911249,0.132566774,0.558621581,0.426054807,7,27196286,F,I,HOXA7,5'UTR,island,5'UTR-island,chr7:27195601-27196567,True,,high-CpG:27162728-27162853,,,0.4867648,hyper,0.28,0.919491525,0.931937173,0.012445647,0.908616600790514
cg00744866,0.375395642,0.543952058,11.57609422,6.55e-28,2.9300000000000003e-26,52.13268451,0.202315017,0.577710659,0.375395642,3,33701209,F,II,CLASP2,Body,opensea,Body-opensea,,,True,,,,0.426153061,hyper,0.29,0.919491525,0.926315789,0.006824264,0.9029249011857707
cg21899596,0.374236505,0.702887738,14.87442241,2.32e-42,1.28e-39,85.21971399,0.362305595,0.736542099,0.374236505,4,57522493,R,II,HOPX,1stExon,island,1stExon-island,chr4:57521621-57522703,True,,high-CpG:57216994-57217416,,,0.452014716,hyper,0.6,0.917894737,0.872928177,-0.04496656,0.8720948616600791
cg06716182,0.389999041,0.495744692,11.29266781,9.2e-27,3.4899999999999998e-25,49.50934901,0.140817507,0.530816548,0.389999041,11,96074944,F,II,MAML2,1stExon,opensea,1stExon-opensea,,,True,,,,0.458055593,hyper,0.18,0.917547569,0.903225806,-0.014321762,0.8902766798418972
cg14619259,0.37808919,0.471006768,12.28613145,7.380000000000001e-31,5.2e-29,58.87509364,0.126918404,0.505007594,0.37808919,5,141705539,F,I,SPRY4,TSS1500,island,TSS1500-island,chr5:141705391-141705688,,,,,,0.436728677,hyper,0.26,0.917547569,0.909090909,-0.00845666,0.9038735177865613
cg20118643,0.437301406,0.603430351,14.83126488,3.68e-42,1.97e-39,84.76103318,0.205454611,0.642756017,0.437301406,15,60690852,R,II,ANXA2,TSS1500,island,TSS1500-island,chr15:60690708-60690930,,,,,,0.527310516,hyper,0.45,0.917197452,0.872928177,-0.044269275,0.8958102766798419
cg13940444,0.386106097,0.630489489,15.17239219,9.49e-44,6.85e-41,88.40192301,0.279105164,0.665211261,0.386106097,12,53617382,R,II,RARG,Body,shelf,Body-shelf,chr12:53613716-53615103,True,True,,,,0.463473039,hyper,0.5,0.917197452,0.913043478,-0.004153974,0.9029249011857707
cg02032778,0.409746377,0.530437612,10.80665716,7.77e-25,2.28e-23,45.10686626,0.157538931,0.567285308,0.409746377,7,29186228,F,II,CPVL,TSS200,opensea,TSS200-opensea,,,True,,rs245880,,0.456113385,hyper,0.2,0.917197452,0.89010989,-0.027087562,0.8613438735177866
cg09235583,0.371606502,0.478473078,12.30237529,6.299999999999999e-31,4.4800000000000004e-29,59.03207502,0.140284426,0.511890928,0.371606502,6,30711141,F,II,IER3,3'UTR,island,3'UTR-island,chr6:30710307-30712440,,,,,,0.401576171,hyper,0.27,0.917197452,0.885245902,-0.031951551,0.9162055335968379
cg21799346,0.388708471,0.49078097,13.54312439,2.61e-36,4.61e-34,71.35407303,0.137028297,0.525736768,0.388708471,11,2905372,R,I,CDKN1C,Body,island,Body-island,chr11:2905023-2907024,,,,,rs68019446,0.476757335,hyper,0.3,0.914893617,0.931937173,0.017043556,0.9226877470355732
cg21883802,0.384787581,0.505551574,14.27291143,1.35e-39,4.390000000000001e-37,78.88018162,0.155367194,0.540154774,0.384787581,14,92413706,R,I,FBLN5,5'UTR,island,5'UTR-island,chr14:92413581-92414324,True,,,,,0.472369481,hyper,0.35,0.914893617,0.879120879,-0.035772738,0.9128853754940711
cg09489281,0.373999209,0.461284721,10.72717358,1.5899999999999999e-24,4.47e-23,44.39878981,0.120918534,0.494917743,0.373999209,5,43604149,R,I,NNT,5'UTR,shore,5'UTR-shore,chr5:43602977-43603650,True,,,,,0.420882956,hyper,0.19,0.914893617,0.948453608,0.033559991,0.8943873517786561
cg23083315,0.377832241,0.431588919,12.40291151,2.36e-31,1.7900000000000001e-29,60.00628627,0.087734398,0.465566638,0.377832241,11,35639656,R,I,FJX1,TSS200,island,TSS200-island,chr11:35639629-35641485,,,,,,0.416856955,hyper,0.2,0.914529915,0.936842105,0.022312191,0.9163636363636364
cg01163842,0.375281479,0.651506794,14.80427844,4.9e-42,2.59e-39,84.47451171,0.309973649,0.685255128,0.375281479,14,95235125,F,I,GSC,Body,island,Body-island,chr14:95234612-95236569,True,True,,,,0.408227422,hyper,0.56,0.913684211,0.880434783,-0.033249428,0.8621343873517787
cg09025324,0.371570756,0.547645571,13.08560032,2.71e-34,3.41e-32,66.73697542,0.209489451,0.581060207,0.371570756,6,116691685,R,II,DSE,TSS1500,shore,TSS1500-shore,chr6:116691827-116692868,,,,,,0.436608412,hyper,0.38,0.912579957,0.882681564,-0.029898393,0.8983399209486166
cg00397324,0.390312992,0.437394688,12.47737248,1.14e-31,9.12e-30,60.73071171,0.082181785,0.472494777,0.390312992,21,42798594,F,I,MX1,5'UTR,island,5'UTR-island,chr21:42798146-42798884,True,True,,,,0.420003414,hyper,0.22,0.912205567,0.926315789,0.014110222,0.9247430830039527
cg20601919,0.425405436,0.593147991,10.99105428,1.46e-25,4.72e-24,46.76261313,0.20599844,0.631403876,0.425405436,2,219646831,F,I,CYP27A1,5'UTR,island,5'UTR-island,chr2:219646432-219647181,True,,high-CpG:219354692-219355323,,,0.505606056,hyper,0.22,0.908704883,0.866666667,-0.042038217,0.8553359683794466
cg18726691,0.379444611,0.623043185,14.48052482,1.52e-40,6e-38,81.05504901,0.277721291,0.657165902,0.379444611,15,90039613,R,II,RHCG,1stExon,island,1stExon-island,chr15:90039464-90039984,True,True,,,,0.447694587,hyper,0.52,0.905982906,0.872928177,-0.033054729,0.9002371541501977
cg08320659,0.370388283,0.465447439,10.08297577,4.55e-22,9.54e-21,38.78936636,0.128367455,0.498755738,0.370388283,6,26088202,R,II,HFE,Body,opensea,Body-opensea,,True,True,,,,0.450968583,hyper,0.19,0.901709402,0.885245902,-0.0164635,0.8782608695652174
cg24167314,0.402137505,0.543795374,11.54956186,8.4e-28,3.7e-26,51.88540932,0.177821313,0.579958818,0.402137505,12,103311500,R,II,PAH,TSS200,shore,TSS200-shore,chr12:103311040-103311253,,True,,,,0.480435474,hyper,0.34,0.898488121,0.847457627,-0.051030494,0.8733596837944666
cg05102394,0.380603779,0.548771802,14.15018782,4.8899999999999997e-39,1.45e-36,77.60140405,0.202394981,0.582998761,0.380603779,4,148402899,R,II,EDNRA,Body,shore,Body-shore,chr4:148402198-148402760,,True,,,,0.424158193,hyper,0.43,0.898047722,0.882681564,-0.015366158,0.9313833992094863
cg11863717,0.380653389,0.515054209,12.12755974,3.43e-30,2.17e-28,57.34891655,0.16863224,0.549285629,0.380653389,10,73725041,R,I,CHST3,5'UTR,shore,5'UTR-shore,chr10:73723711-73724770,True,,,,,0.400845118,hyper,0.34,0.893709328,0.863636364,-0.030072964,0.9073517786561265
cg13506653,0.370669118,0.478476884,9.47508617,7.64e-20,1.25e-18,33.71778261,0.141141319,0.511810437,0.370669118,4,54965863,F,I,GSX2,TSS1500,shore,TSS1500-shore,chr4:54966163-54968063,True,,,,,0.450021229,hyper,0.17,0.889848812,0.913978495,0.024129683,0.8505928853754942
cg20072171,0.386960506,0.520686004,12.43537568,1.7200000000000002e-31,1.33e-29,60.3218275,0.168524105,0.555484611,0.386960506,3,62356962,R,I,FEZF2,Body,island,Body-island,chr3:62356773-62357315,,,,,,0.445741834,hyper,0.37,0.886462882,0.903225806,0.016762924,0.9013438735177867
cg20640433,0.371490234,0.488143714,10.23884337,1.18e-22,2.6500000000000007e-21,40.12503128,0.150060875,0.521551109,0.371490234,6,129204206,R,II,LAMA2,TSS200,opensea,TSS200-opensea,,True,True,,,,0.418918456,hyper,0.25,0.886462882,0.913978495,0.027515613,0.8724110671936759
cg23376821,0.374958668,0.462962078,10.64848264,3.2099999999999997e-24,8.689999999999999e-23,43.70115677,0.121722715,0.496681383,0.374958668,6,45391365,R,II,RUNX2,Body,island,Body-island,chr6:45389420-45391646,True,,,,,0.434717826,hyper,0.25,0.88209607,0.807017544,-0.075078526,0.8942292490118577
