CpG,logFC,AveExpr,t,P.Value,adj.P.Val,B,Normal_AVG,Tumor_AVG,deltaBeta,CHR,MAPINFO,Strand,Type,gene,feature,cgi,feat.cgi,UCSC_CpG_Islands_Name,DHS,Enhancer,Phantom,Probe_SNPs,Probe_SNPs_10,dbeta
cg05399607,-0.257676269184824,0.577396418351536,-9.42990463592989,1.10768038986563e-19,1.7878621120190497e-18,33.3498248913167,0.811900361170818,0.554224091985995,-0.257676269184824,7,34874533,R,II,AAA1,TSS1500,opensea,TSS1500-opensea,,,,,,,-0.292606965398435
cg15211996,-0.272848190171158,0.544702915982683,-11.2222411515469,1.76246467961781e-26,6.437359464035111e-25,48.8637825103044,0.793014398404637,0.520166208233479,-0.272848190171158,1,2936768,R,II,ACTRT2,TSS1500,shore,TSS1500-shore,chr1:2938633-2939043,,,,,,-0.2866032039284077
cg16642695,-0.221576914823104,0.407100788481621,-10.6388340795248,3.49598420305794e-24,9.418552972725672e-23,43.6158507080687,0.608751721755885,0.387174806932781,-0.221576914823104,8,67343633,F,II,ADHFE1,TSS1500,shore,TSS1500-shore,chr8:67344497-67344989,,,,,,-0.260492620570088
cg06118116,-0.262934063486799,0.568513140603311,-12.0584677331168,6.67015556734289e-30,4.02848912379553e-28,56.687533964311,0.807802054495973,0.544867991009174,-0.262934063486799,2,228336171,F,II,AGFG1,TSS1500,shore,TSS1500-shore,chr2:228336752-228337875,,,,,,-0.2989147844162932
cg07195224,-0.24670351097695,0.518860485629508,-11.2476855681797,1.39374796407895e-26,5.16433519970768e-25,49.096726364436,0.743378429072561,0.49667491809561,-0.246703510976951,1,159047034,F,II,AIM2,TSS1500,opensea,TSS1500-opensea,,,,,,,-0.2716095361865184
cg13121732,-0.247966840702881,0.438370926686012,-11.3982724347717,3.45154934338233e-27,1.39203486355827e-25,50.4820985009244,0.664038591066691,0.416071750363811,-0.24796684070288,14,105260250,F,II,AKT1,TSS1500,shore,TSS1500-shore,chr14:105261334-105261624,,True,,,,-0.2918941369612982
cg23191950,-0.199433254166468,0.557514658268753,-7.44237649071834,3.78927474656502e-13,3.18608608104216e-12,18.5036811468265,0.739013267276366,0.539580013109898,-0.199433254166468,15,101419074,R,II,ALDH1A3,TSS1500,shore,TSS1500-shore,chr15:101419261-101421133,,,,,,-0.2405555692158943
cg08421983,-0.225846169519897,0.516049784538412,-10.3994225348979,2.90782022986717e-23,6.99626828841891e-22,41.5156419336894,0.721586046727384,0.495739877207486,-0.225846169519897,3,183892060,R,II,AP2M1,TSS1500,shore,TSS1500-shore,chr3:183892455-183893184,,,,,,-0.2688654901070775
cg05919685,-0.273359347666042,0.400391755294958,-10.920039659453,2.79145629593282e-25,8.64898547036243e-24,46.1228115586422,0.649168427811176,0.375809080145134,-0.273359347666042,1,159556997,F,II,APCS,TSS1500,opensea,TSS1500-opensea,,,,,,,-0.3193041089372402
cg11287647,-0.26489261175214,0.615451751671718,-9.14177014139643,1.1521588074058e-18,1.66794129426289e-17,31.0334522050262,0.856523085388593,0.591630473636453,-0.26489261175214,7,12725352,F,II,ARL4A,TSS1500,shore,TSS1500-shore,chr7:12726156-12727248,,,,,,-0.2790416984249839
cg23339656,-0.243648916650492,0.501149221817721,-10.5126915266851,1.07152198855411e-23,2.71713058644526e-22,42.5053053031577,0.722887264668708,0.479238348018216,-0.243648916650492,2,234159882,R,II,ATG16L1,TSS1500,shore,TSS1500-shore,chr2:234160100-234160735,,,,,,-0.279571553255133
cg20006729,-0.228325296334698,0.592321646048862,-8.9194839411739,6.77168024866421e-18,9.06920600907341e-17,29.2827628816972,0.800114091993749,0.571788795659051,-0.228325296334698,12,7033146,F,II,ATN1,TSS1500,shelf,TSS1500-shelf,chr12:7036955-7037924,,,,rs7310420,,-0.2585810434181708
cg23678565,-0.243786958739451,0.531961691698263,-11.0106713572984,1.22511651343856e-25,3.98387896912572e-24,46.9398215531369,0.753825362781288,0.510038404041838,-0.24378695873945,20,52688442,R,II,BCAS1,TSS1500,opensea,TSS1500-opensea,,,,,,,-0.2910618525567807
cg03276883,-0.292643291812108,0.316205185633519,-13.0399128467707,4.28825939601884e-34,5.20240124501537e-32,66.2804679406369,0.582531634656769,0.289888342844661,-0.292643291812108,4,104021583,F,II,BDH2,TSS1500,opensea,TSS1500-opensea,,,,,,,-0.3247693076730159
cg19750606,-0.246098649316828,0.60451157347427,-10.7315141606578,1.52684699416471e-24,4.30848689948795e-23,44.4373693181014,0.828479049291384,0.582380399974555,-0.246098649316829,22,32854329,R,II,BPIL2,TSS1500,opensea,TSS1500-opensea,,,,,,,-0.2767136526256328
cg11623855,-0.292800112967225,0.438640901208791,-15.4392802088535,5.30025081975e-45,4.94784332417878e-42,91.2742135943136,0.705110068765295,0.412309955798069,-0.292800112967226,11,33563720,R,II,C11orf41,TSS200,opensea,TSS200-opensea,,,,,,rs78716240,-0.3445789753612776
cg23895722,-0.212113352325308,0.469254273236362,-10.6154618796301,4.30507396037759e-24,1.1468562167284e-22,43.4094214522131,0.662292683805797,0.450179331480489,-0.212113352325307,11,128776112,F,II,C11orf45,TSS1500,opensea,TSS1500-opensea,,True,,low-CpG:128281319-128281382,,,-0.2391612915731609
cg14933439,-0.249759600661825,0.525848974710048,-11.3141788683769,7.53580012200006e-27,2.89788989563225e-25,49.7070345363315,0.753148179628903,0.503388578967078,-0.249759600661825,16,49407794,R,II,C16orf78,TSS200,opensea,TSS200-opensea,,,,,,,-0.2782025412745172
cg05202804,-0.219114162506978,0.366207996531151,-11.1168463152659,4.64343198502864e-26,1.60190951850316e-24,47.9024416203179,0.565617648021314,0.346503485514336,-0.219114162506978,19,11484815,F,II,C19orf39,TSS1500,shore,TSS1500-shore,chr19:11485286-11485769,,,,,,-0.2396972523609666
cg18839416,-0.239640608709697,0.464721410318549,-10.9876798044748,1.5103684677221302e-25,4.85191844760826e-24,46.7321506269173,0.682811604575935,0.443170995866238,-0.239640608709697,1,12805849,F,II,C1orf158,TSS1500,opensea,TSS1500-opensea,,,,,rs13375904,,-0.2824760548347817
cg19378216,-0.230640889176189,0.580833146919137,-10.5318199058038,9.04649126489977e-24,2.3117343066917697e-22,42.6731427628666,0.790732948939194,0.560092059763005,-0.230640889176189,20,31870775,F,II,C20orf114,TSS200,opensea,TSS200-opensea,,,,,,,-0.2620731983130702
cg10908188,-0.275993515178366,0.543144397491894,-11.0119531216416,1.2108935589177802e-25,3.94069386965971e-24,46.9514072655704,0.794318351952782,0.518324836774415,-0.275993515178366,3,56717798,R,II,C3orf63,TSS1500,shore,TSS1500-shore,chr3:56716492-56717658,,,,,,-0.3056171403125546
cg21760990,-0.23079069435536,0.454310468708599,-9.14099603841281,1.15935007589822e-18,1.678028990856e-17,31.0273001043204,0.664346604219053,0.433555909863692,-0.23079069435536,6,121656542,F,II,C6orf170,TSS1500,shore,TSS1500-shore,chr6:121655615-121656022,,,,,,-0.2465626690386005
cg23348723,-0.333587555241055,0.546178900265759,-10.5724941312518,6.30751587495451e-24,1.64500451281613e-22,43.0307042635098,0.849767574639813,0.516180019398758,-0.333587555241055,7,31725748,F,II,C7orf16,TSS1500,opensea,TSS1500-opensea,,,,,,,-0.3577674211709799
cg04721098,-0.250525744873738,0.496946504486826,-10.6345485546343,3.63209202513948e-24,9.76705632821729e-23,43.5779773813839,0.724942955756811,0.474417210883073,-0.250525744873738,16,24265703,R,II,CACNG3,TSS1500,shore,TSS1500-shore,chr16:24267040-24267527,,,,,,-0.2800182204106776
cg06203976,-0.218900442567237,0.662743716948504,-7.536964993869,1.96935024622869e-13,1.7018017902434e-12,19.1473083601153,0.861958867917967,0.643058425350731,-0.218900442567237,1,159140445,F,II,CADM3,TSS1500,shore,TSS1500-shore,chr1:159141202-159141718,,,,,,-0.2626567832617676
cg15102821,-0.235973518517571,0.402495935454876,-11.6412282398523,3.54642006722139e-28,1.65346506554594e-26,52.7411838560116,0.617248813817989,0.381275295300418,-0.235973518517571,1,1844801,F,II,CALML6,TSS1500,opensea,TSS1500-opensea,,,,,,,-0.2670632357573029
cg01566170,-0.228071216212755,0.508639505481639,-10.0537563630828,5.85387211164036e-22,1.2106959635842e-20,38.5405486814921,0.716200720236414,0.488129504023658,-0.228071216212756,1,223899746,R,II,CAPN2,TSS1500,shore,TSS1500-shore,chr1:223899990-223900823,,,,,rs77566879,-0.2412833778187753
cg10825847,-0.239960041530837,0.620905298760076,-8.6859120912284,4.20797604320313e-17,5.19718196760747e-16,27.4780835195879,0.839286199865479,0.599326158334641,-0.239960041530837,11,104894216,R,II,CASP5,TSS1500,opensea,TSS1500-opensea,,,,,,,-0.2814562943052271
cg20608990,-0.319319044252083,0.575001689436991,-11.2722082201263,1.11123744931681e-26,4.17301941126205e-25,49.321544946175,0.865604992299499,0.546285948047415,-0.319319044252083,2,202097607,F,II,CASP8,TSS1500,opensea,TSS1500-opensea,,,True,,,,-0.3622230196273863
cg14894216,-0.247152461584488,0.493700445530405,-10.4044599600612,2.7819597037614e-23,6.70846195983308e-22,41.5595023507125,0.718626966324921,0.471474504740433,-0.247152461584488,11,65794352,R,II,CATSPER1,TSS1500,opensea,TSS1500-opensea,,,,,,,-0.2803358726261576
cg21307628,-0.262000000483609,0.554986385772,-11.5324414815865,9.85882653985103e-28,4.3053978130041e-26,51.7260357450833,0.793425235132983,0.531425234649374,-0.262000000483609,3,112360952,F,II,CCDC80,TSS1500,opensea,TSS1500-opensea,,,,,,,-0.2956382767433412
cg01387036,-0.254034678666363,0.488365565249947,-12.1241067004997,3.54384988102954e-30,2.2373117041327693e-28,57.315810200432,0.719555398712501,0.465520720046137,-0.254034678666364,17,32690255,R,II,CCL1,TSS200,opensea,TSS200-opensea,,,,,,rs41486446,-0.284967865047236
cg16764236,-0.241030979022914,0.632592733381698,-9.26337505485524,4.31505139552221e-19,6.53520092694216e-18,32.0046491523435,0.851948264650752,0.610917285627839,-0.241030979022913,17,32611290,R,II,CCL11,TSS1500,opensea,TSS1500-opensea,,,,,,,-0.2760412932035125
cg05281206,-0.288751672082234,0.617383947138967,-10.6210870841175,4.0947957649985e-24,1.09385971793741e-22,43.4590772572981,0.880168742235388,0.591417070153154,-0.288751672082234,17,32682770,F,II,CCL13,TSS1500,opensea,TSS1500-opensea,,,True,,,,-0.3331965884703328
cg01520122,-0.275885187205427,0.651267631038896,-9.39444220139233,1.4818303597314e-19,2.3605690653910498e-18,33.061910908183,0.90234299925103,0.626457812045602,-0.275885187205427,17,32595801,F,II,CCL7,TSS1500,opensea,TSS1500-opensea,,,,,rs36231836,,-0.3265478224574121
cg06083483,-0.276573214868816,0.416606965469173,-11.8029278741014,7.677645386571498e-29,3.94693711759379e-27,54.2607366502393,0.668308488353383,0.391735273484567,-0.276573214868815,17,32646006,R,II,CCL8,TSS200,opensea,TSS200-opensea,,,,,,,-0.2967258148541012
cg16993682,-0.267598640154734,0.41441166994049,-10.2475685587719,1.09641815412976e-22,2.46196724169981e-21,40.2002134660682,0.657945684182028,0.390347044027294,-0.267598640154734,1,158259268,F,II,CD1C,TSS1500,opensea,TSS1500-opensea,,,,,,,-0.3031874759148478
cg13765621,-0.217551224690099,0.385089517904135,-9.55244912176863,4.02822000141465e-20,6.81554533677624e-19,34.350765329146,0.58307678353937,0.36552555884927,-0.2175512246901,1,158149228,F,II,CD1D,TSS1500,shore,TSS1500-shore,chr1:158150620-158151503,,,,,,-0.2382908376192672
cg03761113,-0.240609608430993,0.518360879732996,-9.97456298670473,1.15346463319626e-21,2.30561161644758e-20,37.8686939040308,0.737332933448972,0.496723325017979,-0.240609608430993,1,157811724,F,II,CD5L,TSS200,opensea,TSS200-opensea,,,,,,,-0.274720341408237
cg19718360,-0.231938406433445,0.557932990643086,-9.10942241945389,1.49380034250263e-18,2.13760044827387e-17,30.7767000868745,0.769013626713811,0.537075220280366,-0.231938406433445,1,160550647,R,II,CD84,TSS1500,opensea,TSS1500-opensea,,,,,,,-0.268182425919284
cg09857273,-0.276854830505091,0.584478151558129,-10.6520323536092,3.10783321599845e-24,8.42957746953638e-23,43.7325537693052,0.836435964931468,0.559581134426376,-0.276854830505092,8,95230984,R,II,CDH17,TSS1500,opensea,TSS1500-opensea,,,,,,,-0.3071614681188065
cg00921682,-0.237916706114167,0.539271393029236,-9.63276207309759,2.06567395037227e-20,3.60159831533485e-19,35.0117855169913,0.755792711902921,0.517876005788753,-0.237916706114168,19,42081255,R,II,CEACAM21,TSS1500,opensea,TSS1500-opensea,,,,,,,-0.2713315568308782
cg21049958,-0.21192925334122,0.491782414009421,-9.24354577318052,5.067696250031412e-19,7.606801531113859e-18,31.8456400249169,0.684653281258805,0.472724027917584,-0.211929253341221,19,42134128,R,II,CEACAM4,TSS1500,opensea,TSS1500-opensea,,,,,,,-0.2388674255697661
cg18119407,-0.232581039928864,0.462006410371969,-11.3211226085289,7.06620114394989e-27,2.7270621679931e-25,49.7708973287372,0.673671889156151,0.441090849227287,-0.232581039928863,2,201980504,R,II,CFLAR,TSS1500,shore,TSS1500-shore,chr2:201981062-201981689,,,,,,-0.2561800923540741
cg14909213,-0.230660238244861,0.626556583093221,-8.82063796404288,1.47341359223854e-17,1.90378335096888e-16,28.5146270855146,0.836473994157789,0.605813755912928,-0.230660238244861,12,8694468,R,II,CLEC4E,TSS1500,opensea,TSS1500-opensea,,,,,,,-0.2711550117245393
cg00374101,-0.229508162810645,0.709104150687243,-8.31458631881221,7.13225503200203e-16,7.798157417793311e-15,24.6845661904739,0.917973090223549,0.688464927412904,-0.229508162810645,8,87878605,F,II,CNBD1,TSS200,opensea,TSS200-opensea,,,,,,,-0.2438488528918765
cg15926585,-0.220247697727048,0.683205992506873,-8.70381588555525,3.66273286540986e-17,4.54870239867797e-16,27.6151334169457,0.883647242596595,0.663399544869549,-0.220247697727046,22,19928445,F,II,COMT,TSS1500,shore,TSS1500-shore,chr22:19929096-19929468,,,,rs79019435,,-0.23903153357708
cg20170777,-0.213241293108883,0.629135134332855,-8.16401793937574,2.18848410744198e-15,2.28502862435184e-14,23.5788473020882,0.823200052162163,0.60995875905328,-0.213241293108883,17,13972099,F,II,COX10,TSS1500,shore,TSS1500-shore,chr17:13972630-13973085,,,,rs4792433,,-0.2477975723279324
cg15163151,-0.20198668058812,0.565389573680803,-8.99147218372613,3.82903270565958e-18,5.25346917955019e-17,29.8462184844836,0.749211984431862,0.547225303843742,-0.20198668058812,8,100906373,F,II,COX6C,TSS1500,shore,TSS1500-shore,chr8:100905657-100906003,,,,rs79169879,rs76050383,-0.2407518610567241
cg26636590,-0.234550465891605,0.666381872822475,-8.19694817351221,1.7148499730854301e-15,1.80806349072225e-14,23.8193236238608,0.879839670918072,0.645289205026467,-0.234550465891604,4,46911374,R,II,COX7B2,TSS200,opensea,TSS200-opensea,,,,,,,-0.2721993087163115
cg24168221,-0.224807721756416,0.371013704110402,-10.8523848033676,5.147508470584e-25,1.5420595828763e-23,45.5157732087459,0.575604904126133,0.350797182369717,-0.224807721756416,20,23587099,R,II,CST9,TSS1500,opensea,TSS1500-opensea,,,,,,,-0.2526445861818938
cg24140586,-0.205981217428353,0.699109987185788,-7.31127127942375,9.28639502843815e-13,7.528568248270449e-12,17.6225980780276,0.88656771383821,0.680586496409857,-0.205981217428353,10,96697436,R,II,CYP2C9,TSS1500,opensea,TSS1500-opensea,,,,,,,-0.2446211019161193
cg18552413,-0.271369014780436,0.403182200618137,-12.0784014192884,5.5057317173585896e-30,3.37123014441551e-28,56.8781230257276,0.650147527019037,0.378778512238602,-0.271369014780435,1,159174610,R,II,DARC,TSS1500,opensea,TSS1500-opensea,,,,,,rs72547266,-0.3047133667215537
cg21263710,-0.27266587222841,0.535439700806892,-11.4974313662391,1.36834466318439e-27,5.85440809750122e-26,51.4005782290755,0.783585260784547,0.510919388556136,-0.272665872228411,18,49865488,F,II,DCC,TSS1500,shelf,TSS1500-shelf,chr18:49868377-49868759,,,,,,-0.285275358343117
cg01687040,-0.289633222827735,0.617636537855414,-11.0093065510872,1.24044346556898e-25,4.0305841593054e-24,46.9274861855138,0.881223607551158,0.591590384723423,-0.289633222827735,12,55043559,R,II,DCD,TSS1500,opensea,TSS1500-opensea,,,,,,,-0.3138449912545882
cg00067274,-0.256248793624282,0.46251978826042,-11.6321611029329,3.86272943638727e-28,1.7913931553452598e-26,52.6563518667109,0.695724625623525,0.439475831999243,-0.256248793624282,4,155313256,R,II,DCHS2,TSS1500,opensea,TSS1500-opensea,,,,,,,-0.2863324230449638
cg19453059,-0.225720975618806,0.638578614982836,-9.40904015013716,1.3146606094250502e-19,2.1066656496518002e-18,33.1803342219062,0.844000941715059,0.618279966096253,-0.225720975618806,20,29955259,R,II,DEFB118,TSS1500,opensea,TSS1500-opensea,,,,,,,-0.2462678084411018
cg03146196,-0.256095522228851,0.571404835405911,-10.3329734829344,5.20575583602411e-23,1.21460640926039e-21,40.9384176940017,0.804470184772456,0.548374662543604,-0.256095522228852,20,30007925,F,II,DEFB122,TSS1500,opensea,TSS1500-opensea,,,,,,,-0.2758756192609699
cg13950362,-0.247293297754437,0.471878799541524,-11.8944292784175,3.21214077762894e-29,1.74375674061745e-27,55.1261655071639,0.696933491382792,0.449640193628355,-0.247293297754437,20,30028062,R,II,DEFB123,TSS1500,opensea,TSS1500-opensea,,,,,,,-0.2651245914843479
cg00035630,-0.259318468656964,0.523826762515424,-10.068841472879,5.142282959983179e-22,1.07118082002241e-20,38.6689435670767,0.7598252249982,0.500506756341236,-0.259318468656964,11,33036664,R,II,DEPDC7,TSS1500,shore,TSS1500-shore,chr11:33037206-33037917,,,,,,-0.2844758297450963
cg04103251,-0.24185743511255,0.521062002948104,-9.76257430948928,6.961362062122741e-21,1.27919660752254e-19,36.0885332149291,0.741169668716001,0.499312233603451,-0.24185743511255,13,19692715,F,II,DKFZp686A1627,TSS1500,opensea,TSS1500-opensea,,,,,rs9507472,,-0.2532173838701109
cg00933411,-0.297740929071218,0.417948757364956,-11.4494745355883,2.14186273075133e-27,8.9128953648047e-26,50.9557550940363,0.688914423030489,0.39117349395927,-0.297740929071218,8,13373090,R,II,DLC1,TSS1500,opensea,TSS1500-opensea,,,,,,,-0.3395428743908861
cg19303187,-0.237876791977945,0.39195913754121,-10.6355631442933,3.59940074654254e-24,9.682606777640592e-23,43.5869429065042,0.608444131679411,0.370567339701467,-0.237876791977944,2,172968881,R,II,DLX2,TSS1500,shore,TSS1500-shore,chr2:172964762-172967857,,,,,,-0.2556548205300278
cg14091631,-0.223866345772938,0.395925251373251,-11.1980728518223,2.20197645512444e-26,7.938615738381331e-25,48.6428291886304,0.599659731519125,0.375793385746188,-0.223866345772937,1,225117076,R,II,DNAH14,TSS1500,shore,TSS1500-shore,chr1:225117220-225117781,True,,,,,-0.2412279427866022
cg04572540,-0.212993261160001,0.625103069427925,-9.90324854038876,2.11791653017473e-21,4.1180792048214e-20,37.2668470365493,0.818942260339724,0.605948999179723,-0.212993261160001,6,30908739,F,II,DPCR1,TSS200,opensea,TSS200-opensea,,,,,,,-0.2451236644750055
cg17494438,-0.227963310222515,0.509593402520211,-9.51037317265546,5.7068374899803e-20,9.502681352268573e-19,34.0060412265923,0.717056415060846,0.48909310483833,-0.227963310222516,10,50600744,R,II,DRGX,TSS1500,shelf,TSS1500-shelf,chr10:50602989-50606783,,,,,,-0.2389551127902748
cg06191348,-0.215382546831171,0.659867616244235,-10.8923103214584,3.58827106464315e-25,1.0977681677434101e-23,45.8737125803442,0.855881229007854,0.640498682176684,-0.21538254683117,17,80024326,R,II,DUS1L,TSS1500,shore,TSS1500-shore,chr17:80022655-80024178,,,,,,-0.2434773656868016
cg23214755,-0.278604747237702,0.587420790631439,-9.72598128826545,9.46873706282166e-21,1.71440284277545e-19,35.7839722531269,0.840971154124744,0.562366406887041,-0.278604747237703,2,11607042,F,II,E2F6,TSS1500,shore,TSS1500-shore,chr2:11605743-11606385,,,,,,-0.3263437510920861
cg11579116,-0.250176876438208,0.450093094013081,-11.614909994795,4.5440284199531095e-28,2.08397685204006e-26,52.4950616846429,0.677772049908284,0.427595173470077,-0.250176876438208,19,6990919,R,II,EMR4P,TSS200,opensea,TSS200-opensea,,,,,,,-0.283146783897971
cg07100532,-0.226444915842595,0.47355726016241,-8.75451921274114,2.46963397699194e-17,3.11879372378064e-16,28.0044185321647,0.679638424580311,0.453193508737717,-0.226444915842595,18,713085,F,II,ENOSF1,TSS1500,island,TSS1500-island,chr18:712232-713086,,,,,,-0.2492844372658591
cg21563471,-0.198688991307562,0.311929616595091,-10.8227295269822,6.72606454445452e-25,1.9846110681933402e-23,45.2504609652974,0.492750892857009,0.294061901549447,-0.198688991307562,2,158184535,R,II,ERMN,TSS1500,opensea,TSS1500-opensea,,,,,,,-0.2454931447117299
cg18745416,-0.223997569241799,0.539090743360149,-9.76926207586451,6.58022157657529e-21,1.2117044827290802e-19,36.1442823630352,0.742944646303225,0.518947077061426,-0.223997569241799,6,152011399,F,II,ESR1,TSS1500,opensea,TSS1500-opensea,,,,,,,-0.2484105245668065
cg21243589,-0.241288315209159,0.595535296110837,-10.5702244659291,6.43588577045741e-24,1.67569548499891e-22,43.0107278089729,0.815125021822769,0.57383670661361,-0.241288315209159,2,88428542,R,II,FABP1,TSS1500,opensea,TSS1500-opensea,,,,,,,-0.2684686035851681
cg18478850,-0.331640339648561,0.469149387285701,-13.2003933933596,8.51758648556896e-35,1.16142030583671e-32,67.8876863099061,0.770965955383133,0.439325615734571,-0.331640339648561,5,176982070,F,II,FAM193B,TSS1500,shore,TSS1500-shore,chr5:176980789-176981789,,,,,,-0.3705326507431258
cg26593521,-0.232167069445694,0.638400614126703,-9.92672944794205,1.7344345114679102e-21,3.40040093484175e-20,37.4646777083104,0.849689349989152,0.617522280543457,-0.232167069445694,5,156594725,R,II,FAM71B,TSS1500,opensea,TSS1500-opensea,,,,,,,-0.2605263493929508
cg10772322,-0.227538984132317,0.621245253472774,-9.63679974877786,1.9972625204241902e-20,3.4879776552603304e-19,35.0451221677484,0.828322098744271,0.600783114611954,-0.227538984132318,19,49116839,F,II,FAM83E,TSS200,shore,TSS200-shore,chr19:49116245-49116641,,,,,,-0.2491243948795898
cg14696870,-0.285640745827359,0.608214180071645,-9.44226705578048,1.00063933609125e-19,1.6219109066532001e-18,33.4503779667665,0.868167808468486,0.582527062641127,-0.285640745827359,1,159258877,R,II,FCER1A,TSS1500,opensea,TSS1500-opensea,,,,,,,-0.3339974947898505
cg08786003,-0.317360997204863,0.582503077042274,-10.2753566415147,8.60829201182029e-23,1.95797007031853e-21,40.4399450744323,0.871324416225117,0.553963419020254,-0.317360997204863,1,157670710,R,II,FCRL3,TSS200,opensea,TSS200-opensea,,,,,,,-0.3690294710679975
cg01593385,-0.260176627092391,0.491730000452427,-10.7732805904066,1.04956663738395e-24,3.02198237270037e-23,44.8091161473349,0.728509448849459,0.468332821757068,-0.260176627092392,4,155534149,R,II,FGG,TSS1500,opensea,TSS1500-opensea,,,,,,,-0.2855170161501995
cg02228042,-0.226462146410564,0.55380907576128,-10.6319977033085,3.71559202382764e-24,9.979469531834641e-23,43.5554390207275,0.759905921235642,0.533443774825078,-0.226462146410564,7,105603432,R,II,FLJ23834,TSS1500,opensea,TSS1500-opensea,,,,,,,-0.24306994017731
cg04744713,-0.309883228426307,0.528988518783915,-10.0456627037164,6.27508752938812e-22,1.29319052533194e-20,38.4717154517337,0.811004550409295,0.501121321982988,-0.309883228426307,8,142517440,R,II,FLJ43860,TSS200,opensea,TSS200-opensea,,,,,,,-0.3382825507151029
cg04720596,-0.217619709227111,0.555207158717545,-10.131780963433,2.99018429442909e-22,6.40215287966363e-21,39.206076414496,0.753256750208406,0.535637040981294,-0.217619709227112,19,4304173,R,II,FSD1,TSS1500,shore,TSS1500-shore,chr19:4304542-4305122,,,,,,-0.2616692480084631
cg05618183,-0.226144799952718,0.431469155183017,-10.3014160918268,6.85838888043376e-23,1.57682588080644e-21,40.6651644235423,0.637277192550059,0.411132392597341,-0.226144799952718,16,31190476,F,II,FUS,TSS1500,shore,TSS1500-shore,chr16:31190820-31192225,,,,,rs77688126,-0.2391373389750932
cg02268013,-0.212513947741302,0.367625545853188,-10.995161370264,1.4109605334836402e-25,4.54889371410756e-24,46.7996972100435,0.561028527070991,0.34851457932969,-0.212513947741302,9,71650331,R,II,FXN,TSS200,shore,TSS200-shore,chr9:71650646-71651176,,,,,,-0.2381121363637678
cg07378350,-0.228573615578718,0.449041662854432,-10.4609779986317,1.69172090444537e-23,4.18266208502149e-22,42.0525780689576,0.657060097176071,0.428486481597353,-0.228573615578718,20,34027324,F,II,GDF5,TSS1500,opensea,TSS1500-opensea,,,,,,,-0.2550277684790198
cg03802272,-0.249500458456118,0.647592797804768,-8.48063726638986,2.0347380295627e-16,2.3473738743073803e-15,25.9221711403181,0.874656164673106,0.625155706216988,-0.249500458456118,3,158361750,F,II,GFM1,TSS1500,shore,TSS1500-shore,chr3:158362180-158362478,,,,,,-0.2890019377441415
cg11823729,-0.28585989663298,0.586426970021595,-11.2149016119883,1.88580998110968e-26,6.86122963194747e-25,48.7966506627671,0.846580041417796,0.560720144784816,-0.28585989663298,6,55190909,R,II,GFRAL,TSS1500,opensea,TSS1500-opensea,,,,,,,-0.305575876053812
cg02842704,-0.244325232089958,0.448819894783637,-10.6312602624224,3.74008485435833e-24,1.00409521346883e-22,43.5489239370821,0.671173433340325,0.426848201250367,-0.244325232089958,5,151305746,R,II,GLRA1,TSS1500,shore,TSS1500-shore,chr5:151304226-151304824,,,,,,-0.2776864669283481
cg21919556,-0.265135864132883,0.54322896259879,-10.5448329694864,8.06146838320475e-24,2.07411073252875e-22,42.7874390272998,0.784521673482313,0.51938580934943,-0.265135864132883,3,169755036,F,II,GPR160,TSS1500,shore,TSS1500-shore,chr3:169755594-169756847,,,,,,-0.3124669608861302
cg13300939,-0.205929617220039,0.397770916138734,-9.77751112703813,6.13849865180536e-21,1.13413902627563e-19,36.2130834914302,0.585181682889345,0.379252065669306,-0.205929617220039,1,202091868,R,II,GPR37L1,TSS200,opensea,TSS200-opensea,,True,,,,,-0.2622263748516649
cg07633435,-0.231195527409624,0.385536255513504,-11.3299926995248,6.50841578329659e-27,2.52344487246738e-25,49.8525126770417,0.595940818228018,0.364745290818394,-0.231195527409624,5,152869009,F,II,GRIA1,TSS1500,opensea,TSS1500-opensea,,,,,,,-0.264531043960556
cg03100024,-0.249952172672201,0.61464799202945,-10.127537983237,3.10171542503564e-22,6.62812184876759e-21,39.1697939094543,0.842122451331849,0.592170278659648,-0.249952172672202,19,42571402,R,II,GRIK5,TSS1500,opensea,TSS1500-opensea,,,,,,,-0.2606669283012715
cg01983548,-0.238634836155568,0.661407788513605,-9.73163104270322,9.03000205448908e-21,1.63919763563652e-19,35.8309418957198,0.878582657388996,0.639947821233428,-0.238634836155568,2,234764133,F,II,HJURP,TSS1500,shore,TSS1500-shore,chr2:234762496-234763579,,,,,,-0.2661713537577915
cg09473613,-0.259127995847427,0.582953299720575,-9.85463289979174,3.19945489635746e-21,6.10154067665716e-20,36.8582944839293,0.818778418243594,0.559650422396166,-0.259127995847428,1,24152604,R,II,HMGCL,TSS1500,opensea,TSS1500-opensea,,,,,,,-0.2918919721849967
cg10678215,-0.222107020826831,0.659036763008155,-10.0253283058114,7.47072405158e-22,1.5262143588512902e-20,38.2989491145281,0.861170130882933,0.639063110056102,-0.222107020826831,5,143191565,R,II,HMHB1,TSS200,opensea,TSS200-opensea,,,,,,rs161575,-0.2403909635413451
cg25494605,-0.225891015672476,0.554347085389047,-9.75512875361582,7.4114850105348e-21,1.3581284551331e-19,36.026498874209,0.759924160803207,0.534033145130731,-0.225891015672476,5,173472097,R,II,HMP19,TSS1500,opensea,TSS1500-opensea,,,,,,,-0.2511437905324455
cg02215357,-0.237881588327856,0.373830467781792,-9.07192934741586,2.01675439472152e-18,2.84684659887512e-17,30.4799506708454,0.590319826943475,0.352438238615617,-0.237881588327857,13,53191046,R,II,HNRNPA1L2,TSS1500,shore,TSS1500-shore,chr13:53191405-53191872,,,,,,-0.2573096777395602
cg10957151,-0.214579388065724,0.307431082231436,-8.6831095691006,4.30030129358257e-17,5.30581105294096e-16,27.4566502017749,0.502713762737293,0.288134374671569,-0.214579388065725,2,176986956,R,II,HOXD9,TSS1500,island,TSS1500-island,chr2:176986424-176988291,,True,,,rs79692292,-0.2818250013485021
cg21336434,-0.291530480235563,0.525125948684442,-10.8121943194859,7.39571816293683e-25,2.17130181948466e-23,45.1563210012703,0.790439659114648,0.498909178879086,-0.291530480235563,7,54271282,F,II,HPVC1,TSS1500,opensea,TSS1500-opensea,,,,,,,-0.3460120682004817
cg05740582,-0.227473193639187,0.666482443616654,-7.20329393362122,1.92466057475138e-12,1.5150062384122e-11,16.9066440716388,0.873499414806274,0.646026221167087,-0.227473193639187,8,133573933,F,II,HPYR1,TSS1500,opensea,TSS1500-opensea,,,,,,,-0.2796003298339978
cg09394608,-0.216557392611079,0.669095060560347,-8.59383835979269,8.561842153342191e-17,1.02494998641192e-15,26.7766754767934,0.866177867504961,0.649620474893883,-0.216557392611079,13,47472429,R,II,HTR2A,TSS1500,opensea,TSS1500-opensea,,,,,,,-0.2564890268604539
cg07950469,-0.233329722860391,0.611418249789479,-10.1107264463586,3.58569121923922e-22,7.60831903628816e-21,39.0261381414799,0.823765083903432,0.590435361043041,-0.233329722860391,16,71265941,F,II,HYDIN,TSS1500,shore,TSS1500-shore,chr16:71264360-71264659,,,,,,-0.2709214408035204
cg21406461,-0.306174782270666,0.440920279983008,-11.4715088808697,1.74358410597346e-27,7.344586928538189e-26,51.1599922263055,0.719561358812068,0.413386576541402,-0.306174782270667,1,158978957,R,II,IFI16,TSS1500,opensea,TSS1500-opensea,,,,,,,-0.3524089723722788
cg17523945,-0.224861968112928,0.528663614031085,-9.16850484943784,9.29150330387878e-19,1.3592215267860601e-17,31.2461591369544,0.733304182133858,0.508442214020929,-0.224861968112929,19,46732351,F,II,IGFL1,TSS1500,opensea,TSS1500-opensea,,,,,,,-0.2454755161092461
cg21342392,-0.24047598354063,0.679244249293929,-7.10244399577206,3.7721418676594e-12,2.88575449675208e-11,16.2459313945819,0.898094694746373,0.657618711205743,-0.24047598354063,7,111203008,F,II,IMMP2L,TSS1500,shore,TSS1500-shore,chr7:111202079-111202683,,,,,rs79514222,-0.2799868722244969
cg16852483,-0.324000742209133,0.542557651770686,-11.4303293094788,2.56059502104738e-27,1.05279633868102e-25,50.7784941621936,0.837421636586911,0.513420894377779,-0.324000742209132,13,102103930,F,II,ITGBL1,TSS1500,shelf,TSS1500-shelf,chr13:102106165-102106488,,,,,,-0.3622823920378563
cg02922689,-0.235775288719641,0.632503812737137,-9.01928307482386,3.06935320507742e-18,4.25102537464989e-17,30.0648001026035,0.847076287722997,0.611300999003356,-0.235775288719641,3,67047651,R,II,KBTBD8,TSS1500,shore,TSS1500-shore,chr3:67048455-67049273,,,,,,-0.2570237423074235
cg24926465,-0.276666402489809,0.576211723953828,-10.7236136601206,1.63886207909641e-24,4.60832729252159e-23,44.3671564628662,0.827998054277288,0.551331651787479,-0.276666402489809,3,156007787,R,II,KCNAB1,TSS1500,shore,TSS1500-shore,chr3:156008991-156009320,,,,,,-0.3015224899475957
cg03108250,-0.233997277690269,0.435957363343119,-9.84486881813148,3.47526404887231e-21,6.59875693487109e-20,36.7764098442979,0.648911720377788,0.414914442687519,-0.233997277690269,19,55042650,F,II,KIR3DX1,TSS1500,opensea,TSS1500-opensea,,,,,rs77425697,,-0.2509238930653714
cg19582822,-0.25759317804181,0.575539305871347,-11.3627630955947,4.80170052053036e-27,1.89790265216025e-25,50.1543845190415,0.809967629772707,0.552374451730897,-0.25759317804181,19,51375975,F,II,KLK2,TSS1500,opensea,TSS1500-opensea,,,,,,,-0.2732197399657177
cg22349442,-0.2207206723965,0.648805622326092,-9.60625635702173,2.5761673494848502e-20,4.44816888981525e-19,34.7931913851,0.849677313391973,0.628956640995472,-0.220720672396501,17,39507113,R,II,KRT33A,TSS200,opensea,TSS200-opensea,,,,,,,-0.2408535013057318
cg01841050,-0.26607033563198,0.542717934015792,-9.3712844716586,1.79122004379095e-19,2.82792369203229e-18,32.8743215586727,0.78486108119166,0.518790745559679,-0.266070335631981,17,39539863,F,II,KRT34,TSS1500,opensea,TSS1500-opensea,,,,,,,-0.282017832467582
cg20663846,-0.209794738081207,0.65243698660166,-8.40001649785671,3.74960520429881e-16,4.2145808959762e-15,25.3189251368694,0.843365291402182,0.633570553320976,-0.209794738081206,17,39254439,R,II,KRTAP4-8,TSS200,opensea,TSS200-opensea,,,,,,,-0.2548703571893904
cg01975957,-0.228173757389133,0.677069832829614,-8.30788161828782,7.49983101115977e-16,8.1834036938145e-15,24.634993965761,0.884724367431954,0.656550610042821,-0.228173757389133,1,152798912,F,II,LCE1A,TSS1500,opensea,TSS1500-opensea,,,,,,,-0.2619169954371981
cg22616525,-0.232235504113579,0.476552073183682,-9.56744868133615,3.55688917571286e-20,6.05018534317067e-19,34.4739192071438,0.687903089517262,0.455667585403683,-0.232235504113579,1,152669985,R,II,LCE2A,TSS1500,opensea,TSS1500-opensea,,,,,,,-0.2584389363652054
cg20823091,-0.229023916585936,0.670378006110128,-8.5373331512466,1.32033376264656e-16,1.55080689561183e-15,26.3490559225515,0.87880624674409,0.649782330158155,-0.229023916585935,1,152680639,F,II,LCE4A,TSS1500,opensea,TSS1500-opensea,,,,,,,-0.2675047267257749
cg09417355,-0.243114498007782,0.630570850770622,-8.44593160522745,2.6486411379742797e-16,3.0215969897553204e-15,25.6619402246863,0.851822534209359,0.608708036201576,-0.243114498007783,1,152814273,R,II,LCE6A,TSS1500,opensea,TSS1500-opensea,,,,,,,-0.2698413052644681
cg00298977,-0.324795943070428,0.473859787857135,-12.3776282403056,3.0252021724707e-31,2.2536558085036498e-29,59.7608641019571,0.769447462665833,0.444651519595405,-0.324795943070428,1,153175842,R,II,LELP1,TSS200,opensea,TSS200-opensea,,,,,,rs80344177,-0.3605720678572681
cg20542190,-0.224159747555159,0.443495586588014,-10.3578719324024,4.1864037017610804e-23,9.882953153142929e-22,41.1544108010218,0.647497083463752,0.423337335908593,-0.224159747555159,19,54850619,R,II,LILRA4,TSS200,opensea,TSS200-opensea,,,,,,,-0.2486183869576156
cg11109027,-0.215121293271124,0.722677398576136,-7.70462669711771,6.07622424199759e-14,5.51804649486e-13,20.3043710060592,0.918453251804893,0.703331958533769,-0.215121293271124,1,207991720,F,II,LOC148696,TSS200,opensea,TSS200-opensea,,,,,,,-0.2427729502951931
cg09385371,-0.231609966805608,0.667197917272514,-10.557238929577,7.22181794625627e-24,1.86920125247426e-22,42.8964904484415,0.877979649653157,0.646369682847549,-0.231609966805608,6,142959676,R,II,LOC153910,TSS1500,opensea,TSS1500-opensea,,,,,,,-0.238352770240731
cg01876288,-0.272287543387514,0.517723189597124,-11.3335344645105,6.29812816135067e-27,2.4464504955507803e-25,49.8851122508762,0.76552444311166,0.493236899724146,-0.272287543387514,7,158800934,R,II,LOC154822,TSS200,shore,TSS200-shore,chr7:158798591-158799434,,,,,,-0.3074312738304103
cg00191458,-0.249562826486349,0.592825973718867,-10.7808346290217,9.806745779905551e-25,2.83512394999567e-23,44.8764525687511,0.819946099981624,0.570383273495275,-0.249562826486349,5,169757859,F,II,LOC257358,TSS1500,opensea,TSS1500-opensea,,,,,,,-0.2732104663004985
cg25748764,-0.252355378387461,0.504729405546487,-12.3734552482417,3.15098005045292e-31,2.34179069514153e-29,59.7203845557922,0.73439095494227,0.482035576554809,-0.252355378387461,20,31261814,F,II,LOC284805,TSS200,opensea,TSS200-opensea,,,True,,,,-0.2713001913903555
cg13453847,-0.31792694766975,0.553450808446095,-11.4877896860128,1.4974702224987e-27,6.36704097033368e-26,51.3110549842264,0.842787203267846,0.524860255598096,-0.31792694766975,5,5034274,R,II,LOC340094,TSS200,opensea,TSS200-opensea,,,,,,,-0.3552505783296582
cg20043679,-0.247770879855221,0.653196951432436,-10.0668205696872,5.232387323478219e-22,1.08886506971409e-20,38.651735205576,0.878686277343841,0.630915397488621,-0.24777087985522,2,84517321,F,II,LOC388965,TSS1500,shore,TSS1500-shore,chr2:84517714-84517951,,,,,,-0.2611655224730963
cg23853165,-0.252558600357657,0.598524364204603,-8.85188274794471,1.15318244802416e-17,1.50694016068265e-16,28.7567359103434,0.828370860213551,0.575812259855893,-0.252558600357658,10,42864912,R,II,LOC441666,TSS1500,shore,TSS1500-shore,chr10:42862953-42863216,,,,,,-0.301475972078638
cg07833342,-0.240918275751826,0.617007326417315,-9.31363914854178,2.8675839731528303e-19,4.42911454046048e-18,32.4088278795686,0.836260289601532,0.595342013849705,-0.240918275751827,20,5450926,R,II,LOC643406,TSS1500,opensea,TSS1500-opensea,,,,,,,-0.2884833051262377
cg07570113,-0.268605138090394,0.528213849336409,-9.87095627171393,2.78602605593871e-21,5.347808216615249e-20,36.9953145460498,0.77266384910932,0.504058711018927,-0.268605138090393,16,59790180,R,II,LOC644649,TSS1500,shore,TSS1500-shore,chr16:59788792-59789072,,,,,,-0.3053018191512555
cg04557423,-0.216710367360494,0.584116919174495,-7.9598507445398,9.76295351812512e-15,9.571999500368153e-14,22.1049536577163,0.781338944146455,0.564628576785961,-0.216710367360494,8,128494728,R,II,LOC727677,TSS1500,opensea,TSS1500-opensea,,,,,,,-0.2630390841092233
cg02689785,-0.206435192587709,0.599989500862402,-10.7184531503401,1.71639827243456e-24,4.8144766782079e-23,44.3213126109308,0.787860377569922,0.581425184982213,-0.206435192587709,10,105004949,R,II,LOC729020,TSS1500,opensea,TSS1500-opensea,,,,,,,-0.2381143857951857
cg21340845,-0.339600166870118,0.431658762334707,-13.5407031925352,2.67547184214096e-36,4.71661614045285e-34,71.3294267812984,0.740719345853195,0.401119178983078,-0.339600166870117,2,142890700,R,II,LRP1B,TSS1500,shelf,TSS1500-shelf,chr2:142887724-142888553,,,,,,-0.37093150924475
cg27130665,-0.262588929951768,0.497956111377929,-11.2561860330452,1.28853985565931e-26,4.79908064942393e-25,49.1746220634699,0.736930928923963,0.474341998972194,-0.262588929951768,11,40316514,F,II,LRRC4C,TSS1500,opensea,TSS1500-opensea,,,,,,,-0.2776074073249306
cg04604142,-0.225526147859622,0.653757451053723,-9.12533926020899,1.3147232537153001e-18,1.89271950736249e-17,30.9029520940059,0.859002470508702,0.63347632264908,-0.225526147859622,17,48796515,R,II,LUC7L3,TSS1500,shore,TSS1500-shore,chr17:48796750-48797317,,,,,,-0.2552684504616954
cg21374754,-0.238712492266025,0.48905534374747,-10.6260229314292,3.9187085874692204e-24,1.04965308946163e-22,43.5026621820729,0.706300885270148,0.467588393004123,-0.238712492266025,3,42452862,F,II,LYZL4,TSS1500,opensea,TSS1500-opensea,,,,,,,-0.2689753286789541
cg11009736,-0.304906599225723,0.421849195138096,-12.3833082331192,2.86199559273194e-31,2.14097644057212e-29,59.8159745326775,0.699336136160066,0.394429536934344,-0.304906599225722,2,119699682,R,II,MARCO,TSS200,opensea,TSS200-opensea,,,,,,,-0.3392496392506008
cg05323709,-0.258223893888371,0.555263929607484,-10.7232766766649,1.64381729097673e-24,4.6215700168291e-23,44.3641623981062,0.790266250304455,0.532042356416084,-0.258223893888371,19,45753380,R,II,MARK4,TSS1500,shore,TSS1500-shore,chr19:45754630-45755261,,,,,,-0.2911026950211035
cg20686446,-0.229966356378678,0.484931463414965,-8.6629638846943,5.02560382105956e-17,6.15648741615667e-16,27.3027335678139,0.694217392061748,0.464251035683069,-0.229966356378678,19,50320090,F,I,MED25,TSS1500,shore,TSS1500-shore,chr19:50321414-50321762,,,,,,-0.2498314527628672
cg24488391,-0.258209532829754,0.643886656573288,-10.0557150094015,5.75622970694297e-22,1.19148412484208e-20,38.5572119201651,0.878875907673747,0.620666374843994,-0.258209532829754,1,170113838,F,II,METTL11B,TSS1500,opensea,TSS1500-opensea,,,,,,,-0.273236143442408
cg25562958,-0.22914229195301,0.642439954924304,-7.98931760664548,7.88179172975641e-15,7.79733211763177e-14,22.3158517591135,0.850975925658518,0.621833633705508,-0.229142291953011,14,101490676,R,II,MIR1197,TSS1500,opensea,TSS1500-opensea,,,,,,rs80084667,-0.2458766347591627
cg25247520,-0.237936593624363,0.400584095666004,-11.530452385193,1.00443290673778e-27,4.3826569436242797e-26,51.7075286453139,0.617123513604722,0.37918691998036,-0.237936593624363,8,128808017,F,II,MIR1204,TSS200,shore,TSS200-shore,chr8:128806081-128806899,,,,,,-0.2546925954277139
cg22978384,-0.210826715841902,0.681002634380868,-7.67669652881797,7.401407083008582e-14,6.66502226503397e-13,20.1101903199264,0.872870113186628,0.662043397344726,-0.210826715841902,3,35785107,F,II,MIR128-2,TSS1500,opensea,TSS1500-opensea,,,,,rs6786127,,-0.2460710728889767
cg10734581,-0.254841101311582,0.520550508442456,-10.5245537602414,9.64757604932052e-24,2.45948793632488e-22,42.6093637151168,0.752474244528176,0.497633143216594,-0.254841101311582,14,101520078,F,II,MIR134,TSS1500,opensea,TSS1500-opensea,,,,,,,-0.275592195909905
cg05138957,-0.227856788920774,0.579553836903842,-9.16707193012882,9.399361907242733e-19,1.3741448514803e-17,31.2347469214565,0.786919907396489,0.559063118475715,-0.227856788920775,14,101528123,R,II,MIR377,TSS1500,shelf,TSS1500-shelf,chr14:101531643-101532384,,True,,,,-0.2511503128100423
cg14440205,-0.233214335807515,0.651670116057963,-9.84256569023756,3.5436845512241305e-21,6.72131600346604e-20,36.7571034017774,0.863911939652571,0.630697603845057,-0.233214335807515,14,101487928,F,II,MIR379,TSS1500,opensea,TSS1500-opensea,,,,,,,-0.244823902400549
cg00175487,-0.240221163029415,0.658479100284906,-8.74056828063867,2.75298090292615e-17,3.46070498407904e-16,27.8971365014393,0.877097640739733,0.636876477710318,-0.240221163029415,14,101490186,F,II,MIR380,TSS1500,opensea,TSS1500-opensea,,,,,,,-0.2529397659584613
cg20547131,-0.244826032703682,0.540069362321181,-10.677303291023,2.48015879717388e-24,6.81405199949463e-23,43.9562732107407,0.762878665465178,0.518052632761497,-0.244826032703681,14,101531510,F,II,MIR412,TSS1500,shore,TSS1500-shore,chr14:101531643-101532384,,,,,,-0.2774673450180727
cg03019112,-0.226130933703549,0.666523183748126,-8.08469665617917,3.92595040774043e-15,3.99957260925041e-14,23.0027220869446,0.872318601830853,0.646187668127303,-0.22613093370355,14,101518520,R,II,MIR487A,TSS1500,opensea,TSS1500-opensea,,,,,,,-0.2561037168021859
cg12033297,-0.229751693289544,0.566542326704671,-10.4016304530511,2.8519739964258e-23,6.86717151385924e-22,41.5348643222195,0.775632896496955,0.54588120320741,-0.229751693289545,1,176998801,F,II,MIR488,TSS1500,opensea,TSS1500-opensea,,,,,rs61758728,,-0.2582734916374018
cg22166633,-0.215790713180897,0.429002024537399,-10.2228320382203,1.35937538420018e-22,3.0189127297109007e-21,39.9871803456259,0.625387098043754,0.409596384862858,-0.215790713180896,19,54177678,F,II,MIR520E,TSS1500,opensea,TSS1500-opensea,,,,,,,-0.2543677042626937
cg08174890,-0.276754007473321,0.612756174484263,-11.4047694852184,3.24900735106659e-27,1.3165583913270202e-25,50.5421281215384,0.864622231645237,0.587868224171914,-0.276754007473323,4,9558077,F,II,MIR548I2,TSS200,opensea,TSS200-opensea,,,,,rs73085434,,-0.3082611013208567
cg11035122,-0.219966980938399,0.692059220414327,-9.10627590352357,1.53196052787531e-18,2.1888766061121505e-17,30.751761288153,0.892244998030927,0.672278017092528,-0.219966980938399,14,101491994,R,II,MIR758,TSS1500,opensea,TSS1500-opensea,,,,,,,-0.2381440796628594
cg01022345,-0.256013457573415,0.576777111962886,-11.5777064037585,6.44717371758045e-28,2.89158200813347e-26,52.1477208690861,0.809767776589051,0.553754319015637,-0.256013457573414,14,101317819,F,II,MIR770,TSS1500,opensea,TSS1500-opensea,,True,,,,,-0.2726695511455437
cg22987078,-0.239269068143999,0.646544251208049,-7.42821094844553,4.17715104743416e-13,3.49750753332881e-12,18.4078638463684,0.864296316821114,0.625027248677114,-0.239269068144,20,62550653,F,II,MIR941-3,TSS1500,shore,TSS1500-shore,chr20:62550713-62551523,,,,rs4809249,,-0.2888834943949166
cg07483086,-0.290829723986428,0.568676471537274,-10.8662407174828,4.5420553531069e-25,1.37105346555049e-23,45.6398973705594,0.833352443366649,0.542522719380222,-0.290829723986427,2,150444834,R,II,MMADHC,TSS1500,opensea,TSS1500-opensea,,,,,,,-0.335818642466245
cg25119415,-0.2456520000079,0.622499127658604,-8.65333224466358,5.41389164227574e-17,6.61191113258779e-16,27.2292423001192,0.84606012047155,0.600408120463649,-0.245652000007901,1,158799935,R,II,MNDA,TSS1500,opensea,TSS1500-opensea,,,,,,,-0.2581635631398041
cg16697850,-0.240453640601192,0.428238474122151,-11.7209480914042,1.67042940829078e-28,8.18473424779932e-27,53.488763109153,0.6470685858923,0.406614945291108,-0.240453640601192,7,141946928,F,II,MOXD2,TSS200,opensea,TSS200-opensea,,,,,,,-0.2686087242463021
cg15556672,-0.22042663581335,0.431605402212918,-10.198894386216,1.67318713944324e-22,3.68213727870281e-21,39.7813618836698,0.63220949883442,0.41178286302107,-0.22042663581335,5,68513082,R,II,MRPS36,TSS1500,shore,TSS1500-shore,chr5:68513514-68514200,,,,,,-0.2522657889436233
cg15811371,-0.223472702546904,0.41932180809972,-9.69821303201437,1.19520058812245e-20,2.14032957565977e-19,35.5533999288768,0.622698044590247,0.399225342043344,-0.223472702546903,19,9093198,R,II,MUC16,TSS1500,opensea,TSS1500-opensea,,,,,,,-0.2410485239584347
cg23400451,-0.212029020492477,0.684256247692099,-7.68955695108889,6.75916087667919e-14,6.10875442658697e-13,20.1995299456515,0.87721791022662,0.665188889734143,-0.212029020492478,17,10373728,F,II,MYH4,TSS1500,opensea,TSS1500-opensea,,,,,,,-0.2417831199458657
cg21367256,-0.25321276024056,0.552772840994334,-9.51187474899994,5.63643723254898e-20,9.39127449874259e-19,34.0183246732975,0.783214669558585,0.530001909318024,-0.253212760240561,20,62795658,F,II,MYT1,TSS200,opensea,TSS200-opensea,,,,,,,-0.2981827194011887
cg01395254,-0.248414841217281,0.619885438691994,-8.66348496734553,5.00540097851891e-17,6.13334940251177e-16,27.3067113040663,0.845960815771032,0.597545974553749,-0.248414841217282,2,2336428,R,II,MYT1L,TSS1500,opensea,TSS1500-opensea,,,,,,,-0.261565007718899
cg26060835,-0.240585791989632,0.634744708170691,-9.12353277097495,1.3339270841164798e-18,1.91904412497148e-17,30.8886148701973,0.853695087211615,0.613109295221983,-0.240585791989631,21,19258310,R,II,NCRNA00157,TSS1500,opensea,TSS1500-opensea,,,,,,,-0.2501689565015486
cg18538751,-0.258176876296971,0.630807433729282,-10.6793081796351,2.43612699686055e-24,6.69992804191772e-23,43.9740371162665,0.865766965035519,0.607590088738547,-0.258176876296971,2,233879149,R,II,NGEF,TSS1500,opensea,TSS1500-opensea,,,,,,,-0.2773578242553711
cg06646708,-0.211923258872138,0.512539555821496,-9.43856598985486,1.03156251110247e-19,1.66982167649283e-18,33.4202643593828,0.705404967672759,0.493481708800621,-0.211923258872139,6,18123224,R,II,NHLRC1,TSS1500,shore,TSS1500-shore,chr6:18122250-18122994,True,True,,,,-0.2384986605838473
cg00939432,-0.266408019595235,0.522174897929459,-10.2318750148079,1.25668326046165e-22,2.80359678587425e-21,40.0650185437384,0.764625361805698,0.498217342210463,-0.266408019595236,22,29977677,F,II,NIPSNAP1,TSS1500,shore,TSS1500-shore,chr22:29976920-29977216,,,,rs6006197,,-0.3031802768271119
cg20311730,-0.237708072044908,0.588545461025255,-9.6542940842916,1.7258866424090502e-20,3.0371745921391e-19,35.1896773390535,0.804876907886268,0.56716883584136,-0.237708072044908,11,7985183,F,II,NLRP10,TSS200,opensea,TSS200-opensea,,,,,,,-0.2649034102512043
cg19741359,-0.233669927383837,0.589022395782888,-9.2866095895977,3.57301910347528e-19,5.4610695206911394e-18,32.1912818223586,0.801678840488323,0.568008913104486,-0.233669927383837,2,73429176,F,II,NOTO,TSS1500,shore,TSS1500-shore,chr2:73429283-73430647,,True,,,,-0.2612347429589173
cg08564874,-0.303345481249477,0.567366536562144,-11.4669673135302,1.8191449896695e-27,7.64319232564905e-26,51.117876469649,0.843432747915085,0.540087266665608,-0.303345481249477,7,34696723,F,II,NPSR1,TSS1500,opensea,TSS1500-opensea,,,,,,,-0.3417435607091254
cg20335735,-0.260801471287879,0.541616809037287,-12.4878320628762,1.02886192426325e-31,8.297170422667859e-30,60.8326674954842,0.778964910605033,0.518163439317154,-0.260801471287879,6,150068006,R,II,NUP43,TSS1500,shore,TSS1500-shore,chr6:150067323-150067766,,,,,,-0.3044384851237775
cg25626375,-0.263196376116757,0.493486271552617,-9.63027630977002,2.10894096954156e-20,3.67329106646781e-19,34.991267024424,0.733013908809953,0.469817532693196,-0.263196376116757,8,133072269,R,II,OC90,TSS1500,opensea,TSS1500-opensea,,,,,,,-0.3160188646883602
cg22852840,-0.213322222177842,0.58759117218425,-9.71023412833271,1.08063041863099e-20,1.9445093348690501e-19,35.6531591183775,0.781729741288544,0.568407519110703,-0.213322222177841,6,47749714,F,II,OPN5,TSS200,opensea,TSS200-opensea,,,,,rs7741473,,-0.2431992788592656
cg09577324,-0.286826940759649,0.480099950060837,-10.9606573615719,1.9309617562240104e-25,6.11736814737055e-24,46.4884272624235,0.741133101183827,0.454306160424178,-0.28682694075965,11,6890860,R,II,OR10A2,TSS200,opensea,TSS200-opensea,,,,,,,-0.3306374714759795
cg06834698,-0.242092699608701,0.640515554024511,-9.71501555335612,1.03814901822485e-20,1.8713792592299e-19,35.692862980167,0.860837327409408,0.618744627800707,-0.242092699608701,11,7961985,R,II,OR10A3,TSS1500,opensea,TSS1500-opensea,,,,,,,-0.2701700427543562
cg03898365,-0.219806547913626,0.358633153240199,-9.69205794077268,1.25844529280297e-20,2.24738161672335e-19,35.5023547696982,0.558672925262312,0.338866377348686,-0.219806547913626,11,6897491,R,II,OR10A4,TSS1500,opensea,TSS1500-opensea,,,,,,,-0.2388293266529378
cg18099058,-0.258804816909582,0.564174424558453,-10.6301054747951,3.77876168167187e-24,1.01361072260489e-22,43.5387223121426,0.799705426997749,0.540900610088167,-0.258804816909582,11,55737045,R,II,OR10AG1,TSS1500,opensea,TSS1500-opensea,,,,,,,-0.2981775125680137
cg26110281,-0.304715104254277,0.560600952233999,-11.3594400542894,4.95221021686149e-27,1.95287866313876e-25,50.1237488513979,0.837913619055339,0.533198514801061,-0.304715104254278,11,123885695,F,II,OR10G4,TSS1500,opensea,TSS1500-opensea,,,,,,,-0.3418604187578964
cg20480740,-0.216743055955061,0.640477797978468,-8.02413972719997,6.11556467086515e-15,6.11239640542726e-14,22.5658747904401,0.837729571923182,0.620986515968121,-0.216743055955061,11,123899875,F,II,OR10G8,TSS1500,opensea,TSS1500-opensea,,,,,,,-0.2497949783979119
cg15700197,-0.322175063882742,0.544264735270359,-11.5666259297099,7.1542239444923585e-28,3.1847767353422596e-26,52.044402544316,0.837467221465804,0.515292157583063,-0.322175063882741,1,159409207,F,II,OR10J1,TSS1500,opensea,TSS1500-opensea,,,,,,,-0.3636032092380519
cg07037019,-0.257462578012336,0.663022780548556,-9.27848214626029,3.81696561795329e-19,5.814080291125259e-18,32.1259588166239,0.897332249027409,0.639869671015072,-0.257462578012336,1,159506621,F,II,OR10J5,TSS1500,opensea,TSS1500-opensea,,,,,,,-0.2868219374576963
cg25940557,-0.253557801849747,0.506981299668417,-10.4516098999772,1.83733439594335e-23,4.51833171934807e-22,41.9707247787097,0.737737140920167,0.484179339070418,-0.253557801849748,1,158575177,F,II,OR10Z1,TSS1500,opensea,TSS1500-opensea,,,,,,,-0.2693620836310062
cg03271520,-0.230888608650706,0.576669932744619,-8.97068001367155,4.51598811964578e-18,6.15265927698672e-17,29.6831297403362,0.786795177308031,0.555906568657325,-0.230888608650706,17,3100171,F,II,OR1A2,TSS1500,opensea,TSS1500-opensea,,,,,,,-0.2707655040951386
cg02499925,-0.222948350925938,0.576140683167983,-8.19114165430874,1.79029967668064e-15,1.88497296427651e-14,23.7768658066658,0.779039721960294,0.556091371034355,-0.222948350925939,17,3031618,R,II,OR1G1,TSS1500,opensea,TSS1500-opensea,,,,,,,-0.2712084277916924
cg21025142,-0.22831386850105,0.5206643713047,-8.71077877937906,3.4701001708408804e-17,4.31988429772069e-16,27.6684908390377,0.728446417098821,0.500132548597771,-0.22831386850105,11,6914389,R,II,OR2D2,TSS1500,opensea,TSS1500-opensea,,,,,,rs78911462,-0.2402377032700863
cg02735829,-0.267354746694046,0.537517743163941,-9.78166559715262,5.9272987853808105e-21,1.09721962286778e-19,36.2477493245788,0.780829796809962,0.513475050115916,-0.267354746694046,5,180167566,R,II,OR2Y1,TSS1500,opensea,TSS1500-opensea,,,,,,,-0.3167144242717907
cg10176692,-0.267168502520243,0.463360180731006,-11.4219433550242,2.7687527676938798e-27,1.13342615339529e-25,50.7009084379343,0.706502738780004,0.439334236259761,-0.267168502520243,11,48238296,F,II,OR4B1,TSS200,opensea,TSS200-opensea,,,,,,rs1566737,-0.2926018749029529
cg20181079,-0.237941797599741,0.637838569384479,-8.47378579024124,2.14359787213907e-16,2.4681915878189306e-15,25.8707320518657,0.854382723315178,0.616440925715438,-0.237941797599741,11,59270409,F,II,OR4D11,TSS1500,opensea,TSS1500-opensea,,,,,,,-0.2818588459958174
cg14269191,-0.284632033448866,0.600030255745674,-9.72058783210383,9.90726718258106e-21,1.78949656732423e-19,35.739151392459,0.859065883308851,0.574433849859984,-0.284632033448867,11,5346249,R,II,OR51B2,TSS1500,opensea,TSS1500-opensea,,,,,,,-0.3297560838280099
cg19554569,-0.257507639110431,0.608038787490982,-9.0733709517145,1.99364490833449e-18,2.81559870388159e-17,30.4913438903648,0.842389264810907,0.584881625700476,-0.257507639110431,11,5364833,R,II,OR51B5,TSS200,opensea,TSS200-opensea,,,True,,,rs12806253,-0.3002365503510065
cg24803687,-0.289414675443919,0.537514371367339,-10.4173480859993,2.48403415138858e-23,6.02091403854867e-22,41.6717831856172,0.800902547220977,0.511487871777058,-0.289414675443919,11,5462916,R,II,OR51I1,TSS200,opensea,TSS200-opensea,,,,,rs1498487,,-0.3257837162750459
cg27093637,-0.253963022141504,0.641452456959701,-9.38846010511657,1.5562700026989802e-19,2.4750294008576e-18,33.0134207113579,0.872577077829487,0.618614055687983,-0.253963022141503,11,5410452,F,II,OR51M1,TSS200,opensea,TSS200-opensea,,,,,,,-0.2945197639128897
cg22812280,-0.228835802818429,0.651607415269405,-8.26305737298287,1.04862299163182e-15,1.12832769661313e-14,24.3043798387257,0.859864458841572,0.631028656023144,-0.228835802818428,11,5173605,F,II,OR52A1,TSS200,opensea,TSS200-opensea,,,,,,,-0.2751567515262905
cg27480913,-0.2879785060826,0.506292233247161,-11.2660746208014,1.17604870094415e-26,4.4027803914687305e-25,49.265284574235,0.768373391660463,0.480394885577863,-0.2879785060826,11,6008246,F,II,OR52L1,TSS200,opensea,TSS200-opensea,,,,,,,-0.3241693862475686
cg18512262,-0.214546001950656,0.600463303198107,-8.57554042919124,9.85337773895454e-17,1.17239862492359e-15,26.6379640315401,0.795715599937374,0.581169597986717,-0.214546001950656,11,6049729,R,II,OR56A1,TSS1500,opensea,TSS1500-opensea,,,,,,,-0.2508596677134189
cg25451456,-0.292061216375087,0.574959565568002,-10.4319477278551,2.18465733629232e-23,5.32891793554984e-22,41.799087554945,0.840756284067632,0.548695067692545,-0.292061216375087,11,5967520,R,II,OR56A3,TSS1500,opensea,TSS1500-opensea,,,,,,,-0.3282733910003966
cg24949579,-0.215559398415516,0.572986377664232,-8.17270507227772,2.05226449434183e-15,2.1488829750170305e-14,23.6422121962342,0.76916093809274,0.553601539677225,-0.215559398415515,11,6024966,F,II,OR56A4,TSS1500,opensea,TSS1500-opensea,,,,,,,-0.2501008513454187
cg10919344,-0.263277223882665,0.494742177215109,-10.7742595222948,1.0403746717146e-24,2.99702629899936e-23,44.8178405706206,0.734343391755808,0.471066167873143,-0.263277223882665,11,59210634,F,II,OR5A1,TSS200,opensea,TSS200-opensea,,,,,,,-0.2922615824539022
cg13869366,-0.294868418684521,0.4479575359703,-11.0602647385186,7.79269300616059e-26,2.6086937821522e-24,47.388719139476,0.716309010528514,0.421440591843994,-0.29486841868452,11,7869666,R,II,OR5E1P,TSS1500,opensea,TSS1500-opensea,,,,,,,-0.323086233142156
cg16226642,-0.292549503201451,0.532453930210116,-11.3425129410158,5.79482324657141e-27,2.2645076134584e-25,49.9677815716504,0.798695024850287,0.506145521648835,-0.292549503201452,11,7847876,F,II,OR5P3,TSS1500,opensea,TSS1500-opensea,,,,,,,-0.3275745292533812
cg03780486,-0.249227934555063,0.664196979146621,-9.46315149674448,8.426025741082181e-20,1.37726495217406e-18,33.6204634001966,0.891012329658962,0.641784395103899,-0.249227934555063,11,6817280,F,II,OR6A2,TSS200,opensea,TSS200-opensea,,,,,rs2741742,,-0.2765664303205384
cg09358376,-0.221843175150174,0.565643183104071,-7.80816520757477,2.91012088746473e-14,2.7258970407306897e-13,21.029158571405,0.767536432431388,0.545693257281214,-0.221843175150174,12,55639928,F,II,OR6C74,TSS1500,opensea,TSS1500-opensea,,,,,,,-0.247792445274381
cg02245566,-0.276479706737464,0.638530422147977,-9.2051615184609,6.913054177801282e-19,1.02430384142061e-17,31.5385504499095,0.890146845905453,0.61366713916799,-0.276479706737464,1,158670617,F,II,OR6K2,TSS200,opensea,TSS200-opensea,,,,,,,-0.3161674308705424
cg08918576,-0.221248351335793,0.525939246553023,-8.27157230150028,9.84039546553741e-16,1.0618115520185e-14,24.367076825557,0.727291163416174,0.50604281208038,-0.221248351335794,1,158688775,R,II,OR6K3,TSS1500,opensea,TSS1500-opensea,,,,,,,-0.2547111810065254
cg14514991,-0.28858471522787,0.520491600099116,-10.8928174048837,3.5718445354016703e-25,1.09309832704855e-23,45.8782641493522,0.783124452446782,0.494539737218911,-0.288584715227871,1,158737820,R,II,OR6N1,TSS1500,opensea,TSS1500-opensea,,,,,,,-0.3250888643617145
cg20778958,-0.237451170370947,0.317841678226574,-11.1335205094926,3.98512520835697e-26,1.38688624330244e-24,48.0541498930607,0.533939326082147,0.296488155711201,-0.237451170370946,1,158534679,R,II,OR6P1,TSS1500,opensea,TSS1500-opensea,,,,,,,-0.2726892308942744
cg06639544,-0.24019091630708,0.655376088976194,-8.42814919240958,3.03083382039057e-16,3.4375918399711604e-15,25.5289228106852,0.873967102737674,0.633776186430593,-0.24019091630708,19,14940319,F,II,OR7A5,TSS1500,opensea,TSS1500-opensea,,,,,,,-0.2765564342666727
cg18044044,-0.225595642175193,0.611255258116197,-7.64452652040302,9.28328176648435e-14,8.27469321177142e-13,19.8872389642652,0.816563522397937,0.590967880222745,-0.225595642175193,19,9325552,F,II,OR7D4,TSS200,opensea,TSS200-opensea,,,,,,,-0.2456738523554267
cg24360034,-0.298623604736821,0.500437653317585,-10.9921391322605,1.45030929716409e-25,4.67094948326015e-24,46.772407677471,0.772206617340664,0.473583012603842,-0.298623604736822,11,124414205,R,II,OR8B12,TSS1500,opensea,TSS1500-opensea,,,,,,,-0.3358509279842004
cg13012115,-0.242539369346087,0.64201564446444,-9.30535034931328,3.0678114715696904e-19,4.72151045107951e-18,32.3420668354176,0.862743919444871,0.620204550098785,-0.242539369346086,11,124254360,R,II,OR8B2,TSS1500,opensea,TSS1500-opensea,,,,,,,-0.2713863844785459
cg11195360,-0.210362077830509,0.69125581399252,-6.67921654984059,5.84569914016516e-11,3.97380153414375e-10,13.5585899602642,0.882700438780718,0.672338360950207,-0.21036207783051,11,124311399,R,II,OR8B8,TSS1500,opensea,TSS1500-opensea,,,,,,,-0.2446139408922718
cg01184282,-0.196089238746418,0.615869011900983,-7.33379084649471,7.968339849928829e-13,6.5032308513590586e-12,17.7730234930927,0.794324326299702,0.598235087553283,-0.196089238746419,7,141617618,R,II,OR9A4,TSS1500,opensea,TSS1500-opensea,,,,,,,-0.2461463147906291
cg13563074,-0.286804354120484,0.304713836521555,-12.4028367239359,2.36490461898384e-31,1.7944512750802998e-29,60.0055599201944,0.565726432177967,0.278922078057483,-0.286804354120484,11,7728814,F,II,OVCH2,TSS1500,opensea,TSS1500-opensea,,,,,,,-0.3192141591908932
cg11118778,-0.233812966216895,0.56602867564302,-8.40085561637786,3.7259082634247797e-16,4.1886962653649305e-15,25.3251809117623,0.7788152959771,0.545002329760205,-0.233812966216894,12,80086054,F,II,PAWR,TSS1500,shore,TSS1500-shore,chr12:80083531-80085154,,,,,,-0.2647579557108283
cg08886154,-0.227089179933537,0.548257954340926,-9.55021874244603,4.10340240207706e-20,6.93744607528942e-19,34.3324646337638,0.754925445431519,0.527836265497982,-0.227089179933537,7,127256676,R,II,PAX4,TSS1500,opensea,TSS1500-opensea,,,,,,,-0.2540728256714398
cg12686407,-0.241014834995967,0.644039946149117,-8.68106538250331,4.36890513977659e-17,5.38639299373944e-16,27.4410198511787,0.86338078519221,0.622365950196243,-0.241014834995967,11,104035942,F,II,PDGFD,TSS1500,shore,TSS1500-shore,chr11:104034536-104035058,,,,,,-0.291764842465576
cg22154859,-0.272785822139257,0.595085582456253,-10.9011126415374,3.31349474942785e-25,1.0178437921193e-23,45.9527414655191,0.843340305482267,0.570554483343011,-0.272785822139256,20,52823177,R,II,PFDN4,TSS1500,shore,TSS1500-shore,chr20:52824330-52825048,,,,,,-0.3036674877610121
cg06275635,-0.293707155077072,0.594447709675356,-10.7103599924649,1.84539777979379e-24,5.15747620345683e-23,44.2494454968515,0.861742350806649,0.568035195729576,-0.293707155077072,1,153283994,R,II,PGLYRP3,TSS1500,opensea,TSS1500-opensea,,,,,,,-0.3215537942810689
cg01093088,-0.235622700957255,0.488484352533698,-9.75088748284494,7.68067305078156e-21,1.4051291602165302e-19,35.9911767194034,0.70291796167825,0.467295260720996,-0.235622700957255,1,153322488,R,II,PGLYRP4,TSS1500,opensea,TSS1500-opensea,,,,,,,-0.2675551583170484
cg01267270,-0.257734253249051,0.397564027656994,-11.8421292756285,5.28818400472998e-29,2.78633230181995e-27,54.6310196672819,0.632120740146238,0.374386486897187,-0.257734253249051,5,125935359,F,II,PHAX,TSS1500,shore,TSS1500-shore,chr5:125936522-125937100,,,,,,-0.2776525579950026
cg25631489,-0.235194267294694,0.345218023420056,-11.2527970069976,1.32950371403174e-26,4.9399105653067605e-25,49.1435616204331,0.559261727109112,0.324067459814418,-0.235194267294694,3,169900020,R,II,PHC3,TSS1500,shore,TSS1500-shore,chr3:169898946-169899626,,,,,,-0.264086094208774
cg12020444,-0.213447183396618,0.661870939261319,-8.41523527166634,3.34207722653289e-16,3.7741074713568106e-15,25.4324588861465,0.856123232064715,0.642676048668098,-0.213447183396617,12,130821456,R,II,PIWIL1,TSS1500,shore,TSS1500-shore,chr12:130822360-130822696,,,,,,-0.2399955891357295
cg07143805,-0.224148937758481,0.506399624889285,-10.0814721244451,4.61299966225312e-22,9.6633083018984e-21,38.7765499106467,0.710391284072363,0.486242346313882,-0.224148937758481,20,56286671,F,II,PMEPA1,TSS1500,shore,TSS1500-shore,chr20:56283891-56285395,,,,,,-0.2542185344137904
cg27600794,-0.239062295988907,0.547696855289442,-10.2900650756766,7.57237496588653e-23,1.73314188966438e-21,40.567015402571,0.765260743365679,0.526198447376771,-0.239062295988908,10,118349430,F,II,PNLIPRP1,TSS1500,opensea,TSS1500-opensea,,,,,,,-0.2658835239659201
cg10243004,-0.274826506919562,0.442297067107619,-10.6966971139,2.08538552928188e-24,5.78734481442528e-23,44.1282002979848,0.692408960095565,0.417582453176003,-0.274826506919562,2,128616167,R,I,POLR2D,TSS1500,shore,TSS1500-shore,chr2:128615479-128616004,,,,,,-0.2921606470425304
cg08340277,-0.228389829318245,0.462622904805396,-11.3251986918215,6.80421347260268e-27,2.63243431659861e-25,49.8083971721664,0.670474080407972,0.442084251089726,-0.228389829318245,10,79790139,R,II,POLR3A,TSS1500,shore,TSS1500-shore,chr10:79789138-79789441,,,,,,-0.2526323229212382
cg23693487,-0.250671221611193,0.471829412737692,-10.8960968158572,3.4674002136613903e-25,1.06277765796031e-23,45.9077033767666,0.699958258304713,0.44928703669352,-0.250671221611192,8,30670746,F,II,PPP2CB,TSS1500,shore,TSS1500-shore,chr8:30669450-30670475,,,,,,-0.2822967035848718
cg02330214,-0.225438118334667,0.557753830419058,-9.68486804585066,1.33653485991501e-20,2.38084709017627e-19,35.4427569610652,0.76291873667327,0.537480618338602,-0.225438118334668,1,14026216,R,II,PRDM2,TSS1500,shore,TSS1500-shore,chr1:14026481-14027200,,,,,,-0.2437490485917945
cg15357945,-0.231179806595476,0.487770683940712,-10.5719998724518,6.335252281429711e-24,1.65109358125062e-22,43.0263538030675,0.698160939583358,0.466981132987882,-0.231179806595476,11,57158361,R,II,PRG2,TSS1500,opensea,TSS1500-opensea,,,,,,,-0.24718882213397
cg04354077,-0.239138931011796,0.607408697331029,-9.38910684154045,1.54804679744224e-19,2.46229894060442e-18,33.0186620035341,0.825042328791405,0.585903397779609,-0.239138931011796,20,5295137,R,II,PROKR2,TSS200,shore,TSS200-shore,chr20:5296266-5297798,,,,,,-0.2753458933994188
cg14874337,-0.229953410421952,0.570456294081279,-9.94440008458288,1.49204250027154e-21,2.94668407168175e-20,37.613771472597,0.779730440976077,0.549777030554125,-0.229953410421952,19,38864187,F,II,PSMD8,TSS1500,shore,TSS1500-shore,chr19:38865263-38865733,,,,,,-0.2581002106676456
cg06353069,-0.339014566988379,0.511072976333513,-12.5830512854118,4.03473978973136e-32,3.47422586998371e-30,61.7630195600281,0.819600621830132,0.480586054841753,-0.339014566988379,2,238500081,F,II,RAB17,TSS1500,opensea,TSS1500-opensea,,True,,,,rs35869136,-0.3763228110807302
cg01394116,-0.25287355844654,0.439558579243278,-10.9111234624165,3.02632582057797e-25,9.33288716559173e-24,46.0426706701169,0.669691709771963,0.416818151325423,-0.25287355844654,5,150081499,R,II,RBM22,TSS1500,shore,TSS1500-shore,chr5:150080131-150080703,,,,,,-0.2681356092823391
cg03152913,-0.240716674781612,0.562616160312635,-9.89328579722162,2.30501773273931e-21,4.4604660055819705e-20,37.1830081905511,0.781685652110289,0.540968977328677,-0.240716674781612,2,178975712,R,II,RBM45,TSS1500,shore,TSS1500-shore,chr2:178977078-178977828,,,,,,-0.2844580123965282
cg10720545,-0.219766593729476,0.380310292545699,-11.3550627721429,5.15765014721108e-27,2.02836480622156e-25,50.0834024722947,0.580313703385834,0.360547109656358,-0.219766593729476,19,45504295,F,II,RELB,TSS1500,shore,TSS1500-shore,chr19:45504865-45505299,,,,,,-0.252558691524978
cg20441894,-0.220728465030428,0.67216704338659,-8.19462506379794,1.74465191558174e-15,1.83840337768592e-14,23.8023339958302,0.873045826309965,0.652317361279537,-0.220728465030428,3,108476163,F,II,RETNLB,TSS200,opensea,TSS200-opensea,,,,,rs10933959,rs11283797,-0.2489957455610355
cg18244845,-0.234889084232676,0.389463219809713,-10.6812894014346,2.39337788328972e-24,6.58717336003371e-23,43.991593484534,0.603229184956717,0.368340100724041,-0.234889084232675,19,6111541,F,II,RFX2,TSS1500,shore,TSS1500-shore,chr19:6110066-6110878,,,,rs75712946,,-0.2595229198400883
cg10292430,-0.271300909204486,0.48930803319404,-11.4859693254441,1.52317548339789e-27,6.46683481245574e-26,51.294158074839,0.736211378621144,0.464910469416658,-0.271300909204486,10,121297031,F,II,RGS10,TSS1500,opensea,TSS1500-opensea,,,True,,,,-0.3108070468623095
cg07074042,-0.218785763251222,0.475560277799805,-10.5214825803905,9.91340861247517e-24,2.52537505894923e-22,42.5824150655323,0.674671062341384,0.455885299090163,-0.218785763251222,22,30783944,R,I,RNF215,TSS1500,shore,TSS1500-shore,chr22:30783010-30783620,,,,,,-0.2398443268928855
cg00202568,-0.214265562838244,0.56677766863043,-7.6038031102238,1.23534079564261e-13,1.08846378908291e-12,19.6060962999063,0.761774745601926,0.547509182763682,-0.214265562838244,8,55528166,R,II,RP1,TSS1500,opensea,TSS1500-opensea,,,,,,,-0.2577477554645926
cg02078520,-0.234749557915963,0.608676697310496,-9.38617663529899,1.5856518456534402e-19,2.51955631269663e-18,32.9949170722223,0.822315683471427,0.587566125555464,-0.234749557915963,1,84944298,R,II,RPF1,TSS1500,shore,TSS1500-shore,chr1:84944932-84945350,,,,,,-0.2844825673234362
cg23082003,-0.223211157755322,0.584855469564618,-10.390900593816,3.13374071691188e-23,7.5086231858215e-22,41.4414747149528,0.787993681478634,0.564782523723312,-0.223211157755322,13,21713913,F,II,SAP18,TSS1500,shore,TSS1500-shore,chr13:21714289-21715115,,,,,,-0.2602210419815081
cg05331214,-0.258277378737379,0.600117484669145,-8.49131513059978,1.8758820335391398e-16,2.1717685810973706e-15,26.0024015768812,0.835168480426544,0.576891101689165,-0.25827737873738,2,167343774,F,II,SCN7A,TSS1500,opensea,TSS1500-opensea,,,,,rs75836177,,-0.2838012122283611
cg16232698,-0.249448298592788,0.515218513712636,-10.5621264326034,6.91540799316121e-24,1.7924838528780598e-22,42.9394762113739,0.742234411352836,0.492786112760047,-0.249448298592789,8,57233635,F,II,SDR16C5,TSS1500,shore,TSS1500-shore,chr8:57232370-57232795,,,,,,-0.2683567708944066
cg14220224,-0.270872221540886,0.386859565767663,-12.0132786145964,1.02974686728182e-29,6.0313859599214585e-28,56.2561557316853,0.633372774580052,0.362500553039166,-0.270872221540886,8,57309145,F,II,SDR16C6,TSS1500,opensea,TSS1500-opensea,,,,,rs77073830,,-0.3113539919236944
cg11353547,-0.213232634585762,0.581564091351549,-9.87738408155213,2.63817759647066e-21,5.0735896262153406e-20,37.0493138645226,0.775621129301901,0.562388494716139,-0.213232634585762,16,4838559,F,II,SEPT12,TSS200,opensea,TSS200-opensea,,,,,,,-0.249149844344484
cg02018326,-0.237932751706094,0.573195957418071,-9.93929427738045,1.5584018168463401e-21,3.07096828613839e-20,37.57067287045,0.789731878934769,0.551799127228674,-0.237932751706095,19,51670251,F,II,SIGLECP3,TSS1500,opensea,TSS1500-opensea,,,,,,,-0.2606644676114527
cg27321439,-0.232839842927093,0.501477278896175,-9.39506454683905,1.47429166483711e-19,2.34935570895479e-18,33.0669568565912,0.713378287027667,0.480538444100574,-0.232839842927093,20,44656559,F,II,SLC12A5,TSS1500,shore,TSS1500-shore,chr20:44657463-44659243,True,,,rs6017727,,-0.2500387578237772
cg02659138,-0.226349142468626,0.462758148687537,-10.0713242949248,5.03368861102377e-22,1.04995499218796e-20,38.6900885181167,0.668752152444956,0.44240300997633,-0.226349142468626,7,134003124,R,II,SLC35B4,TSS1500,shore,TSS1500-shore,chr7:134001207-134001982,,,,,,-0.2425204811384169
cg01281718,-0.228156346425478,0.56536444485818,-9.80607511764853,4.82423678598441e-21,9.02442444468831e-20,36.4516375427081,0.773003134231007,0.544846787805529,-0.228156346425478,6,71376634,R,II,SMAP1,TSS1500,shore,TSS1500-shore,chr6:71377385-71378178,,,,,,-0.2569234932984473
cg09552123,-0.222393814527297,0.654886271096677,-8.68804219074726,4.13911669923714e-17,5.11515799828036e-16,27.4943777559488,0.857280641871519,0.634886827344222,-0.222393814527297,1,152849783,R,II,SMCP,TSS1500,opensea,TSS1500-opensea,,,,,,,-0.2559377699461299
cg26306893,-0.251772282260383,0.349591806002658,-11.823973162925,6.28549380377246e-29,3.27285009889027e-27,54.4594321175469,0.578722695973438,0.326950413713055,-0.251772282260383,20,37074908,F,II,SNHG11,TSS1500,shore,TSS1500-shore,chr20:37075227-37075854,,,,,,-0.2752094522278896
cg26876834,-0.342818981417641,0.392825380185703,-12.8458004263127,2.98790578144328e-33,3.12587623611755e-31,64.3504163155013,0.70481531651183,0.361996335094189,-0.342818981417641,16,2013573,F,I,SNHG9,TSS1500,shore,TSS1500-shore,chr16:2014164-2015451,,,,rs72764891,,-0.4034670549386207
cg00175153,-0.267793559646583,0.501574982328303,-13.1392936993648,1.5779613906607e-34,2.06986389460778e-32,67.2745533102444,0.74528638733041,0.477492827683826,-0.267793559646583,16,2012763,R,II,SNORA10,TSS1500,shore,TSS1500-shore,chr16:2014164-2015451,,,,,,-0.2995998338329011
cg21293902,-0.199960600843764,0.690472898838569,-8.78704789481793,1.91616668686934e-17,2.446285762297e-16,28.2550652978902,0.872451431261132,0.672490830417367,-0.199960600843765,19,49994097,F,II,SNORD34,TSS200,shelf,TSS200-shelf,chr19:49990435-49990965,,,,,,-0.2422683915442145
cg14557554,-0.244210246828987,0.504914368932164,-11.7800691958811,9.53895761896097e-29,4.8324852559133e-27,54.0451603410753,0.727163262629049,0.482953015800061,-0.244210246828988,9,136217171,F,II,SNORD36C,TSS1500,shore,TSS1500-shore,chr9:136214430-136215760,,,,,,-0.2717903242452191
cg18305031,-0.228429347682397,0.651845944505527,-8.5679947895078,1.0440455531400799e-16,1.2392338139109102e-15,26.5808285880466,0.859733084662529,0.631303736980131,-0.228429347682398,19,3982603,F,II,SNORD37,TSS200,shore,TSS200-shore,chr19:3982824-3983190,,,,rs2305109,,-0.2734878570231581
cg04547809,-0.231333775662067,0.679433246109813,-9.94518166578062,1.48213487655219e-21,2.9278856922564404e-20,37.620370235344,0.889963624679966,0.658629849017901,-0.231333775662065,19,51304161,R,II,SNORD88A,TSS1500,shelf,TSS1500-shelf,chr19:51307439-51308380,,,,,,-0.2570704025853341
cg24884084,-0.227897715940466,0.332492086319805,-11.8541279167292,4.71719204552533e-29,2.50371223686069e-27,54.7445010474565,0.539895403344762,0.311997687404296,-0.227897715940467,1,153003198,R,II,SPRR1B,TSS1500,opensea,TSS1500-opensea,,,,,,,-0.2635158048738509
cg09169531,-0.227519519609639,0.625774273847395,-9.26640036406966,4.2104027766183203e-19,6.38364799330067e-18,32.0289307495669,0.832833405002929,0.605313885393291,-0.227519519609638,1,153030594,R,II,SPRR2A,TSS1500,opensea,TSS1500-opensea,,,,,,,-0.2701444757605472
cg07804289,-0.259797687478753,0.588644081667919,-9.31373536646918,2.8653374148803403e-19,4.4260080565184e-18,32.4096031087846,0.825078667754698,0.565280980275945,-0.259797687478753,1,153114690,R,II,SPRR2C,TSS1500,opensea,TSS1500-opensea,,,,,,,-0.3020208114303192
cg03943115,-0.257988663098643,0.344214715323795,-12.1764529272831,2.1371263933031097e-30,1.3965566002998e-28,57.8182707807644,0.579002959079035,0.321014295980392,-0.257988663098644,1,153014367,R,II,SPRR2D,TSS1500,opensea,TSS1500-opensea,,,,,,,-0.2854178698966469
cg11267802,-0.289240062077638,0.525437813012145,-9.74526084457676,8.052804244686601e-21,1.46956353183232e-19,35.9443337094147,0.788667078140355,0.499427016062717,-0.289240062077639,1,153123593,R,II,SPRR2G,TSS200,opensea,TSS200-opensea,,,,,,,-0.3265804094099604
cg04138756,-0.250230079081423,0.604002162594592,-9.83933666672097,3.641866297072301e-21,6.89803801374527e-20,36.7300407915891,0.831729536722651,0.581499457641227,-0.250230079081424,1,152973849,R,II,SPRR3,TSS1500,opensea,TSS1500-opensea,,,,,,,-0.2947355606901331
cg08948808,-0.294282647047956,0.528887533652364,-10.4488958266582,1.8817992607542202e-23,4.6228437435813e-22,41.9470198867777,0.796705913879461,0.502423266831505,-0.294282647047957,1,152942003,R,II,SPRR4,TSS1500,opensea,TSS1500-opensea,,,,,,,-0.3264654426514828
cg14202783,-0.292899339582061,0.553330225731393,-10.5049843676065,1.14709497805385e-23,2.89859528626241e-22,42.4377381950255,0.819889696646002,0.526990357063942,-0.29289933958206,9,130662561,R,I,ST6GALNAC6,TSS1500,shore,TSS1500-shore,chr9:130661107-130662047,,,,,,-0.3321997125136311
cg26904169,-0.264986229995099,0.474849012177586,-11.053042290285,8.32410042585361e-26,2.77514532451676e-24,47.3232644834807,0.71600554523068,0.451019315235581,-0.264986229995099,7,89839865,R,II,STEAP2,TSS1500,shore,TSS1500-shore,chr7:89840813-89841491,,,,,,-0.2930527221469182
cg17339327,-0.227385368592954,0.45147693504181,-11.6505526629388,3.24799475718413e-28,1.5235808823272498e-26,52.8284648427887,0.658413979121009,0.431028610528055,-0.227385368592954,6,31939025,R,II,STK19,TSS1500,shore,TSS1500-shore,chr6:31939730-31940559,,,,,,-0.2659238892192464
cg26570233,-0.259408096279422,0.630193982598081,-9.58368882805302,3.1080726129877604e-20,5.31801727097404e-19,34.607414969888,0.866274012665326,0.606865916385903,-0.259408096279423,11,93475962,F,II,TAF1D,TSS1500,shore,TSS1500-shore,chr11:93474085-93475075,,,,rs61904920,,-0.2732768776439433
cg00187686,-0.229236897047186,0.575956608825073,-8.42452914992703,3.11507046879865e-16,3.5289842378776104e-15,25.5018704183398,0.784578677001109,0.555341779953923,-0.229236897047186,11,59634218,R,II,TCN1,TSS200,opensea,TSS200-opensea,,,,,,,-0.2564309607893166
cg16550453,-0.252210657104788,0.682612084047205,-7.12092245505636,3.33647807770622e-12,2.5659261114997895e-11,16.366412274827,0.912141926664153,0.659931269559365,-0.252210657104788,10,115939018,R,I,TDRD1,TSS200,island,TSS200-island,chr10:115938962-115939292,,True,,,,-0.2843807338180917
cg08231096,-0.257157646032903,0.662113883130751,-10.008556635453,8.624958314664149e-22,1.7478735416764802e-20,38.1566352106666,0.896145841570767,0.638988195537864,-0.257157646032903,2,137748460,F,II,THSD7B,TSS200,opensea,TSS200-opensea,,,,,,,-0.2942678777019907
cg12397274,-0.218937088057998,0.490389885020062,-9.12663360231176,1.30113238308876e-18,1.87415770035955e-17,30.9132259452781,0.689638386022485,0.470701297964487,-0.218937088057998,6,54172183,F,II,TINAG,TSS1500,opensea,TSS1500-opensea,,,,,,,-0.2380151155703763
cg11164506,-0.228235750085773,0.51936270101804,-9.37802303900966,1.6951218350811e-19,2.6837526721937698e-18,32.9288727002607,0.727073653434229,0.498837903348457,-0.228235750085772,15,66649558,F,II,TIPIN,TSS1500,shore,TSS1500-shore,chr15:66648784-66649178,,,,,,-0.2704409698482272
cg20672708,-0.306019737850582,0.489411041955736,-12.4600942740014,1.35041122614803e-31,1.06819061255892e-29,60.5623959038582,0.767911019208244,0.461891281357663,-0.306019737850581,20,30696827,R,II,TM9SF4,TSS1500,opensea,TSS1500-opensea,,,,,,,-0.3450815169785302
cg23254045,-0.232980887899266,0.626137715493162,-8.5995986278906,8.19103152204024e-17,9.82686081302745e-16,26.8203892445995,0.83816708469645,0.605186196797185,-0.232980887899266,15,38226454,R,II,TMCO5A,TSS1500,opensea,TSS1500-opensea,,,,,,,-0.253264014808987
cg24441810,-0.204803388947895,0.299516324911824,-8.44673109769309,2.6326253536717003e-16,3.0042370284771504e-15,25.667925736518,0.485902142911167,0.281098753963272,-0.204803388947895,2,120436039,R,I,TMEM177,TSS1500,shore,TSS1500-shore,chr2:120436530-120437010,,,,,,-0.2501551710058765
cg09502207,-0.247132800494383,0.646587414293983,-8.85300753341633,1.14304055624891e-17,1.49415417812238e-16,28.7654636353435,0.871496042082037,0.624363241587654,-0.247132800494383,8,133774222,F,II,TMEM71,TSS1500,opensea,TSS1500-opensea,,,,,,,-0.2788444395082151
cg14982276,-0.224123441649505,0.287504085507463,-9.87825407563606,2.6187739627588706e-21,5.037046161151911e-20,37.0566244807582,0.49147254139712,0.267349099747616,-0.224123441649505,21,42880582,F,I,TMPRSS2,TSS1500,island,TSS1500-island,chr21:42878751-42880674,,,,rs76833541,,-0.246403660138928
cg26147279,-0.231062779995862,0.601075648807476,-11.0631270960374,7.591542808167749e-26,2.54475306259177e-24,47.4146672886173,0.811359401825292,0.580296621829431,-0.231062779995861,3,13977886,F,II,TPRXL,TSS1500,shelf,TSS1500-shelf,chr3:13974400-13974867,,,,,,-0.2506583544183372
cg13191008,-0.247772212075384,0.513925657358654,-11.134324876591,3.95582799096871e-26,1.37770993273688e-24,48.0614719841827,0.739416195686252,0.491643983610868,-0.247772212075384,11,4629912,R,II,TRIM68,TSS1500,shore,TSS1500-shore,chr11:4629098-4629530,,,,,,-0.2623599983649944
cg05912589,-0.245901328310592,0.642133540882313,-9.59471849363972,2.8357445186484e-20,4.87288752860788e-19,34.6981723944099,0.865921440387996,0.620020112077404,-0.245901328310592,14,20774818,F,II,TTC5,TSS1500,opensea,TSS1500-opensea,,,,,rs35954250,,-0.2795228331371808
cg04399632,-0.225658907932435,0.453272154616139,-10.0523854755916,5.923189469066001e-22,1.22402279275472e-20,38.5288871527668,0.658637995288462,0.432979087356028,-0.225658907932434,16,11837547,R,II,TXNDC11,TSS1500,shore,TSS1500-shore,chr16:11836073-11837092,,,,,rs73519630,-0.2528629715952749
cg25941151,-0.321146222991671,0.532739436177769,-12.0905535221604,4.897583893421259e-30,3.0264381547709293e-28,56.9944012178163,0.825005603145009,0.503859380153338,-0.32114622299167,11,88910913,F,II,TYR,TSS200,opensea,TSS200-opensea,,,,,rs1799989,rs61759519,-0.3448668201922608
cg25612480,-0.229838421938712,0.477542657868187,-9.48572675250797,6.995099545441571e-20,1.15488174111641e-18,33.8046239654146,0.686712156970685,0.456873735031972,-0.229838421938713,8,48920460,R,II,UBE2V2,TSS1500,shore,TSS1500-shore,chr8:48920837-48921414,,,,,,-0.2496943342987573
cg09355820,-0.248116317608615,0.661144940658247,-10.160009386109,2.34301864685954e-22,5.07897049865626e-21,39.4477285496191,0.886948639776878,0.638832322168264,-0.248116317608615,1,10092237,F,II,UBE4B,TSS1500,shore,TSS1500-shore,chr1:10092532-10093404,,,,,,-0.2791133720952017
cg24229750,-0.253515251973576,0.534785199343299,-9.94827854759602,1.44351513577092e-21,2.8547422154902e-20,37.6465202577482,0.765502317146589,0.511987065173013,-0.253515251973576,11,5531283,R,II,UBQLN3,TSS200,opensea,TSS200-opensea,,,,,,,-0.2954183715432711
cg06530558,-0.252718211178084,0.584762332054574,-9.03162616676859,2.78197136542402e-18,3.86981526170954e-17,30.161972409563,0.814754085392902,0.562035874214818,-0.252718211178084,15,54304778,F,II,UNC13C,TSS1500,opensea,TSS1500-opensea,,,,,,,-0.2918624588182582
cg09305680,-0.287372481794712,0.410399600503907,-11.7043285487261,1.9547898550782e-28,9.48293639496703e-27,53.3326577102211,0.67192923321636,0.384556751421648,-0.287372481794711,8,117778069,R,II,UTP23,TSS1500,shore,TSS1500-shore,chr8:117778487-117779146,,,,,,-0.3283229538936853
cg12315311,-0.234460251392872,0.541975232916759,-9.70308182373078,1.14741398859728e-20,2.05867454969592e-19,35.5937938922184,0.755350929328258,0.520890677935385,-0.234460251392873,19,54568443,R,II,VSTM1,TSS1500,opensea,TSS1500-opensea,,,,,,,-0.2610280172990258
cg06580419,-0.234045754142224,0.450564503889887,-10.1017439195244,3.87427079877507e-22,8.18371727037156e-21,38.9494491662165,0.66356297798335,0.429517223841126,-0.234045754142225,2,215276156,F,II,VWC2L,TSS1500,opensea,TSS1500-opensea,,,,,,,-0.2514182976994623
cg07142325,-0.23790575819565,0.710889322327591,-9.09061435245986,1.73674068738922e-18,2.4678691764181402e-17,30.6277250987286,0.927400677807803,0.689494919612155,-0.237905758195649,1,119684001,R,II,WARS2,TSS1500,shore,TSS1500-shore,chr1:119682874-119683411,,,,,,-0.2608165756839025
cg25133753,-0.245225577476529,0.518111541245461,-9.21108972302783,6.589734010436872e-19,9.7844688929092e-18,31.5859172357097,0.741284458876978,0.496058881400449,-0.245225577476529,20,44299726,R,II,WFDC11,TSS1500,opensea,TSS1500-opensea,,,,,,,-0.2774495115782082
cg12547930,-0.240810108163014,0.506379582893257,-10.1425099341079,2.72560294772739e-22,5.86403669764259e-21,39.2978684095008,0.725534105789812,0.484723997626799,-0.240810108163013,20,44168753,R,II,WFDC6,TSS1500,opensea,TSS1500-opensea,,,,,,,-0.2574557461580011
cg05398095,-0.255399229815454,0.444694790012791,-10.1630726717455,2.28175734568563e-22,4.95245209850379e-21,39.4739798517165,0.677126463190165,0.42172723337471,-0.255399229815455,1,207224740,F,II,YOD1,TSS1500,shore,TSS1500-shore,chr1:207226281-207226842,True,,,,,-0.2729514989788971
cg27196999,-0.240611313828168,0.548135499186829,-8.07251264407421,4.293016984133081e-15,4.3561819407034e-14,22.9146202056417,0.767109104936924,0.526497791108756,-0.240611313828168,4,69216111,F,II,YTHDC1,TSS1500,shore,TSS1500-shore,chr4:69215304-69215921,,,,,,-0.2628855196106947
cg12497692,-0.220172029398624,0.662710962751211,-9.62737740000528,2.1605350995343902e-20,3.75984877010054e-19,34.9673430256613,0.863083349218304,0.64291131981968,-0.220172029398624,19,36203089,R,II,ZBTB32,TSS1500,shelf,TSS1500-shelf,chr19:36207084-36209691,,,,,,-0.254637938278862
cg13498800,-0.243077808332819,0.632228088362287,-9.72437690006206,9.59713560539566e-21,1.73606308622776e-19,35.7706375778471,0.853446381557262,0.610368573224443,-0.243077808332818,1,182031601,F,II,ZNF648,TSS1500,opensea,TSS1500-opensea,,,,,,,-0.2868924359428515
cg12210543,-0.222365171445087,0.348020449985539,-11.3114091198058,7.73165780453372e-27,2.96683835613485e-25,49.6815675018609,0.550388753494917,0.32802358204983,-0.222365171445087,19,12175107,F,II,ZNF844,TSS1500,shore,TSS1500-shore,chr19:12175460-12176057,,,,,,-0.2500764061980837
cg26810908,-0.296206429721198,0.545127885476537,-11.541594738701,9.04816064570994e-28,3.97056255187135e-26,51.8112253715057,0.814697046337916,0.518490616616717,-0.296206429721198,1,238054569,R,II,ZP4,TSS1500,opensea,TSS1500-opensea,,,,,,,-0.3280434336615384
