CpG,logFC,AveExpr,t,P.Value,adj.P.Val,B,Normal_AVG,Tumor_AVG,deltaBeta,CHR,MAPINFO,Strand,Type,gene,feature,cgi,feat.cgi,UCSC_CpG_Islands_Name,DHS,Enhancer,Phantom,Probe_SNPs,Probe_SNPs_10,dbeta,DNAm,cutpoint,F1,F1_validate,auc,study_count
cg10266490,0.351519500839524,0.540236979130116,15.5515007793858,1.56660551744667e-45,1.59719465769926e-42,92.4879255221302,0.220328944193426,0.571848445032951,0.351519500839524,1,55013709,R,II,ACOT11,TSS200,opensea,TSS200-opensea,,,,,,,0.416942778098265,hyper,0.4,0.9419087136929462,0.9021739130434784,0.9157312252964428,1
cg11659501,0.350236312650476,0.487936325708049,12.3687981011739,3.2975056741312904e-31,2.44296597506215e-29,59.675217666783,0.169196084339091,0.519432396989566,0.350236312650476,12,81471678,R,II,ACSS3,TSS200,island,TSS200-island,chr12:81471569-81472119,,,,,,0.4012260004051562,hyper,0.23,0.948875255623722,0.9148936170212766,0.9038735177865612,1
cg26573704,0.44396128219377,0.542280173928839,15.3166399445311,2.0001532359769901e-44,1.67587449474548e-41,89.9518205708557,0.138243467471919,0.582204749665689,0.44396128219377,5,33892223,R,II,ADAMTS12,TSS200,island,TSS200-island,chr5:33892191-33892403,True,,high-CpG:33927847-33928066,,,0.5691352798784615,hyper,0.25,0.9551020408163268,0.9484536082474226,0.9065612648221344,1
cg09651145,0.422567792960885,0.596595115891751,16.2737025842058,5.6807866302318296e-49,1.18730018568131e-45,100.37813734591,0.2120280237367,0.634595816697586,0.422567792960886,5,148651144,R,II,AFAP1L1,TSS1500,island,TSS1500-island,chr5:148650920-148651772,True,,,,,0.5138211454148163,hyper,0.42,0.9308176100628932,0.8852459016393442,0.9190513833992096,1
cg07330230,0.396037435490835,0.48494184207286,12.2445040877547,1.1053211972093099e-30,7.56187235854026e-29,58.4733464194051,0.124519283874366,0.520556719365202,0.396037435490835,3,125899925,F,I,ALDH1L1,TSS1500,shore,TSS1500-shore,chr3:125898662-125899568,,True,,,,0.4544304065414837,hyper,0.13,0.9572301425661914,0.98,0.9032411067193676,2
cg14375499,0.356259702825375,0.603360146302316,13.1092335378674,2.13602201529409e-34,2.74260123639492e-32,66.9734483870507,0.279138186536777,0.635397889362152,0.356259702825375,17,6899207,F,II,ALOX12,TSS200,island,TSS200-island,chr17:6898820-6900427,True,True,,rs312466,,0.415403655243938,hyper,0.44,0.9240506329113924,0.8791208791208791,0.90102766798419,1
cg08076018,0.374996152513637,0.468374150563767,11.1683888271698,2.8933188444951004e-26,1.02657834187803e-24,48.3718610405808,0.12710067363589,0.502096826149526,0.374996152513636,9,129885080,F,II,ANGPTL2,TSS200,opensea,TSS200-opensea,,,,,,,0.4266314990067949,hyper,0.12,0.9404517453798767,0.922279792746114,0.9057707509881424,1
cg20118643,0.437301405617856,0.603430350827213,14.8312648839362,3.6760168013227e-42,1.96999416060058e-39,84.7610331788212,0.205454611182187,0.642756016800042,0.437301405617855,15,60690852,R,II,ANXA2,TSS1500,island,TSS1500-island,chr15:60690708-60690930,,,,,,0.5273105160097294,hyper,0.45,0.9171974522292994,0.8729281767955802,0.8958102766798419,3
cg04380340,0.43991029672651,0.490110160235225,13.9747177870773,3.04505500844792e-38,7.78766090722739e-36,75.7820491539669,0.0897601419913145,0.529670438717825,0.43991029672651,2,201450506,R,II,AOX1,TSS1500,shore,TSS1500-shore,chr2:201450526-201451027,True,True,,,,0.4970315017271334,hyper,0.1,0.967741935483871,0.9543147208121826,0.9310671936758892,6
cg16970232,0.38240472529957,0.494346122015833,10.3334433954225,5.18440568220603e-23,1.2101503627687e-21,40.9424909111824,0.146330310861908,0.528735036161478,0.38240472529957,5,112073433,R,II,APC,TSS200,opensea,TSS200-opensea,,,,,,,0.4737278921493454,hyper,0.1,0.9338842975206612,0.9214659685863876,0.8594466403162057,6
cg15076145,0.360486585685314,0.470170831127606,11.7971266391623,8.11266245655585e-29,4.15467489718022e-27,54.2060025026799,0.14210210386723,0.502588689552544,0.360486585685314,4,94748686,R,II,ATOH1,TSS1500,shore,TSS1500-shore,chr4:94749495-94750998,,,,,,0.4094543029566756,hyper,0.22,0.9330543933054394,0.9197860962566844,0.9114624505928854,1
cg22777979,0.32962235405757,0.543197519545365,14.1811907029955,3.53778184159255e-39,1.07074112447009e-36,77.9239674889236,0.243217463514554,0.572839817572125,0.329622354057571,11,134283252,R,II,B3GAT1,TSS1500,shore,TSS1500-shore,chr11:134281380-134282919,,,,,,0.3738458345481571,hyper,0.39,0.9352818371607516,0.8791208791208791,0.924901185770751,1
cg24715680,0.311597020804575,0.696386423783914,13.8013916870896,1.83398546394009e-37,4.06094468193987e-35,73.9956233376623,0.412810717799895,0.724407738604469,0.311597020804574,2,215675429,R,II,BARD1,TSS1500,shore,TSS1500-shore,chr2:215673995-215675052,,,,,,0.3685319377033813,hyper,0.56,0.9285714285714286,0.8852459016393442,0.9035573122529644,1
cg18759209,0.355188592086869,0.512328197641325,16.3304227413169,3.03275565909797e-49,6.7113990748879514e-46,101.003320393197,0.189081025706153,0.544269617793022,0.355188592086869,20,55842071,R,I,BMP7,TSS1500,shore,TSS1500-shore,chr20:55840216-55841794,True,,,,,0.4075977812746775,hyper,0.29,0.959349593495935,0.9375,0.9509881422924902,2
cg04986616,0.366826123666658,0.584508101900505,14.464302527989,1.8060271428089399e-40,7.02623000269323e-38,80.8845975547932,0.250669938995238,0.617496062661895,0.366826123666658,11,63537378,R,II,C11orf95,TSS1500,island,TSS1500-island,chr11:63535652-63537435,,,,,,0.4228505971056457,hyper,0.43,0.9355509355509356,0.8791208791208791,0.9065612648221344,1
cg18674980,0.362901439282966,0.598701673033821,12.9802037478819,7.80405294228717e-34,9.05311050617683e-32,65.6851348652137,0.268435255269107,0.631336694552073,0.362901439282966,8,86350581,F,II,CA3,TSS1500,shore,TSS1500-shore,chr8:86350765-86351196,,True,,,,0.4152073981466279,hyper,0.38,0.9445585215605748,0.9489795918367346,0.895494071146245,1
cg06390484,0.329234900019838,0.675957332625907,13.7097172332354,4.72019572980165e-37,9.66663709597185e-35,73.0551557127863,0.376329887643825,0.705564787663663,0.329234900019838,7,134575271,R,II,CALD1,TSS1500,opensea,TSS1500-opensea,,,,,,,0.376427344225357,hyper,0.53,0.9240506329113924,0.9090909090909092,0.9130434782608696,1
cg08351336,0.343000211285128,0.551008111284808,14.0110307513551,2.08756802895171e-38,5.49198272959286e-36,76.1576740508088,0.238853242741149,0.581853454026277,0.343000211285127,5,71014820,F,II,CARTPT,TSS200,shore,TSS200-shore,chr5:71014917-71015715,,,,rs17358216,,0.3933497437159232,hyper,0.33,0.9595141700404858,0.9214659685863876,0.90498023715415,1
cg17469978,0.36480071904102,0.45983716811117,12.9200905408428,1.4239289060585399e-33,1.58052231912814e-31,65.0872466845066,0.127842269127796,0.492642988168816,0.36480071904102,7,116164704,R,II,CAV1,TSS200,island,TSS200-island,chr7:116164703-116166735,True,,,,,0.405101175523717,hyper,0.19,0.952965235173824,0.9197860962566844,0.920790513833992,2
cg20687242,0.434039699468386,0.581535261918876,15.2796006272014,2.98467783847315e-44,2.40371581070156e-41,89.5532738146057,0.186527909524985,0.620567608993371,0.434039699468385,12,54653427,F,II,CBX5,TSS200,opensea,TSS200-opensea,,True,,,,,0.5324745764147917,hyper,0.26,0.9678714859437751,0.953846153846154,0.9209486166007906,1
cg03576469,0.472785931475506,0.621988235775476,17.0832107588338,6.83629264534648e-53,3.1751203390649e-49,109.369499853174,0.191719024756399,0.664504956231906,0.472785931475507,19,46917061,F,II,CCDC8,TSS200,shore,TSS200-shore,chr19:46915311-46915802,True,,,,,0.5498279871805059,hyper,0.38,0.9613034623217924,0.9263157894736842,0.9135177865612648,4
cg11142705,0.372960163604148,0.482327575354124,13.3611355537976,1.6704059889205e-35,2.5935414158557002e-33,69.5077689987445,0.142906994807903,0.515867158412051,0.372960163604147,3,42306974,R,II,CCK,TSS1500,island,TSS1500-island,chr3:42306149-42307520,,,,,,0.4548691302807278,hyper,0.31,0.919831223628692,0.8603351955307262,0.9021343873517786,1
cg21462428,0.329878148598117,0.450886869763744,12.1329634515081,3.25349433514023e-30,2.06509336317096e-28,57.4007361399773,0.15067402229855,0.480552170896668,0.329878148598118,12,4381448,F,II,CCND2,TSS1500,island,TSS1500-island,chr12:4378366-4382222,,,,,,0.3934579593136668,hyper,0.24,0.937759336099585,0.8972972972972972,0.8828458498023716,1
cg10777851,0.311821294502116,0.453760494364273,9.45289960654148,9.16820402626705e-20,1.49351528349433e-18,33.5369368412233,0.169980683180692,0.481801977682808,0.311821294502116,3,112051808,F,II,CD200,TSS200,shore,TSS200-shore,chr3:112051893-112052406,,,,,,0.3714573477114759,hyper,0.22,0.908704883227176,0.8791208791208791,0.8697233201581027,1
cg20143092,0.354638084865228,0.452950795833836,11.2678951707638,1.1564291190568399e-26,4.33407468355029e-25,49.2819815448015,0.130204625075192,0.484842709940421,0.354638084865229,11,35160330,R,II,CD44,TSS200,shore,TSS200-shore,chr11:35160375-35161000,True,,,,,0.4006829270942624,hyper,0.22,0.9355509355509356,0.8715083798882681,0.901818181818182,3
cg22222281,0.339835369533291,0.558712542176417,13.2650349574471,4.4291828885744995e-35,6.3453189207775e-33,68.5379741893981,0.249437907313387,0.589273276846677,0.33983536953329,12,6308758,R,I,CD9,TSS1500,shore,TSS1500-shore,chr12:6309152-6310392,True,True,,,,0.3865666690728577,hyper,0.38,0.9330543933054394,0.9032258064516128,0.9052964426877472,1
cg15323528,0.417296073684769,0.49965035358933,16.1585350497832,2.02691019108509e-48,3.62780722675942e-45,99.1111055880761,0.119880905235925,0.537176978920694,0.417296073684769,10,73156427,R,II,CDH23,TSS1500,island,TSS1500-island,chr10:73156164-73157954,True,,high-CpG:72826209-72826722,,,0.4840933017196013,hyper,0.23,0.9570552147239264,0.9484536082474226,0.9252173913043478,1
cg06197769,0.321690422284711,0.552935888317416,11.5550856259142,7.97266809042717e-28,3.52575243794423e-26,51.9368608684534,0.260174460842482,0.581864883127192,0.321690422284711,12,12868983,R,II,CDKN1B,TSS1500,shore,TSS1500-shore,chr12:12869798-12871248,,True,,,,0.3887075466335487,hyper,0.31,0.9469387755102042,0.8936170212765958,0.8831620553359684,2
cg23180938,0.327648300822904,0.399769014490361,10.4745059606984,1.50144336256007e-23,3.7340550023924797e-22,42.17086465107,0.101585488921316,0.429233789744219,0.327648300822904,5,115152485,F,I,CDO1,TSS200,island,TSS200-island,chr5:115151348-115152713,True,,,,,0.3768183035671658,hyper,0.18,0.9032258064516128,0.9032258064516128,0.8567588932806324,2
cg07984133,0.328186809705528,0.503063487771479,12.6073778870608,3.17455275034991e-32,2.7838755651407598e-30,62.0013362358181,0.204389880377599,0.532576690083127,0.328186809705528,13,28544592,R,I,CDX2,TSS1500,island,TSS1500-island,chr13:28544524-28544890,,,,,,0.3790210639840844,hyper,0.35,0.9106382978723404,0.8983957219251336,0.8994466403162056,3
cg00735923,0.403022923848159,0.63903779044459,14.328604872229,7.5410065723777e-40,2.58023414764957e-37,79.4621915285853,0.272257935287812,0.675280859135971,0.403022923848159,7,117119963,R,II,CFTR,TSS200,opensea,TSS200-opensea,,,,low-CpG:116906174-116907321,,,0.5032207304210596,hyper,0.37,0.9575757575757576,0.9435897435897436,0.876205533596838,1
cg09469554,0.328228465889547,0.447295133114742,10.1246307847825,3.18050767585802e-22,6.789167556719051e-21,39.1449399530695,0.148583615596557,0.476812081486104,0.328228465889548,13,96204917,R,I,CLDN10,TSS200,island,TSS200-island,chr13:96204691-96205496,True,,high-CpG:95002899-95002984,,,0.4010387323851567,hyper,0.16,0.913684210526316,0.9157894736842104,0.8766798418972334,1
cg18344652,0.345762126076142,0.543845776083345,10.2575902318718,1.00486734132674e-22,2.26694721842065e-21,40.2866208698649,0.229177366380957,0.574939492457099,0.345762126076142,1,95393096,F,I,CNN3,TSS1500,island,TSS1500-island,chr1:95391837-95393116,,,,,,0.4213771586970247,hyper,0.26,0.9067796610169492,0.8913043478260869,0.8509090909090911,1
cg14957943,0.356267632674138,0.495507702713739,10.6651790285152,2.76379117457598e-24,7.545918127813031e-23,43.8488954942228,0.171278526215333,0.527546158889471,0.356267632674138,3,48632783,F,II,COL7A1,TSS200,island,TSS200-island,chr3:48631882-48632901,,True,high-CpG:48607725-48607801,,,0.4154586674189959,hyper,0.2,0.931106471816284,0.9148936170212766,0.890909090909091,2
cg02032778,0.409746377406386,0.530437612440496,10.8066571571775,7.773819252637761e-25,2.2757370414275905e-23,45.1068662590108,0.157538930844037,0.567285308250423,0.409746377406386,7,29186228,F,II,CPVL,TSS200,opensea,TSS200-opensea,,,True,,rs245880,,0.4561133850188968,hyper,0.21,0.9171974522292994,0.8839779005524862,0.8613438735177866,2
cg20427865,0.333004354314127,0.731548142253296,15.8062114016037,9.72945761876171e-47,1.28882767727685e-43,95.2553735857053,0.428490222679647,0.761494576993775,0.333004354314128,16,57406353,F,II,CX3CL1,TSS200,opensea,TSS200-opensea,,,True,,rs2301772,,0.3917293323481786,hyper,0.62,0.926315789473684,0.8409090909090909,0.9211067193675888,1
cg02029926,0.399465748971516,0.567971628053226,13.0401016315884,4.28013912428482e-34,5.19590106244456e-32,66.2823525320032,0.204429057946055,0.603894806917571,0.399465748971516,4,74734874,F,II,CXCL1,TSS1500,shore,TSS1500-shore,chr4:74734918-74735544,,,,,,0.4834237259327127,hyper,0.28,0.9467213114754098,0.9206349206349206,0.886798418972332,2
cg13215970,0.313181800635429,0.552291915339752,12.3885932559438,2.7180212391706602e-31,2.03821963253673e-29,59.8672656057361,0.267273945696718,0.580455746332147,0.313181800635428,4,74864596,R,II,CXCL5,TSS200,shore,TSS200-shore,chr4:74864113-74864329,,True,,,,0.3813065535417825,hyper,0.29,0.9535353535353536,0.934010152284264,0.8763636363636362,2
cg16281276,0.324481693009071,0.505326547518681,12.1930612019745,1.8198261757011198e-30,1.2036352082096299e-28,57.9779516611915,0.210024862873735,0.534506555882806,0.324481693009071,11,7695528,R,I,CYB5R2,TSS1500,island,TSS1500-island,chr11:7694711-7695685,True,,,,,0.3701634393218402,hyper,0.36,0.9129511677282378,0.8804347826086957,0.8861660079051383,1
cg08843517,0.45274209856766,0.6268695794146,17.9917809139636,2.33444574767087e-57,2.58302988971329e-53,119.618494115592,0.214841698344033,0.667583796911692,0.452742098567659,16,88717464,F,I,CYBA,TSS200,island,TSS200-island,chr16:88716989-88717606,,,high-CpG:87244919-87245004,rs72550704,,0.5423963439657444,hyper,0.31,0.9699398797595192,0.964467005076142,0.9198418972332016,2
cg11256607,0.325784987589646,0.576258247343768,13.9803844743276,2.87093233123323e-38,7.36738811508594e-36,75.8406352547785,0.2797704708683,0.605555458457945,0.325784987589645,1,58716306,F,II,DAB1,TSS200,shore,TSS200-shore,chr1:58715272-58716095,,,,,,0.372510329056731,hyper,0.39,0.9527720739219712,0.9032258064516128,0.9092490118577076,3
cg20303028,0.335238428681698,0.547422719791635,13.0206781789083,5.2013712448631095e-34,6.22782262626902e-32,66.0885289766643,0.242331631818723,0.577570060500421,0.335238428681698,2,74607507,F,II,DCTN1,TSS200,opensea,TSS200-opensea,,True,True,,rs13411165,,0.3746238256942996,hyper,0.34,0.9399585921325052,0.936842105263158,0.9154150197628458,1
cg11095319,0.349780151501165,0.455552027448466,13.3457737084874,1.9526436862979105e-35,3.00202009809442e-33,69.3525038685642,0.137226925542729,0.487007077043894,0.349780151501165,11,19263864,R,II,E2F8,TSS1500,island,TSS1500-island,chr11:19262473-19264397,,,,,,0.3998527218324363,hyper,0.3,0.9217758985200843,0.8972972972972972,0.9146245059288538,1
cg05385513,0.476907781340765,0.636862005956573,16.8155244682466,1.37318387380843e-51,5.11483801233761e-48,106.380412749202,0.202841615024151,0.679749396364915,0.476907781340765,2,56150478,F,II,EFEMP1,TSS200,island,TSS200-island,chr2:56150340-56151180,True,,,,,0.5764755749995764,hyper,0.37,0.952965235173824,0.9319371727748692,0.9244268774703558,3
cg18844382,0.410266800033851,0.533370037396711,17.8865051678045,7.744124793805299e-57,7.66678544224612e-53,118.423380018238,0.159997733768781,0.570264533802633,0.410266800033851,14,23834977,F,I,EFS,TSS200,island,TSS200-island,chr14:23834435-23835947,,,high-CpG:22904163-22905667,,,0.4840003529091217,hyper,0.44,0.9308176100628932,0.8666666666666667,0.9176284584980235,5
cg19915711,0.361834474397202,0.481987295296905,11.4924069208578,1.43418877555988e-27,6.11317684465786e-26,51.3539203635846,0.1526918923383,0.514526366735502,0.361834474397202,13,43566421,F,II,EPSTI1,TSS200,island,TSS200-island,chr13:43566074-43566508,True,True,,rs74062052,,0.4124006884466664,hyper,0.32,0.8961038961038962,0.8603351955307262,0.872094861660079,3
cg20787173,0.39875768390968,0.54114519600912,14.5322337057266,8.81089595210059e-41,3.64653807663366e-38,81.5989400248934,0.178247016048152,0.577004699957832,0.39875768390968,6,133562475,F,I,EYA4,TSS200,island,TSS200-island,chr6:133562086-133563586,True,,,,,0.4972292247461721,hyper,0.19,0.9635627530364372,0.9489795918367346,0.913201581027668,2
cg06947913,0.381894178893077,0.489870476935772,13.3232834186862,2.45366451995626e-35,3.70269097765802e-33,69.1253556540646,0.142319299741713,0.524213478634789,0.381894178893077,12,50297793,R,I,FAIM2,TSS200,island,TSS200-island,chr12:50297580-50297988,True,True,,,,0.5054959466905994,hyper,0.21,0.931106471816284,0.9375,0.8999209486166008,1
cg27223047,0.398303501092994,0.628811969815638,14.0705817151068,1.12288627730268e-38,3.09023724910502e-36,76.7746787918566,0.266327128892877,0.664630629985871,0.398303501092994,5,127874825,F,II,FBN2,TSS1500,island,TSS1500-island,chr5:127872563-127874945,,,,rs55770077,,0.4671130895441213,hyper,0.3,0.9699398797595192,0.9424083769633508,0.9141501976284584,1
cg06169131,0.331977367461468,0.52268070358362,13.8763181546443,8.45017039085361e-38,1.9918523508089501e-35,74.7665473263034,0.220557415929839,0.552534783391306,0.331977367461468,10,103536348,F,II,FGF8,TSS1500,island,TSS1500-island,chr10:103535636-103536505,,,,,,0.3888117015378936,hyper,0.29,0.9595141700404858,0.91005291005291,0.9122529644268776,3
cg23083315,0.377832240788893,0.431588918862629,12.4029115091115,2.36317668135977e-31,1.79350188301584e-29,60.0062862701542,0.0877343975691396,0.465566638358033,0.377832240788893,11,35639656,R,I,FJX1,TSS200,island,TSS200-island,chr11:35639629-35641485,,,,,,0.416856954956561,hyper,0.2,0.9145299145299146,0.936842105263158,0.9163636363636364,1
cg13804182,0.373157942013263,0.437508435439633,12.2508265001366,1.03953672442435e-30,7.14690996732573e-29,58.5343139148224,0.0979078623124547,0.471065804325717,0.373157942013263,6,30711796,R,II,FLOT1,TSS1500,island,TSS1500-island,chr6:30710307-30712440,,,,,,0.4111148577777953,hyper,0.21,0.9330543933054394,0.8791208791208791,0.9144664031620554,1
cg01537995,0.357525674949213,0.514206711210692,14.4085717958368,3.25059357404639e-40,1.19656512282204e-37,80.2996803048521,0.18883262573533,0.546358300684542,0.357525674949213,14,85996352,F,II,FLRT2,TSS200,shore,TSS200-shore,chr14:85996494-85996958,,,high-CpG:85066099-85066447,,,0.4178564012515164,hyper,0.33,0.9397089397089397,0.9206349206349206,0.9106719367588934,2
cg14000361,0.402983810102763,0.61218286928046,15.3575257604146,1.28523477006278e-44,1.10897189603547e-41,90.3922090855981,0.24543861044593,0.648422420548694,0.402983810102764,6,10882336,F,I,GCM2,TSS1500,shore,TSS1500-shore,chr6:10882926-10883149,,,,,,0.4981408368737902,hyper,0.41,0.9465020576131686,0.9381443298969072,0.906403162055336,1
cg09350274,0.348394990686974,0.436015887222393,8.56493467582792,1.0688282629296699e-16,1.2670906178088301e-15,26.5576684447658,0.118951381309428,0.467346371996401,0.348394990686973,5,137610396,F,II,GFRA3,TSS200,shore,TSS200-shore,chr5:137610105-137610311,,True,,,,0.4227641974514611,hyper,0.25,0.8329519450800915,0.8764044943820225,0.8357312252964427,1
cg12080909,0.322670238590478,0.688299539660356,14.0379707588154,1.57716413093312e-38,4.23207583364974e-36,76.4366442449587,0.39464640885679,0.717316647447269,0.322670238590479,17,27917982,R,II,GIT1,TSS1500,shore,TSS1500-shore,chr17:27918161-27918398,,True,,,,0.3816407534058677,hyper,0.5,0.9467213114754098,0.91005291005291,0.8977075098814229,1
cg11521404,0.340885981083064,0.450570467215277,11.3589238912808,4.97600584068699e-27,1.9612344445213704e-25,50.1189907594111,0.140339700258387,0.481225681341452,0.340885981083065,13,20735532,R,I,GJA3,TSS1500,island,TSS1500-island,chr13:20735043-20736157,True,,,,,0.3979026220483665,hyper,0.27,0.8845315904139434,0.8983957219251336,0.8765217391304347,2
cg14615784,0.316151627933655,0.458839893307147,9.21612720035358,6.326796595995016e-19,9.41040016366704e-18,31.6261846464904,0.171119167166087,0.487270795099741,0.316151627933655,5,94955756,F,II,GPR150,TSS1500,island,TSS1500-island,chr5:94955630-94957244,,,,rs10038242,,0.3771678414627603,hyper,0.26,0.8826086956521739,0.9319371727748692,0.8510671936758893,2
cg03884132,0.350105829466182,0.472510128928217,10.5087353188831,1.1096758322167999e-23,2.80724629452707e-22,42.4706178955159,0.153888636644246,0.503994466110427,0.350105829466181,15,33009531,R,II,GREM1,TSS1500,island,TSS1500-island,chr15:33009530-33011696,,,,,,0.4082005004569439,hyper,0.16,0.9313929313929312,0.9333333333333332,0.8874308300395257,3
cg14616251,0.404011070477339,0.581737677720857,14.9160907695487,1.48537352909753e-42,8.53137325975778e-40,85.6631099906517,0.214058538041839,0.618069608519178,0.404011070477339,1,24648696,R,II,GRHL3,TSS1500,island,TSS1500-island,chr1:24648202-24648985,True,,,,,0.4946682505764716,hyper,0.42,0.9194915254237288,0.8729281767955802,0.9040316205533596,2
cg20676696,0.431736040552752,0.544759410512454,14.5419411689557,7.951051596666773e-41,3.33469940459757e-38,81.7011432091326,0.151848553462648,0.5835845940154,0.431736040552752,1,110210444,R,II,GSTM2,TSS200,shore,TSS200-shore,chr1:110210581-110210956,True,True,,,,0.5243235746037819,hyper,0.21,0.959349593495935,0.9430051813471504,0.9027667984189722,2
cg13506653,0.370669118286018,0.478476883602556,9.47508616972083,7.636747946213e-20,1.25468720460523e-18,33.7177826107104,0.141141319119238,0.511810437405255,0.370669118286017,4,54965863,F,I,GSX2,TSS1500,shore,TSS1500-shore,chr4:54966163-54968063,True,,,,,0.4500212285269162,hyper,0.17,0.8898488120950324,0.9139784946236558,0.8505928853754942,3
cg08421126,0.391410062656938,0.589522710220939,10.9789371991934,1.63538023818165e-25,5.23028328236953e-24,46.653256286427,0.233311394205813,0.62472145686275,0.391410062656938,2,43019854,R,II,HAAO,TSS200,island,TSS200-island,chr2:43019665-43020509,,,high-CpG:42873185-42873845,,,0.4750016545552685,hyper,0.23,0.925,0.9263157894736842,0.867193675889328,2
cg09827752,0.347741087310016,0.563488320641504,12.5895170993877,3.78572001081246e-32,3.27780620636986e-30,61.8263372858556,0.247018913844979,0.594760001154995,0.347741087310016,1,2461823,F,I,HES5,TSS200,island,TSS200-island,chr1:2460760-2462010,,,,,,0.4318018022978888,hyper,0.44,0.9152542372881356,0.9148936170212766,0.8640316205533596,3
cg14117138,0.487159328486733,0.627808755769014,17.5304202466532,4.40969178723776e-55,2.91043526108383e-51,114.395220684747,0.184458719412384,0.671618047899116,0.487159328486732,19,46800085,R,I,HIF3A,TSS1500,island,TSS1500-island,chr19:46800053-46800603,True,,,,,0.5870461167326491,hyper,0.35,0.9635627530364372,0.9591836734693876,0.9195256916996049,3
cg05471296,0.392469483768211,0.51017377496178,12.564094306774,4.86281035351434e-32,4.13414412628422e-30,61.5774838985052,0.152998309518048,0.545467793286259,0.392469483768211,7,27196302,F,II,HOXA7,TSS200,island,TSS200-island,chr7:27195601-27196567,True,,high-CpG:27162728-27162853,,,0.4355766123939883,hyper,0.3,0.9194915254237288,0.9090909090909092,0.8975494071146245,2
cg06714180,0.377127519590731,0.48285668848969,12.4557057178036,1.40974155361897e-31,1.1104518868911699e-29,60.5196656073991,0.139643514185896,0.516771033776626,0.377127519590731,12,54409525,F,II,HOXC4,TSS1500,shore,TSS1500-shore,chr12:54408426-54408713,,,,,,0.4126373973531785,hyper,0.29,0.9032258064516128,0.8901098901098902,0.9239525691699604,3
cg12781915,0.331967813122403,0.625711497767554,13.3553017028329,1.7724537536065402e-35,2.74067391851849e-33,69.448794355056,0.323596905249683,0.655564718372087,0.331967813122404,3,185544099,R,II,IGF2BP2,TSS1500,island,TSS1500-island,chr3:185541048-185544146,,,,,,0.4123605784306045,hyper,0.47,0.9313929313929312,0.8666666666666667,0.88,1
cg07589773,0.337993856453864,0.466404466824702,10.9908352645641,1.4676202382004702e-25,4.72501827522785e-24,46.7606357898471,0.158805741346905,0.496799597800769,0.337993856453865,7,50343883,F,I,IKZF1,TSS1500,island,TSS1500-island,chr7:50343757-50344519,,,high-CpG:50313999-50314998,,,0.4694403614943672,hyper,0.29,0.8864628820960699,0.8972972972972972,0.8513833992094861,1
cg10119075,0.415495678216944,0.596070154894217,15.8172425611504,8.622924987392271e-47,1.15444394835655e-43,95.3756156478441,0.217939195941387,0.633434874158331,0.415495678216943,10,7709738,F,II,ITIH5,TSS1500,opensea,TSS1500-opensea,,,,,,,0.483559218180087,hyper,0.39,0.9506172839506172,0.9206349206349206,0.918102766798419,2
cg10101773,0.316279423782669,0.625658158925076,13.7516486174796,3.06431723583078e-37,6.46557187720539e-35,73.4849386591963,0.337821129367466,0.654100553150136,0.31627942378267,14,75894136,F,I,JDP2,TSS1500,shore,TSS1500-shore,chr14:75894308-75895469,,,,,,0.3861269569207745,hyper,0.46,0.9399585921325052,0.9319371727748692,0.8972332015810277,1
cg20104456,0.394128198195543,0.64874755347794,15.3576074188691,1.2840993715746601e-44,1.10897189603547e-41,90.3930891171264,0.290062538573364,0.684190736768906,0.394128198195542,19,51568523,R,II,KLK13,TSS200,shore,TSS200-shore,chr19:51568154-51568412,,True,,,,0.44240678114374,hyper,0.48,0.9308176100628932,0.8729281767955802,0.9263241106719368,1
cg19820372,0.351296752227615,0.454776626468304,13.7202908078737,4.23324642879293e-37,8.716849878183061e-35,73.1634704653021,0.135071308793532,0.486368061021147,0.351296752227615,11,111411216,R,II,LAYN,TSS200,island,TSS200-island,chr11:111410932-111412199,True,,,,,0.3943623424685734,hyper,0.22,0.9614604462474644,0.9148936170212766,0.926798418972332,2
cg26412532,0.407850797486297,0.51874839784311,15.3088955079509,2.1748213308468801e-44,1.79819485444231e-41,89.8684573073042,0.147574830346587,0.555425627832885,0.407850797486298,10,103881068,F,II,LDB1,TSS1500,shore,TSS1500-shore,chr10:103879633-103880628,,,,,,0.4904813759565571,hyper,0.33,0.9397089397089397,0.9090909090909092,0.9203162055335968,1
cg14102988,0.397848044983532,0.508560546253403,13.5523579636366,2.3746090020736797e-36,4.23183221044589e-34,71.4480852275922,0.14649020315688,0.544338248140411,0.397848044983532,9,113801337,R,II,LPAR1,TSS1500,island,TSS1500-island,chr9:113799913-113801375,,,high-CpG:112840107-112841306,,,0.4570107478901821,hyper,0.2,0.952965235173824,0.9263157894736842,0.9116205533596838,3
cg26307117,0.346015325696733,0.550796856991096,13.1526181687382,1.37960246893148e-34,1.82751178459285e-32,67.4081368804691,0.235898017418171,0.581913343114903,0.346015325696732,3,46506552,F,I,LTF,TSS200,shore,TSS200-shore,chr3:46506161-46506416,,,,,,0.3975684747367041,hyper,0.36,0.937759336099585,0.9090909090909092,0.9100395256916995,1
cg24021956,0.322300583772932,0.425204494514247,10.7879969810486,9.19510080292509e-25,2.66731659924777e-23,44.9403259801706,0.131887776188521,0.454188359961453,0.322300583772932,7,79083509,R,II,MAGI2,TSS1500,island,TSS1500-island,chr7:79082948-79083850,True,,,rs79578319,,0.3682302223755507,hyper,0.17,0.9288702928870294,0.9319371727748692,0.895494071146245,1
cg14578894,0.365326523033347,0.658719946654288,14.4099680981246,3.20311976106687e-40,1.18140163697271e-37,80.3143225666526,0.326246528210271,0.691573051243618,0.365326523033348,4,87281511,F,II,MAPK10,TSS200,opensea,TSS200-opensea,,,,,,,0.3825196030581155,hyper,0.51,0.9266247379454926,0.850828729281768,0.905612648221344,1
cg01508380,0.364198029460659,0.484478321975611,11.9431977001582,2.01559975490133e-29,1.12889490217754e-27,55.5890415488631,0.153031913869328,0.517229943329987,0.364198029460658,14,23305585,F,II,MMP14,TSS1500,shore,TSS1500-shore,chr14:23305893-23307013,,,,,,0.4167373640013005,hyper,0.22,0.931106471816284,0.8791208791208791,0.9075098814229248,1
cg20902783,0.342560820560275,0.602544468408988,14.9099690222893,1.58587352052407e-42,9.0808759176371e-40,85.5979348190893,0.290789477035788,0.633350297596063,0.342560820560275,14,21494071,R,II,NDRG2,TSS1500,island,TSS1500-island,chr14:21492735-21494270,True,,,,,0.3948637413686182,hyper,0.42,0.9508196721311476,0.8972972972972972,0.9138339920948616,1
cg18363192,0.342871752289581,0.481908980943723,12.2389508063534,1.16651125962108e-30,7.93719241138991e-29,58.4198106141065,0.169871019327666,0.512742771617247,0.342871752289581,6,31831434,R,II,NEU1,TSS1500,shore,TSS1500-shore,chr6:31830299-31830948,,,,,,0.39326338502859,hyper,0.31,0.9106382978723404,0.8555555555555556,0.9007114624505929,2
cg18711066,0.356505591874763,0.478427817961566,12.9947900360644,6.74299606892771e-34,7.91497296758486e-32,65.8304340792594,0.153982081471225,0.510487673345987,0.356505591874763,16,68118822,F,II,NFATC3,TSS1500,island,TSS1500-island,chr16:68118564-68119986,,,,,,0.4161563078927982,hyper,0.2,0.9595141700404858,0.9032258064516128,0.9106719367588932,2
cg01781974,0.314698391985311,0.436485032943996,10.8518050767586,5.17451766140819e-25,1.54965723356955e-23,45.5105821380218,0.150086856065278,0.464785248050589,0.314698391985311,14,52535973,R,I,NID2,TSS200,island,TSS200-island,chr14:52534581-52536722,True,,high-CpG:51605470-51605775,,,0.3685930407197162,hyper,0.22,0.905982905982906,0.9319371727748692,0.88,1
cg00536939,0.409704033357012,0.514341935467945,15.3720320507651,1.0984580973873201e-44,9.610358802967347e-42,90.5485726111185,0.141481790002751,0.551185823359763,0.409704033357012,11,47279352,R,II,NR1H3,TSS200,opensea,TSS200-opensea,,True,True,,,,0.465295211340527,hyper,0.27,0.9462809917355371,0.9319371727748692,0.939604743083004,2
cg03430846,0.323537739807327,0.423974354636849,10.143018356129,2.7136586620107298e-22,5.83934082789994e-21,39.3022198838852,0.129531735315792,0.453069475123119,0.323537739807327,8,31497082,F,II,NRG1,TSS200,island,TSS200-island,chr8:31496525-31498346,,,,,,0.3692237374532006,hyper,0.15,0.937759336099585,0.8913043478260869,0.9002371541501977,1
cg18525352,0.374427690336222,0.625537307323645,14.8404262137465,3.3336498030975096e-42,1.79675605182564e-39,84.8583523937244,0.284781171873774,0.659208862209996,0.374427690336223,12,106533867,R,I,NUAK1,TSS200,shore,TSS200-shore,chr12:106532106-106533696,,,,,,0.4306464729369911,hyper,0.38,0.9616161616161616,0.9375,0.9059288537549408,1
cg24167314,0.402137505455157,0.543795373572467,11.5495618646639,8.39672593348214e-28,3.70023460209166e-26,51.8854093249394,0.177821312852486,0.579958818307643,0.402137505455157,12,103311500,R,II,PAH,TSS200,shore,TSS200-shore,chr12:103311040-103311253,,True,,,,0.480435473749903,hyper,0.35,0.8984881209503239,0.8409090909090909,0.8733596837944666,1
cg18077971,0.342277001704585,0.625296468434662,13.6894660685004,5.81402224948155e-37,1.17468541373051e-34,72.8478196468352,0.313799772638761,0.656076774343348,0.342277001704587,2,223164867,F,I,PAX3,TSS1500,shore,TSS1500-shore,chr2:223162946-223163912,,True,,rs45506598,,0.3982673481936719,hyper,0.45,0.9355509355509356,0.9206349206349206,0.8972332015810277,3
cg22488256,0.380415352655012,0.547260828149111,13.8054488803265,1.75871468408676e-37,3.9011630762196997e-35,74.0373160589787,0.201055489222068,0.58147084187708,0.380415352655012,1,66258046,R,II,PDE4B,TSS200,shore,TSS200-shore,chr1:66258440-66258918,,,,,,0.4299553486685182,hyper,0.33,0.9440993788819876,0.9312169312169312,0.913201581027668,2
cg12727795,0.343961943338011,0.497204717243409,13.9541787112068,3.76913296142856e-38,9.44681322954185e-36,75.5697974374791,0.184174603342269,0.528136546680281,0.343961943338012,5,149535695,F,II,PDGFRB,TSS1500,opensea,TSS1500-opensea,,,,,,,0.3980224237477301,hyper,0.32,0.9397089397089397,0.8972972972972972,0.9049802371541502,3
cg04518342,0.307078601938051,0.503581042651168,8.52448673937355,1.45654332595414e-16,1.7032696588249605e-15,26.2521388843958,0.224117422901791,0.531196024839842,0.307078601938051,5,131593106,R,I,PDLIM4,TSS1500,island,TSS1500-island,chr5:131593039-131593813,True,,,,,0.3682375631992102,hyper,0.39,0.8501118568232662,0.8255813953488371,0.8020553359683794,1
cg18877506,0.352897652964067,0.407452470019892,12.8181183756535,3.93599217503736e-33,4.027032733777351e-31,64.076445179775,0.0862902175022342,0.439187870466301,0.352897652964066,1,13910555,R,II,PDPN,TSS1500,island,TSS1500-island,chr1:13910137-13910868,True,,,,,0.3806001125637348,hyper,0.17,0.9462809917355371,0.9484536082474226,0.9408695652173912,1
cg10708955,0.343346685020643,0.561802734530941,13.8729831595515,8.74707720000744e-38,2.054116215998e-35,74.7321902470591,0.249332549961794,0.592679234982438,0.343346685020644,17,8056950,R,II,PER1,TSS1500,shore,TSS1500-shore,chr17:8054550-8055835,True,True,,,,0.373679097108589,hyper,0.33,0.9490835030549898,0.9319371727748692,0.916205533596838,1
cg07198194,0.418193306433006,0.539452539289306,18.4328048444547,1.50723882659658e-59,2.7001465845703198e-55,124.644481176863,0.158866544585887,0.577059851018893,0.418193306433006,10,3109053,R,I,PFKP,TSS1500,island,TSS1500-island,chr10:3108650-3111419,,,,,,0.5045797129355043,hyper,0.29,0.9698189134808854,0.953846153846154,0.9283794466403162,2
cg24530250,0.3732246861303,0.46498006372289,11.4967767735769,1.37674960245324e-27,5.88702073415458e-26,51.394498858506,0.125318748647472,0.498543434777773,0.373224686130301,11,71955599,R,I,PHOX2A,TSS1500,island,TSS1500-island,chr11:71954816-71955659,True,,,,,0.426155064015404,hyper,0.11,0.9698189134808854,0.97,0.9114624505928852,4
cg24182521,0.340640406799769,0.523146335455151,12.4590182626147,1.36472403798039e-31,1.07815205104664e-29,60.5519182614962,0.213139058763275,0.553779465563044,0.340640406799769,20,44541013,F,II,PLTP,TSS1500,shore,TSS1500-shore,chr20:44539729-44540099,True,,,,,0.3777678253811921,hyper,0.31,0.9375,0.9032258064516128,0.9079841897233204,1
cg19513834,0.348170488058531,0.449684555366052,11.3872413242029,3.82459093321339e-27,1.53132208602548e-25,50.3802249383408,0.132824362996238,0.480994851054769,0.34817048805853,2,105470561,R,I,POU3F3,TSS1500,island,TSS1500-island,chr2:105468851-105473488,,,high-CpG:104836973-104837008,,,0.38883899375817,hyper,0.19,0.9419087136929462,0.9430051813471504,0.9187351778656128,4
cg14130039,0.431070513466739,0.582808575791412,15.174808676794,9.24263024229958e-44,6.69966032813933e-41,88.427837877297,0.190503396269524,0.621573909736263,0.431070513466739,6,32121225,R,II,PPT2,TSS200,shore,TSS200-shore,chr6:32121829-32122529,,,,,,0.5089701941531155,hyper,0.21,0.9699398797595192,0.964467005076142,0.9154150197628458,1
cg04203238,0.397378973302641,0.563978376071398,16.3109909488247,3.7605774640740594e-49,8.17773436342186e-46,100.789052579295,0.202334921950649,0.599713895253291,0.397378973302641,4,16085702,F,I,PROM1,TSS200,island,TSS200-island,chr4:16084195-16085735,True,,high-CpG:15694060-15695184,,,0.4903926109564518,hyper,0.41,0.9484536082474228,0.9032258064516128,0.9190513833992096,3
cg08730348,0.374805877314761,0.551456851426933,15.5759597724609,1.20058185330357e-45,1.2616337880504799e-42,92.7529182614289,0.210356538618895,0.585162415933656,0.374805877314761,16,31214307,F,II,PYCARD,TSS200,shore,TSS200-shore,chr16:31213566-31214287,True,,,,,0.4235816589438286,hyper,0.4,0.9419087136929462,0.8791208791208791,0.9288537549407114,2
cg03053374,0.365698414119069,0.488272664066257,16.8105942262511,1.45099198237225e-51,5.35167096792501e-48,106.325501297656,0.155460797979479,0.521159212098548,0.365698414119068,17,38465422,R,II,RARA,TSS200,opensea,TSS200-opensea,,,,,,,0.443729351332617,hyper,0.21,0.9699398797595192,0.964467005076142,0.9282213438735178,1
cg02499249,0.461076705372628,0.568310675965825,15.1753106771092,9.1927872031659e-44,6.68930852953004e-41,88.4332216337471,0.148697703090735,0.609774408463363,0.461076705372628,3,25469720,R,II,RARB,TSS200,opensea,TSS200-opensea,,,True,,,,0.5371914007879595,hyper,0.26,0.9570552147239264,0.9263157894736842,0.9187351778656128,6
cg18349298,0.337116585450954,0.599215763817812,17.8682984185877,9.527046332457429e-57,8.960306163755371e-53,118.216882080535,0.292415418065686,0.629532003516638,0.337116585450953,3,158450550,F,I,RARRES1,TSS1500,island,TSS1500-island,chr3:158449795-158450597,True,True,,,,0.3919695169496683,hyper,0.46,0.9570552147239264,0.9430051813471504,0.9285375494071146,2
cg27494647,0.396712068658466,0.614217820047713,15.992248425408,1.26476312772794e-47,1.96615790275574e-44,97.2874104913349,0.253181297131915,0.649893365790381,0.396712068658466,7,150038898,F,I,RARRES2,TSS200,island,TSS200-island,chr7:150037459-150039031,True,,,,,0.466097955363565,hyper,0.37,0.9572301425661914,0.9381443298969072,0.9255335968379446,2
cg16032102,0.318566784764355,0.411712240764977,10.4932842206454,1.27205290642058e-23,3.1931184603987097e-22,42.3352286349095,0.12179354815569,0.440360332920045,0.318566784764355,1,206680459,F,II,RASSF5,TSS1500,island,TSS1500-island,chr1:206680236-206681444,True,,,,,0.370025828423331,hyper,0.13,0.931106471816284,0.9484536082474226,0.8728853754940711,1
cg15229124,0.354439553507262,0.538597802437299,14.2539251417794,1.65159592715438e-39,5.30918310967561e-37,78.6820095448124,0.216032309497236,0.570471863004499,0.354439553507263,3,139258912,F,I,RBP1,TSS1500,shore,TSS1500-shore,chr3:139257712-139257949,,,,rs75826136,,0.4084230853486832,hyper,0.29,0.9574036511156186,0.9435897435897436,0.912411067193676,1
cg16425038,0.320761341145928,0.583905101743795,14.594160644861,4.57412107954956e-41,2.01972678489665e-38,82.2514485015606,0.291989204945523,0.61275054609145,0.320761341145927,14,24641194,F,I,REC8,TSS200,island,TSS200-island,chr14:24641053-24642220,True,,high-CpG:23710910-23711161,rs1043116,,0.3871114819149859,hyper,0.45,0.9355509355509356,0.9148936170212766,0.9035573122529644,1
cg10959198,0.339012440425806,0.66699571193753,12.4433694973124,1.5907837428547302e-31,1.24033326006355e-29,60.3995962132049,0.358470001765843,0.697482442191649,0.339012440425807,15,93632896,F,II,RGMA,TSS1500,island,TSS1500-island,chr15:93631428-93633173,,,,,,0.3906349923250195,hyper,0.58,0.8766519823788546,0.8342857142857143,0.8844268774703559,2
cg01837657,0.391738815642911,0.569215691376536,16.5686742555276,2.1547463135900003e-50,5.8318441503894e-47,103.63758678783,0.21270518649288,0.604444002135791,0.391738815642911,15,90039822,R,I,RHCG,TSS200,island,TSS200-island,chr15:90039464-90039984,True,True,,,,0.4384889246681208,hyper,0.43,0.9440993788819876,0.9206349206349206,0.921106719367589,4
cg19516515,0.345452495386748,0.412539047649008,12.5863693763151,3.9049769681106e-32,3.3717508842966496e-30,61.7955103469841,0.0981524241495571,0.443604919536305,0.345452495386748,1,155290614,R,II,RUSC1,TSS200,island,TSS200-island,chr1:155290606-155291001,True,,,,,0.3778108814583818,hyper,0.22,0.9217758985200843,0.8852459016393442,0.921897233201581,1
cg01934626,0.386924921063263,0.58786483370267,17.8543684551128,1.11632359812247e-56,1.00154688190825e-52,118.05892882166,0.235735319209844,0.622660240273107,0.386924921063263,5,180018562,F,I,SCGB3A1,TSS200,island,TSS200-island,chr5:180017099-180019062,,True,,,,0.415252665026745,hyper,0.49,0.9440993788819876,0.9090909090909092,0.9196837944664032,2
cg03702236,0.364887267662324,0.4538885623334,11.3645294882942,4.72355613999371e-27,1.8683896936666301e-25,50.1706714542913,0.12181489787812,0.486702165540444,0.364887267662324,5,9546755,R,II,SEMA5A,TSS1500,shore,TSS1500-shore,chr5:9544692-9546715,,,,,rs78088505,0.429459937591595,hyper,0.13,0.9445585215605748,0.953846153846154,0.8954940711462451,2
cg19349369,0.339498796645609,0.498872931078575,13.1093370364827,2.1337974791548e-34,2.74068037093012e-32,66.9744844838739,0.189904601757212,0.529403398402821,0.339498796645609,6,2842146,R,I,SERPINB1,TSS200,island,TSS200-island,chr6:2841810-2842273,True,,high-CpG:2787068-2787272,,rs386713,0.3971948233275729,hyper,0.29,0.9423868312757202,0.8913043478260869,0.8959683794466404,1
cg07834955,0.40061960712569,0.449479210113733,12.2403378086125,1.15091947556042e-30,7.84102972298457e-29,58.4331805521182,0.0848865460748855,0.485506153200576,0.400619607125691,10,99531879,F,I,SFRP5,TSS200,island,TSS200-island,chr10:99531025-99531968,True,,,,,0.4306524949642453,hyper,0.16,0.9240506329113924,0.9090909090909092,0.9386561264822136,1
cg27252696,0.331395091731036,0.4459077639868,11.8917969802581,3.29385917750993e-29,1.78502779008229e-27,55.1012134753669,0.144314389138051,0.475709480869088,0.331395091731037,6,100912940,R,I,SIM1,TSS1500,island,TSS1500-island,chr6:100912071-100913337,True,,,,,0.3753252720552857,hyper,0.17,0.948875255623722,0.9494949494949496,0.9108300395256916,2
cg02711647,0.41330099722156,0.516076930876465,14.110925363847,7.3720795585095e-39,2.11227204136258e-36,77.1933810610166,0.139943289520154,0.553244286741713,0.41330099722156,2,45237689,R,I,SIX2,TSS1500,island,TSS1500-island,chr2:45235511-45237792,,,,,,0.4697049830136178,hyper,0.22,0.9572301425661914,0.964467005076142,0.9258498023715416,3
cg06263461,0.384253485000731,0.534546657747865,17.6457313083753,1.19398917616825e-55,8.31823514852546e-52,115.697196407427,0.184848342261589,0.56910182726232,0.384253485000731,20,45280237,F,I,SLC13A3,TSS200,shore,TSS200-shore,chr20:45279781-45280169,,,,,,0.4642343766167214,hyper,0.42,0.937759336099585,0.9263157894736842,0.9433992094861658,2
cg24302235,0.438606613292859,0.49961401942283,13.9898032297998,2.6032025935663e-38,6.726221371652529e-36,75.9380379341879,0.100450446893718,0.539057060186576,0.438606613292858,3,170746073,R,II,SLC2A2,TSS1500,island,TSS1500-island,chr3:170746072-170746292,True,True,,,,0.4822699126278153,hyper,0.19,0.9549180327868853,0.953846153846154,0.9356521739130436,2
cg26001902,0.343941239912123,0.402363763488115,10.6433334918156,3.3585327041843304e-24,9.06902667224853e-23,43.6556251132524,0.0893524911939884,0.433293731106112,0.343941239912123,2,108602979,F,I,SLC5A7,TSS200,island,TSS200-island,chr2:108602824-108603467,,,,,,0.3773124642172976,hyper,0.09,0.948875255623722,0.97,0.9313833992094862,1
cg19788741,0.387815223226605,0.557672050669766,14.8069136443196,4.76625732109923e-42,2.51838460039907e-39,84.502480339194,0.204732297157784,0.592547520384389,0.387815223226605,5,101632310,F,I,SLCO4C1,TSS200,island,TSS200-island,chr5:101632049-101632373,True,,,,,0.4716887957638581,hyper,0.28,0.9552845528455284,0.9381443298969072,0.9089328063241108,1
cg18108623,0.398384926226394,0.541016655489174,12.7702082488906,6.33688510746032e-33,6.25549163435348e-31,63.6030340621642,0.178457711837094,0.57684263806349,0.398384926226395,17,33701321,R,II,SLFN11,TSS1500,island,TSS1500-island,chr17:33700989-33701657,,True,,,,0.4646254899871065,hyper,0.28,0.9355509355509356,0.9206349206349206,0.8994466403162056,2
cg23146663,0.357767694308768,0.618010271853966,14.2983318510609,1.03644177895199e-39,3.45057149956312e-37,79.1457016567265,0.292415931349943,0.650183625658711,0.357767694308768,5,151066662,F,II,SPARC,TSS200,opensea,TSS200-opensea,,True,,,,,0.4142344425270868,hyper,0.45,0.9399585921325052,0.9032258064516128,0.9037154150197628,1
cg14619259,0.378089190202017,0.471006767712225,12.286131453524,7.377162841606891e-31,5.20016029010066e-29,58.8750936386122,0.126918403967224,0.505007594169241,0.378089190202017,5,141705539,F,I,SPRY4,TSS1500,island,TSS1500-island,chr5:141705391-141705688,,,,,,0.4367286767838592,hyper,0.26,0.9175475687103596,0.9090909090909092,0.9038735177865612,1
cg17437939,0.427859796152172,0.639887754668499,15.1546102386497,1.14883675497472e-43,8.20110306271851e-41,88.2112785642623,0.250504558889722,0.678364355041896,0.427859796152173,7,97361252,R,II,TAC1,TSS200,island,TSS200-island,chr7:97361132-97363018,,,,,,0.5084797392385209,hyper,0.36,0.9637096774193548,0.9375,0.9103557312252964,2
cg12420900,0.346155507230534,0.658667542185671,15.6976031305027,3.1886189173351003e-46,3.8447896788335e-43,94.0732231995683,0.343641127331984,0.689796634562518,0.346155507230534,10,123922863,R,II,TACC2,TSS1500,island,TSS1500-island,chr10:123922850-123923542,,True,,,,0.4073593839357276,hyper,0.49,0.9462809917355371,0.8972972972972972,0.9130434782608696,1
cg11861562,0.317255368686036,0.625811450473449,14.2991501952089,1.02757395481934e-39,3.4332012404334602e-37,79.1542530000863,0.337086240841912,0.654341609527948,0.317255368686036,11,117069780,R,I,TAGLN,TSS1500,opensea,TSS1500-opensea,,True,,,,,0.3754794517693494,hyper,0.46,0.9462809917355371,0.932642487046632,0.9070355731225296,1
cg08924430,0.352662030661055,0.678346836237883,14.6183190574628,3.54074564494653e-41,1.61264674982701e-38,82.5063341922704,0.357399016967211,0.710061047628265,0.352662030661054,4,106067052,F,II,TET2,TSS1500,shore,TSS1500-shore,chr4:106067473-106067968,,,,,,0.3831422387749735,hyper,0.51,0.9382716049382716,0.8804347826086957,0.9070355731225296,2
cg00795341,0.347891428018139,0.453255349481826,11.441521467456,2.30683049162951e-27,9.55561732111298e-26,50.8820973434582,0.136649121825031,0.484540549843169,0.347891428018139,5,79330929,F,I,THBS4,TSS200,island,TSS200-island,chr5:79330928-79331488,,,,,,0.3903293625873142,hyper,0.21,0.9243697478991596,0.9214659685863876,0.9062450592885376,2
cg05306745,0.375457960624543,0.604337359436002,14.4752474039194,1.60896652484349e-40,6.32498695380089e-38,80.9995885245189,0.262643603903593,0.638101564528137,0.375457960624544,17,76921845,F,I,TIMP2,TSS1500,island,TSS1500-island,chr17:76920684-76921961,,,,rs8179090,rs36099107,0.4367165870879865,hyper,0.37,0.9443298969072164,0.9381443298969072,0.9113043478260868,1
cg19548479,0.442655103656879,0.526410017384627,15.0267667892908,4.53894642206099e-43,2.9491784779127e-40,86.8433791323501,0.123562027365957,0.566217131022836,0.442655103656879,17,41363737,R,II,TMEM106A,TSS200,island,TSS200-island,chr17:41363727-41364273,True,,,,,0.5367317790706749,hyper,0.31,0.9419087136929462,0.9032258064516128,0.9128853754940712,4
cg08378442,0.368713650620958,0.462049803297982,14.4857177781421,1.44055351872121e-40,5.71670291677756e-38,81.1096309022251,0.126493855070996,0.495207505691953,0.368713650620958,2,220117704,F,II,TUBA4B,TSS1500,shore,TSS1500-shore,chr2:220117937-220119334,,True,,,,0.452439361568808,hyper,0.21,0.9595141700404858,0.9206349206349206,0.9133596837944664,1
cg17395064,0.390403514003234,0.556021758417514,14.9449471525471,1.09079842551466e-42,6.432034822425439e-40,85.9704829345176,0.200726474090829,0.591129988094064,0.390403514003235,12,104609476,R,I,TXNRD1,TSS200,island,TSS200-island,chr12:104609397-104610172,,,,,,0.4586512509974798,hyper,0.3,0.959349593495935,0.9430051813471504,0.915415019762846,1
cg23740882,0.402701363544161,0.51993390468289,14.5536758013687,7.02261608930534e-41,2.97181471977179e-38,81.8247297988363,0.153446692536586,0.556148056080747,0.402701363544161,20,44098387,F,II,WFDC2,TSS200,island,TSS200-island,chr20:44098280-44099536,,,,rs6032215,,0.5137986584727695,hyper,0.18,0.9616161616161616,0.932642487046632,0.8999209486166008,2
cg06274159,0.381355554470467,0.52958191743582,11.6610682502238,2.9413182334041e-28,1.38699980920413e-26,52.9269465179264,0.182520927216295,0.563876481686762,0.381355554470467,4,188916867,R,II,ZFP42,TSS200,island,TSS200-island,chr4:188916605-188916876,,,,,,0.4310843023325991,hyper,0.27,0.926315789473684,0.9090909090909092,0.8902766798418972,1
cg08668790,0.389444953447017,0.660002636780571,15.6135333067328,7.974851064734871e-46,8.87626877162302e-43,93.1603125349895,0.305579711521236,0.695024664968252,0.389444953447016,19,58220662,F,II,ZNF154,TSS200,shore,TSS200-shore,chr19:58220189-58220517,True,,,,,0.4353074899254953,hyper,0.55,0.9079229122055676,0.8474576271186441,0.9048221343873518,6
cg27577527,0.324626037156658,0.418900927092658,10.2407548188109,1.16334441234616e-22,2.60664672213632e-21,40.1414978988646,0.123467878888937,0.448093916045595,0.324626037156658,6,28367544,R,I,ZSCAN12,TSS200,island,TSS200-island,chr6:28367124-28367651,True,,,,,0.3852662809833152,hyper,0.2,0.8965517241379309,0.9032258064516128,0.8754150197628459,2
cg16642695,-0.221576914823104,0.407100788481621,-10.6388340795248,3.49598420305794e-24,9.418552972725672e-23,43.6158507080687,0.608751721755885,0.387174806932781,-0.221576914823104,8,67343633,F,II,ADHFE1,TSS1500,shore,TSS1500-shore,chr8:67344497-67344989,,,,,,-0.260492620570088,hypo,0.51,0.8820960698689956,0.932642487046632,0.8774703557312253,2
cg13121732,-0.247966840702881,0.438370926686012,-11.3982724347717,3.45154934338233e-27,1.39203486355827e-25,50.4820985009244,0.664038591066691,0.416071750363811,-0.24796684070288,14,105260250,F,II,AKT1,TSS1500,shore,TSS1500-shore,chr14:105261334-105261624,,True,,,,-0.2918941369612982,hypo,0.65,0.9554655870445344,0.9850746268656716,0.9051383399209486,1
cg23191950,-0.199433254166468,0.557514658268753,-7.44237649071834,3.78927474656502e-13,3.1860860810421597e-12,18.5036811468265,0.739013267276366,0.539580013109898,-0.199433254166468,15,101419074,R,II,ALDH1A3,TSS1500,shore,TSS1500-shore,chr15:101419261-101421133,,,,,,-0.2405555692158943,hypo,0.67,0.8310502283105022,0.8426966292134831,0.8164426877470355,1
cg23678565,-0.243786958739451,0.531961691698263,-11.0106713572984,1.22511651343856e-25,3.98387896912572e-24,46.9398215531369,0.753825362781288,0.510038404041838,-0.24378695873945,20,52688442,R,II,BCAS1,TSS1500,opensea,TSS1500-opensea,,,,,,,-0.2910618525567807,hypo,0.67,0.9110169491525424,0.9375,0.8781027667984189,1
cg14894216,-0.247152461584488,0.493700445530405,-10.4044599600612,2.7819597037614e-23,6.70846195983308e-22,41.5595023507125,0.718626966324921,0.471474504740433,-0.247152461584488,11,65794352,R,II,CATSPER1,TSS1500,opensea,TSS1500-opensea,,,,,,,-0.2803358726261576,hypo,0.64,0.8941684665226782,0.932642487046632,0.8757312252964427,2
cg21307628,-0.262000000483609,0.554986385772,-11.5324414815865,9.85882653985103e-28,4.3053978130041e-26,51.7260357450833,0.793425235132983,0.531425234649374,-0.262000000483609,3,112360952,F,II,CCDC80,TSS1500,opensea,TSS1500-opensea,,,,,,,-0.2956382767433412,hypo,0.72,0.9375,0.9263157894736842,0.901501976284585,2
cg13765621,-0.217551224690099,0.385089517904135,-9.55244912176863,4.02822000141465e-20,6.81554533677624e-19,34.350765329146,0.58307678353937,0.36552555884927,-0.2175512246901,1,158149228,F,II,CD1D,TSS1500,shore,TSS1500-shore,chr1:158150620-158151503,,,,,,-0.2382908376192672,hypo,0.5,0.8771929824561403,0.9319371727748692,0.868300395256917,1
cg15926585,-0.220247697727048,0.683205992506873,-8.70381588555525,3.66273286540986e-17,4.54870239867797e-16,27.6151334169457,0.883647242596595,0.663399544869549,-0.220247697727046,22,19928445,F,II,COMT,TSS1500,shore,TSS1500-shore,chr22:19929096-19929468,,,,rs79019435,,-0.23903153357708,hypo,0.82,0.8815789473684209,0.9197860962566844,0.8641897233201581,1
cg21263710,-0.27266587222841,0.535439700806892,-11.4974313662391,1.36834466318439e-27,5.85440809750122e-26,51.4005782290755,0.783585260784547,0.510919388556136,-0.272665872228411,18,49865488,F,II,DCC,TSS1500,shelf,TSS1500-shelf,chr18:49868377-49868759,,,,,,-0.285275358343117,hypo,0.7,0.921443736730361,0.964467005076142,0.9301185770750988,1
cg19303187,-0.237876791977945,0.39195913754121,-10.6355631442933,3.59940074654254e-24,9.682606777640592e-23,43.5869429065042,0.608444131679411,0.370567339701467,-0.237876791977944,2,172968881,R,II,DLX2,TSS1500,shore,TSS1500-shore,chr2:172964762-172967857,,,,,,-0.2556548205300278,hypo,0.53,0.9106382978723404,0.95,0.8849011857707509,2
cg18745416,-0.223997569241799,0.539090743360149,-9.76926207586451,6.58022157657529e-21,1.2117044827290802e-19,36.1442823630352,0.742944646303225,0.518947077061426,-0.223997569241799,6,152011399,F,II,ESR1,TSS1500,opensea,TSS1500-opensea,,,,,,,-0.2484105245668065,hypo,0.68,0.9063829787234042,0.964824120603015,0.8834782608695653,4
cg08786003,-0.317360997204863,0.582503077042274,-10.2753566415147,8.60829201182029e-23,1.95797007031853e-21,40.4399450744323,0.871324416225117,0.553963419020254,-0.317360997204863,1,157670710,R,II,FCRL3,TSS200,opensea,TSS200-opensea,,,,,,,-0.3690294710679975,hypo,0.86,0.9508196721311476,0.9479166666666669,0.8964426877470356,1
cg07378350,-0.228573615578718,0.449041662854432,-10.4609779986317,1.69172090444537e-23,4.18266208502149e-22,42.0525780689576,0.657060097176071,0.428486481597353,-0.228573615578718,20,34027324,F,II,GDF5,TSS1500,opensea,TSS1500-opensea,,,,,,,-0.2550277684790198,hypo,0.56,0.8922413793103449,0.9375,0.8785770750988142,2
cg10957151,-0.214579388065724,0.307431082231436,-8.6831095691006,4.30030129358257e-17,5.30581105294096e-16,27.4566502017749,0.502713762737293,0.288134374671569,-0.214579388065725,2,176986956,R,II,HOXD9,TSS1500,island,TSS1500-island,chr2:176986424-176988291,,True,,,rs79692292,-0.2818250013485021,hypo,0.46,0.9021276595744682,0.9072164948453608,0.804901185770751,3
cg21340845,-0.339600166870118,0.431658762334707,-13.5407031925352,2.6754718421409598e-36,4.71661614045285e-34,71.3294267812984,0.740719345853195,0.401119178983078,-0.339600166870117,2,142890700,R,II,LRP1B,TSS1500,shelf,TSS1500-shelf,chr2:142887724-142888553,,,,,,-0.37093150924475,hypo,0.65,0.9399585921325052,0.9387755102040816,0.9299604743083004,2
cg21367256,-0.25321276024056,0.552772840994334,-9.51187474899994,5.63643723254898e-20,9.39127449874259e-19,34.0183246732975,0.783214669558585,0.530001909318024,-0.253212760240561,20,62795658,F,II,MYT1,TSS200,opensea,TSS200-opensea,,,,,,,-0.2981827194011887,hypo,0.68,0.8641425389755011,0.8972972972972972,0.8910671936758894,1
cg08886154,-0.227089179933537,0.548257954340926,-9.55021874244603,4.10340240207706e-20,6.93744607528942e-19,34.3324646337638,0.754925445431519,0.527836265497982,-0.227089179933537,7,127256676,R,II,PAX4,TSS1500,opensea,TSS1500-opensea,,,,,,,-0.2540728256714398,hypo,0.71,0.908704883227176,0.9484536082474226,0.88,2
cg12020444,-0.213447183396618,0.661870939261319,-8.41523527166634,3.34207722653289e-16,3.7741074713568106e-15,25.4324588861465,0.856123232064715,0.642676048668098,-0.213447183396617,12,130821456,R,II,PIWIL1,TSS1500,shore,TSS1500-shore,chr12:130822360-130822696,,,,,,-0.2399955891357295,hypo,0.82,0.8917748917748918,0.9090909090909092,0.8779446640316205,1
cg07143805,-0.224148937758481,0.506399624889285,-10.0814721244451,4.61299966225312e-22,9.663308301898401e-21,38.7765499106467,0.710391284072363,0.486242346313882,-0.224148937758481,20,56286671,F,II,PMEPA1,TSS1500,shore,TSS1500-shore,chr20:56283891-56285395,,,,,,-0.2542185344137904,hypo,0.64,0.9110169491525424,0.8983957219251336,0.8747826086956522,1
cg02330214,-0.225438118334667,0.557753830419058,-9.68486804585066,1.3365348599150101e-20,2.38084709017627e-19,35.4427569610652,0.76291873667327,0.537480618338602,-0.225438118334668,1,14026216,R,II,PRDM2,TSS1500,shore,TSS1500-shore,chr1:14026481-14027200,,,,,,-0.2437490485917945,hypo,0.7,0.905982905982906,0.9148936170212766,0.8694071146245059,1
cg14874337,-0.229953410421952,0.570456294081279,-9.94440008458288,1.49204250027154e-21,2.94668407168175e-20,37.613771472597,0.779730440976077,0.549777030554125,-0.229953410421952,19,38864187,F,II,PSMD8,TSS1500,shore,TSS1500-shore,chr19:38865263-38865733,,,,,,-0.2581002106676456,hypo,0.7,0.8927038626609441,0.9319371727748692,0.8588142292490119,1
cg06353069,-0.339014566988379,0.511072976333513,-12.5830512854118,4.03473978973136e-32,3.47422586998371e-30,61.7630195600281,0.819600621830132,0.480586054841753,-0.339014566988379,2,238500081,F,II,RAB17,TSS1500,opensea,TSS1500-opensea,,True,,,,rs35869136,-0.3763228110807302,hypo,0.75,0.9440993788819876,0.96,0.9079841897233202,1
cg20441894,-0.220728465030428,0.67216704338659,-8.19462506379794,1.74465191558174e-15,1.83840337768592e-14,23.8023339958302,0.873045826309965,0.652317361279537,-0.220728465030428,3,108476163,F,II,RETNLB,TSS200,opensea,TSS200-opensea,,,,,rs10933959,rs11283797,-0.2489957455610355,hypo,0.89,0.9322381930184804,0.90625,0.8659288537549408,1
cg10292430,-0.271300909204486,0.48930803319404,-11.4859693254441,1.52317548339789e-27,6.46683481245574e-26,51.294158074839,0.736211378621144,0.464910469416658,-0.271300909204486,10,121297031,F,II,RGS10,TSS1500,opensea,TSS1500-opensea,,,True,,,,-0.3108070468623095,hypo,0.58,0.8766519823788546,0.9148936170212766,0.8863241106719367,1
cg27321439,-0.232839842927093,0.501477278896175,-9.39506454683905,1.47429166483711e-19,2.34935570895479e-18,33.0669568565912,0.713378287027667,0.480538444100574,-0.232839842927093,20,44656559,F,II,SLC12A5,TSS1500,shore,TSS1500-shore,chr20:44657463-44659243,True,,,rs6017727,,-0.2500387578237772,hypo,0.61,0.869757174392936,0.8743169398907104,0.8518577075098814,2
cg24884084,-0.227897715940466,0.332492086319805,-11.8541279167292,4.71719204552533e-29,2.50371223686069e-27,54.7445010474565,0.539895403344762,0.311997687404296,-0.227897715940467,1,153003198,R,II,SPRR1B,TSS1500,opensea,TSS1500-opensea,,,,,,,-0.2635158048738509,hypo,0.46,0.9243697478991596,0.9430051813471504,0.8961264822134387,1
cg09169531,-0.227519519609639,0.625774273847395,-9.26640036406966,4.2104027766183203e-19,6.38364799330067e-18,32.0289307495669,0.832833405002929,0.605313885393291,-0.227519519609638,1,153030594,R,II,SPRR2A,TSS1500,opensea,TSS1500-opensea,,,,,,,-0.2701444757605472,hypo,0.74,0.8666666666666667,0.8522727272727272,0.8697233201581027,1
cg20672708,-0.306019737850582,0.489411041955736,-12.4600942740014,1.3504112261480301e-31,1.0681906125589199e-29,60.5623959038582,0.767911019208244,0.461891281357663,-0.306019737850581,20,30696827,R,II,TM9SF4,TSS1500,opensea,TSS1500-opensea,,,,,,,-0.3450815169785302,hypo,0.74,0.9614604462474644,0.9651741293532338,0.9187351778656128,1
cg14982276,-0.224123441649505,0.287504085507463,-9.87825407563606,2.6187739627588706e-21,5.037046161151911e-20,37.0566244807582,0.49147254139712,0.267349099747616,-0.224123441649505,21,42880582,F,I,TMPRSS2,TSS1500,island,TSS1500-island,chr21:42878751-42880674,,,,rs76833541,,-0.246403660138928,hypo,0.37,0.8520179372197308,0.8491620111731845,0.8494861660079052,1
