"","ADHFE1","AGFG1","AIM2","AKT1","ALDH1A3","APCS","ATG16L1","ATN1","BCAS1","BDH2","CADM3","CAPN2","CASP5","CASP8","CATSPER1","CCDC80","CCL1","CCL11","CCL7","CCL8","CD1C","CD1D","CD5L","CD84","CDH17","CEACAM4","CFLAR","COMT","COX6C","CYP2C9","DCC","DCD","DLC1","DLX2","E2F6","ENOSF1","ESR1","FABP1","FCRL3","FSD1","FUS","FXN","GDF5","GFM1","GPR37L1","GRIA1","HJURP","HMGCL","HOXD9","HTR2A","IFI16","IMMP2L","ITGBL1","KLK2","LRP1B","LUC7L3","MARCO","MARK4","MED25","MIR134","MUC16","MYT1","MYT1L","NIPSNAP1","NUP43","OPN5","OR10A4","PAWR","PAX4","PDGFD","PFDN4","PHC3","PIWIL1","PMEPA1","POLR3A","PPP2CB","PRDM2","PRG2","PROKR2","PSMD8","RAB17","RBM45","RELB","RETNLB","RFX2","RGS10","SCN7A","SLC12A5","SLC35B4","SMAP1","SPRR1B","SPRR2A","SPRR3","STEAP2","TCN1","TIPIN","TM9SF4","TMPRSS2","TRIM68","TYR","UBE2V2","UBE4B","UNC13C","WARS2","YOD1","YTHDC1","ZBTB32"
"ADHFE1",1,0.629,0.665,0.46,0.502,0.395,0.478,0.66,0.497,0.502,0.181,0.44,0.514,0.533,0.213,0.151,0.253,0.253,0.253,0.255,0.546,0.473,0.248,0.522,0.348,0.248,0.455,0.429,0.754,0.598,0.342,0.282,0.486,0.441,0.591,0.222,0.453,0.6,0.28,0.331,0.646,0.766,0.253,1,0.215,0.292,0.536,0.756,0.626,0.154,0.588,0.565,0.204,0.361,0.164,0.593,0.403,0.391,0.547,0.255,0.45,0.613,0.587,1,0.533,0.471,0.201,0.492,0.577,0.519,0.672,0.608,0.514,0.503,0.563,0.373,0.704,0.348,0.201,0.454,0.322,0.575,0.483,0.229,0.594,0.58,0.115,0.231,0.673,0.619,0.475,0.443,0.514,0.437,0.372,0.607,0.56,0.442,0.658,0.59,0.53,0.521,0.228,0.811,0.551,0.583,0.631
"AGFG1",0.629,1,0.776,0.679,0.718,0.508,0.624,0.792,0.655,0.718,0.262,0.613,0.758,0.657,0.279,0.263,0.366,0.366,0.366,0.412,0.604,0.64,0.374,0.555,0.411,0.368,0.702,0.638,0.586,0.768,0.562,0.387,0.689,0.508,0.591,0.383,0.661,0.733,0.469,0.359,0.611,0.756,0.366,0.629,0.34,0.425,0.659,0.7,0.594,0.239,0.732,0.426,0.325,0.51,0.259,0.587,0.606,0.577,0.568,0.412,0.459,0.766,0.588,0.811,0.791,0.647,0.33,0.738,0.497,0.482,0.802,0.596,0.653,0.615,0.738,0.594,0.665,0.436,0.33,0.643,0.523,0.745,0.654,0.329,0.792,0.735,0.179,0.359,0.614,1,0.706,0.704,0.693,0.702,0.472,0.585,0.637,0.469,0.816,0.84,0.7,0.748,0.356,0.599,0.766,0.566,0.596
"AIM2",0.665,0.776,1,0.698,0.712,0.461,0.616,0.803,0.644,0.712,0.266,0.599,0.766,0.76,0.279,0.263,0.37,0.37,0.37,0.412,0.552,0.615,0.376,0.487,0.468,0.372,0.707,0.608,0.62,0.704,0.58,0.36,0.649,0.697,0.648,0.383,0.729,0.745,0.469,0.368,0.673,0.807,0.37,0.665,0.359,0.359,0.783,0.758,0.669,0.252,0.789,0.419,0.335,0.405,0.283,0.586,0.586,0.595,0.561,0.412,0.41,0.833,0.578,1,0.733,0.647,0.33,0.711,0.634,0.48,0.804,0.575,0.655,0.509,0.746,0.62,0.663,0.384,0.33,0.67,0.408,0.758,0.715,0.332,0.77,0.778,0.193,0.363,0.561,1,0.71,0.672,0.668,0.599,0.404,0.653,0.529,0.519,0.843,0.706,0.704,0.685,0.324,0.698,0.762,0.592,0.658
"AKT1",0.46,0.679,0.698,1,0.602,0.524,0.574,0.705,0.559,0.602,0.413,0.676,0.604,0.769,0.466,0.34,0.384,0.384,0.384,0.469,0.623,0.654,0.489,0.605,0.599,0.55,0.629,0.733,0.437,0.711,0.606,0.413,0.698,0.601,0.592,0.63,0.858,0.677,0.543,0.402,0.584,0.624,0.384,0.46,0.596,0.478,0.634,0.66,0.577,0.46,0.785,0.306,0.475,0.433,0.484,0.555,0.613,0.687,0.588,0.469,0.607,0.692,0.507,0.694,0.651,0.639,1,0.774,0.502,0.446,0.724,0.549,0.537,0.628,0.763,0.511,0.559,0.426,1,0.636,0.538,0.735,0.76,0.385,0.665,0.777,0.507,0.577,0.431,1,0.647,0.652,0.652,0.607,0.408,0.571,0.573,0.628,0.732,0.627,0.695,0.655,0.462,0.642,0.582,0.667,0.564
"ALDH1A3",0.502,0.718,0.712,0.602,1,0.572,0.574,0.612,0.968,1,0.294,0.639,0.824,0.577,0.289,0.263,0.51,0.51,0.51,0.593,0.488,0.62,0.482,0.363,0.34,0.405,0.743,0.659,0.451,0.619,0.594,0.673,0.555,0.454,0.372,0.383,0.552,0.752,0.469,0.335,0.402,0.698,0.51,0.502,0.359,0.333,0.567,0.607,0.381,0.256,0.558,0.331,0.343,0.663,0.27,0.342,0.588,0.557,0.332,0.593,0.547,0.622,0.401,0.619,0.508,0.683,0.33,0.634,0.391,0.483,0.689,0.344,0.685,0.414,0.581,0.638,0.447,0.583,0.33,0.52,0.506,0.585,0.502,0.472,0.665,0.576,0.179,0.384,0.481,1,0.755,0.719,0.817,0.604,0.479,0.375,0.488,0.58,0.658,0.651,0.714,0.611,0.336,0.458,0.849,0.355,0.395
"APCS",0.395,0.508,0.461,0.524,0.572,1,0.391,0.569,0.591,0.572,0.314,0.505,0.378,0.425,0.318,0.841,0.754,0.754,0.754,1,0.694,0.627,0.743,0.462,0.436,0.426,0.365,0.593,0.385,0.504,0.407,0.767,0.483,0.439,0.53,0.467,0.5,0.674,0.543,0.284,0.506,0.44,0.754,0.395,0.391,0.337,0.445,0.454,0.524,0.286,0.583,0.253,0.378,0.721,0.297,0.523,0.504,0.396,0.506,1,0.563,0.53,0.491,0.694,0.497,0.393,0.387,0.49,0.413,0.721,0.516,0.524,0.366,0.487,0.573,0.32,0.514,0.809,0.387,0.446,0.449,0.525,0.49,0.656,0.529,0.548,0.194,0.437,0.393,0.469,0.382,0.567,0.576,0.377,0.66,0.515,0.47,0.767,0.559,0.462,0.65,0.496,0.31,0.47,0.386,0.542,0.514
"ATG16L1",0.478,0.624,0.616,0.574,0.574,0.391,1,0.54,0.521,0.574,0.269,0.552,0.608,0.586,0.378,0.244,0.314,0.314,0.314,0.38,0.487,0.55,0.344,0.44,0.361,0.385,0.585,0.547,0.458,0.573,0.496,0.313,0.566,0.49,0.431,0.34,0.55,0.523,0.427,0.326,0.451,0.609,0.314,0.478,0.372,0.401,0.503,0.568,0.427,0.277,0.547,0.322,0.317,0.366,0.274,0.38,0.517,0.573,0.386,0.38,0.382,0.555,0.424,0.718,0.496,0.532,0.42,0.589,0.384,0.424,0.61,0.401,0.526,0.538,0.552,0.497,0.468,0.328,0.42,0.51,0.412,0.527,0.514,0.283,0.555,0.531,0.225,0.398,0.477,0.841,0.579,0.571,0.555,0.535,0.337,0.421,0.5,0.377,0.604,0.587,0.52,0.548,0.329,0.474,0.6,0.402,0.428
"ATN1",0.66,0.792,0.803,0.705,0.612,0.569,0.54,1,0.573,0.612,0.265,0.54,0.655,0.655,0.282,0.263,0.367,0.367,0.367,0.412,0.589,0.573,0.376,0.58,0.545,0.37,0.604,0.576,0.534,0.727,0.466,0.354,0.656,0.454,0.785,0.383,0.695,0.814,0.469,0.35,0.824,0.688,0.367,0.66,0.33,0.349,0.743,0.647,0.805,0.236,0.853,0.379,0.32,0.395,0.245,0.795,0.519,0.498,0.747,0.412,0.461,0.864,0.713,0.694,0.754,0.578,0.33,0.722,0.73,0.522,0.788,0.803,0.595,0.559,0.832,0.467,0.855,0.389,0.33,0.705,0.399,0.871,0.705,0.332,0.832,0.856,0.179,0.359,0.563,1,0.61,0.586,0.599,0.514,0.413,0.785,0.55,0.63,0.902,0.721,0.798,0.785,0.314,0.722,0.663,0.793,0.812
"BCAS1",0.497,0.655,0.644,0.559,0.968,0.591,0.521,0.573,1,0.968,0.292,0.604,0.739,0.519,0.285,0.263,0.531,0.531,0.531,0.593,0.489,0.596,0.489,0.361,0.329,0.401,0.655,0.604,0.439,0.582,0.5,0.734,0.505,0.454,0.368,0.383,0.502,0.694,0.469,0.33,0.4,0.612,0.531,0.497,0.346,0.328,0.483,0.538,0.377,0.246,0.483,0.335,0.33,0.707,0.262,0.343,0.546,0.506,0.331,0.593,0.574,0.533,0.401,0.619,0.436,0.643,0.33,0.569,0.389,0.493,0.622,0.344,0.654,0.412,0.498,0.508,0.44,0.609,0.33,0.45,0.507,0.542,0.437,0.495,0.63,0.493,0.179,0.378,0.481,1,0.675,0.657,0.769,0.534,0.488,0.37,0.49,0.606,0.596,0.63,0.696,0.565,0.33,0.447,0.771,0.358,0.394
"BDH2",0.502,0.718,0.712,0.602,1,0.572,0.574,0.612,0.968,1,0.294,0.639,0.824,0.577,0.289,0.263,0.51,0.51,0.51,0.593,0.488,0.62,0.482,0.363,0.34,0.405,0.743,0.659,0.451,0.619,0.594,0.673,0.555,0.454,0.372,0.383,0.552,0.752,0.469,0.335,0.402,0.698,0.51,0.502,0.359,0.333,0.567,0.607,0.381,0.256,0.558,0.331,0.343,0.663,0.27,0.342,0.588,0.557,0.332,0.593,0.547,0.622,0.401,0.619,0.508,0.683,0.33,0.634,0.391,0.483,0.689,0.344,0.685,0.414,0.581,0.638,0.447,0.583,0.33,0.52,0.506,0.585,0.502,0.472,0.665,0.576,0.179,0.384,0.481,1,0.755,0.719,0.817,0.604,0.479,0.375,0.488,0.58,0.658,0.651,0.714,0.611,0.336,0.458,0.849,0.355,0.395
"CADM3",0.181,0.262,0.266,0.413,0.294,0.314,0.269,0.265,0.292,0.294,1,0.386,0.298,0.343,0.603,0.34,0.358,0.358,0.358,0.33,0.49,0.494,0.534,0.628,0.717,0.683,0.414,0.459,0.217,0.513,0.538,0.324,0.388,0.257,0.205,0.329,0.41,0.23,0.373,0.194,0.205,0.238,0.358,0.181,0.64,0.367,0.235,0.22,0.213,0.504,0.346,0.194,0.642,0.299,0.597,0.182,0.541,0.268,0.182,0.33,0.501,0.258,0.232,0.201,0.217,0.661,1,0.429,0.242,0.301,0.259,0.183,0.259,0.495,0.366,0.248,0.198,0.308,1,0.219,0.403,0.253,0.227,0.33,0.281,0.459,0.507,0.604,0.204,0.33,0.528,0.465,0.424,0.419,0.285,0.213,0.419,0.523,0.249,0.243,0.235,0.25,0.5,0.465,0.32,0.472,0.229
"CAPN2",0.44,0.613,0.599,0.676,0.639,0.505,0.552,0.54,0.604,0.639,0.386,1,0.573,0.617,0.407,0.34,0.366,0.366,0.366,0.593,0.662,0.697,0.457,0.529,0.502,0.453,0.599,0.771,0.441,0.657,0.576,0.425,0.801,0.454,0.408,0.383,0.613,0.59,0.469,0.295,0.415,0.582,0.366,0.44,0.438,0.535,0.482,0.549,0.409,0.444,0.575,0.292,0.497,0.489,0.347,0.376,0.582,0.615,0.373,0.593,0.581,0.526,0.399,0.75,0.513,0.607,1,0.662,0.363,0.496,0.592,0.378,0.521,0.563,0.578,0.464,0.484,0.452,1,0.523,0.609,0.526,0.493,0.337,0.54,0.596,0.507,0.518,0.534,1,0.617,0.623,0.719,0.597,0.405,0.404,0.572,0.545,0.632,0.581,0.588,0.527,0.432,0.547,0.565,0.475,0.406
"CASP5",0.514,0.758,0.766,0.604,0.824,0.378,0.608,0.655,0.739,0.824,0.298,0.573,1,0.623,0.284,0.263,0.417,0.417,0.417,0.412,0.44,0.604,0.408,0.347,0.344,0.412,0.81,0.554,0.46,0.656,0.656,0.383,0.582,0.454,0.37,0.383,0.608,0.62,0.469,0.338,0.4,0.742,0.417,0.514,0.392,0.333,0.619,0.672,0.378,0.272,0.603,0.344,0.353,0.422,0.325,0.334,0.637,0.59,0.353,0.412,0.323,0.68,0.398,0.619,0.55,0.756,0.33,0.679,0.392,0.416,0.756,0.345,0.746,0.409,0.631,0.75,0.454,0.376,0.33,0.569,0.41,0.649,0.565,0.372,0.716,0.626,0.193,0.389,0.49,1,0.832,0.749,0.685,0.644,0.412,0.373,0.494,0.373,0.703,0.677,0.58,0.677,0.341,0.467,0.94,0.346,0.393
"CASP8",0.533,0.657,0.76,0.769,0.577,0.425,0.586,0.655,0.519,0.577,0.343,0.617,0.623,1,0.383,0.263,0.325,0.325,0.325,0.412,0.578,0.621,0.414,0.535,0.532,0.424,0.788,0.611,0.569,0.675,0.573,0.32,0.621,0.691,0.553,0.63,0.783,0.622,0.469,0.375,0.555,0.712,0.325,0.533,0.479,0.415,0.646,0.753,0.545,0.374,0.701,0.417,0.409,0.36,0.431,0.504,0.581,0.632,0.553,0.412,0.462,0.671,0.464,1,0.636,0.617,0.659,0.736,0.495,0.438,0.744,0.502,0.547,0.535,0.661,0.531,0.536,0.345,0.659,0.621,0.452,0.693,0.745,0.344,0.618,0.725,0.601,0.41,0.465,1,0.636,0.621,0.623,0.597,0.359,0.539,0.501,0.532,0.712,0.614,0.62,0.598,0.378,0.674,0.6,0.585,0.528
"CATSPER1",0.213,0.279,0.279,0.466,0.289,0.318,0.378,0.282,0.285,0.289,0.603,0.407,0.284,0.383,1,0.34,0.327,0.327,0.327,0.33,0.517,0.508,0.531,0.631,0.549,0.654,0.438,0.511,0.235,0.527,0.545,0.313,0.357,0.308,0.243,0.317,0.446,0.259,0.373,0.212,0.247,0.263,0.327,0.213,0.626,0.391,0.258,0.269,0.25,0.548,0.375,0.213,0.558,0.301,0.595,0.221,0.538,0.335,0.233,0.33,0.544,0.276,0.256,0.268,0.247,0.632,1,0.461,0.259,0.298,0.279,0.224,0.266,0.507,0.389,0.244,0.232,0.314,1,0.241,0.438,0.276,0.272,0.297,0.289,0.49,0.916,0.631,0.225,0.33,0.507,0.462,0.438,0.446,0.292,0.248,0.428,0.538,0.272,0.264,0.258,0.26,0.465,0.504,0.295,0.508,0.259
"CCDC80",0.151,0.263,0.263,0.34,0.263,0.841,0.244,0.263,0.263,0.263,0.34,0.34,0.263,0.263,0.34,1,0.298,0.298,0.298,0.263,0.34,0.34,0.34,0.34,0.34,0.34,0.263,0.34,0.151,0.34,0.34,0.298,0.263,0.204,0.204,0.279,0.34,0.244,0.298,0.168,0.17,0.244,0.298,0.151,0.34,0.34,0.244,0.244,0.204,0.34,0.298,0.084,0.34,0.298,0.34,0.17,0.841,0.298,0.17,0.263,0.34,0.244,0.204,0.151,0.244,0.34,0.34,0.34,0.204,0.298,0.263,0.17,0.263,0.34,0.298,0.244,0.17,0.841,0.34,0.244,0.34,0.263,0.244,0.279,0.263,0.34,0.153,0.528,0.139,0.263,0.267,0.298,0.267,0.34,0.298,0.204,0.298,0.34,0.263,0.263,0.263,0.263,0.34,0.34,0.263,0.34,0.204
"CCL1",0.253,0.366,0.37,0.384,0.51,0.754,0.314,0.367,0.531,0.51,0.358,0.366,0.417,0.325,0.327,0.298,1,1,1,1,0.532,0.553,0.822,0.33,0.376,0.494,0.39,0.438,0.221,0.365,0.439,0.849,0.327,0.348,0.284,0.467,0.381,0.402,0.543,0.276,0.288,0.33,1,0.253,0.43,0.278,0.322,0.308,0.292,0.299,0.376,0.172,0.403,0.734,0.325,0.256,0.371,0.379,0.257,1,0.407,0.356,0.32,0.28,0.297,0.431,0.373,0.359,0.324,0.73,0.364,0.255,0.362,0.35,0.39,0.342,0.27,0.658,0.373,0.303,0.362,0.354,0.318,0.818,0.393,0.351,0.194,0.457,0.238,0.469,0.42,0.614,0.441,0.316,0.732,0.291,0.413,0.675,0.347,0.333,0.4,0.352,0.312,0.306,0.444,0.318,0.313
"CCL11",0.253,0.366,0.37,0.384,0.51,0.754,0.314,0.367,0.531,0.51,0.358,0.366,0.417,0.325,0.327,0.298,1,1,1,1,0.532,0.553,0.822,0.33,0.376,0.494,0.39,0.438,0.221,0.365,0.439,0.849,0.327,0.348,0.284,0.467,0.381,0.402,0.543,0.276,0.288,0.33,1,0.253,0.43,0.278,0.322,0.308,0.292,0.299,0.376,0.172,0.403,0.734,0.325,0.256,0.371,0.379,0.257,1,0.407,0.356,0.32,0.28,0.297,0.431,0.373,0.359,0.324,0.73,0.364,0.255,0.362,0.35,0.39,0.342,0.27,0.658,0.373,0.303,0.362,0.354,0.318,0.818,0.393,0.351,0.194,0.457,0.238,0.469,0.42,0.614,0.441,0.316,0.732,0.291,0.413,0.675,0.347,0.333,0.4,0.352,0.312,0.306,0.444,0.318,0.313
"CCL7",0.253,0.366,0.37,0.384,0.51,0.754,0.314,0.367,0.531,0.51,0.358,0.366,0.417,0.325,0.327,0.298,1,1,1,1,0.532,0.553,0.822,0.33,0.376,0.494,0.39,0.438,0.221,0.365,0.439,0.849,0.327,0.348,0.284,0.467,0.381,0.402,0.543,0.276,0.288,0.33,1,0.253,0.43,0.278,0.322,0.308,0.292,0.299,0.376,0.172,0.403,0.734,0.325,0.256,0.371,0.379,0.257,1,0.407,0.356,0.32,0.28,0.297,0.431,0.373,0.359,0.324,0.73,0.364,0.255,0.362,0.35,0.39,0.342,0.27,0.658,0.373,0.303,0.362,0.354,0.318,0.818,0.393,0.351,0.194,0.457,0.238,0.469,0.42,0.614,0.441,0.316,0.732,0.291,0.413,0.675,0.347,0.333,0.4,0.352,0.312,0.306,0.444,0.318,0.313
"CCL8",0.255,0.412,0.412,0.469,0.593,1,0.38,0.412,0.593,0.593,0.33,0.593,0.412,0.412,0.33,0.263,1,1,1,1,1,1,1,0.33,0.469,0.469,0.412,0.593,0.255,0.412,0.469,0.803,0.412,0.316,0.316,0.383,0.469,0.593,0.469,0.284,0.277,0.38,1,0.255,0.469,0.469,0.38,0.38,0.316,0.33,0.469,0.163,0.469,0.803,0.33,0.261,0.412,0.469,0.261,1,0.593,0.38,0.316,0.255,0.38,0.412,0.33,0.412,0.316,1,0.412,0.261,0.412,0.469,0.469,0.38,0.261,0.803,0.33,0.38,0.593,0.412,0.38,1,0.412,0.38,0.179,0.469,0.234,0.412,0.412,0.803,0.593,0.38,1,0.316,0.469,0.803,0.412,0.412,0.593,0.412,0.36,0.33,0.412,0.33,0.316
"CD1C",0.546,0.604,0.552,0.623,0.488,0.694,0.487,0.589,0.489,0.488,0.49,0.662,0.44,0.578,0.517,0.34,0.532,0.532,0.532,1,1,0.874,0.697,0.871,0.621,0.576,0.517,0.699,0.532,0.789,0.577,0.473,0.648,0.508,0.556,0.383,0.626,0.588,0.524,0.323,0.551,0.549,0.532,0.546,0.539,0.498,0.472,0.56,0.555,0.442,0.642,0.381,0.52,0.543,0.475,0.551,0.599,0.437,0.528,1,0.774,0.56,0.54,0.811,0.522,0.657,1,0.666,0.452,0.703,0.573,0.552,0.441,0.748,0.64,0.359,0.653,0.497,1,0.462,0.562,0.545,0.509,0.462,0.567,0.717,0.507,0.544,0.681,0.569,0.59,0.641,0.728,0.639,0.558,0.546,0.716,0.723,0.654,0.572,0.558,0.525,0.472,0.743,0.453,0.734,0.553
"CD1D",0.473,0.64,0.615,0.654,0.62,0.627,0.55,0.573,0.596,0.62,0.494,0.697,0.604,0.621,0.508,0.34,0.553,0.553,0.553,1,0.874,1,0.777,0.748,0.591,0.684,0.657,0.684,0.467,0.771,0.733,0.49,0.655,0.454,0.436,0.467,0.647,0.559,1,0.303,0.428,0.591,0.553,0.473,0.56,0.535,0.476,0.559,0.44,0.451,0.601,0.319,0.626,0.536,0.48,0.411,0.68,0.514,0.403,1,0.691,0.531,0.431,0.75,0.506,0.745,1,0.688,0.386,0.643,0.611,0.414,0.562,0.658,0.609,0.456,0.492,0.496,1,0.479,0.584,0.549,0.481,0.489,0.577,0.669,0.507,0.566,0.551,1,0.712,0.744,0.723,0.644,0.551,0.433,0.624,0.668,0.629,0.665,0.56,0.545,0.494,0.661,0.603,0.601,0.439
"CD5L",0.248,0.374,0.376,0.489,0.482,0.743,0.344,0.376,0.489,0.482,0.534,0.457,0.408,0.414,0.531,0.34,0.822,0.822,0.822,1,0.697,0.777,1,0.566,0.576,0.766,0.472,0.563,0.25,0.525,0.683,0.715,0.411,0.348,0.289,0.467,0.487,0.405,1,0.273,0.278,0.339,0.822,0.248,0.612,0.445,0.334,0.323,0.295,0.475,0.437,0.191,0.686,0.66,0.515,0.254,0.534,0.393,0.254,1,0.593,0.358,0.312,0.28,0.313,0.6,1,0.486,0.314,0.687,0.373,0.253,0.374,0.516,0.453,0.35,0.262,0.625,1,0.318,0.504,0.367,0.328,0.701,0.393,0.487,0.507,0.609,0.245,0.469,0.54,0.69,0.538,0.453,0.683,0.294,0.484,0.769,0.359,0.351,0.41,0.367,0.463,0.46,0.422,0.468,0.308
"CD84",0.522,0.555,0.487,0.605,0.363,0.462,0.44,0.58,0.361,0.363,0.628,0.529,0.347,0.535,0.631,0.34,0.33,0.33,0.33,0.33,0.871,0.748,0.566,1,0.645,0.701,0.468,0.651,0.51,0.811,0.596,0.347,0.58,0.508,0.564,0.317,0.61,0.53,0.524,0.322,0.565,0.49,0.33,0.522,0.639,0.443,0.461,0.521,0.565,0.531,0.649,0.385,0.592,0.362,0.611,0.564,0.61,0.377,0.528,0.33,0.758,0.547,0.544,0.811,0.504,0.714,1,0.672,0.457,0.443,0.513,0.568,0.369,0.735,0.647,0.279,0.591,0.356,1,0.42,0.504,0.51,0.479,0.299,0.545,0.765,0.507,0.608,0.54,0.432,0.586,0.535,0.611,0.59,0.338,0.552,0.627,0.677,0.569,0.518,0.482,0.477,0.479,0.801,0.366,0.817,0.562
"CDH17",0.348,0.411,0.468,0.599,0.34,0.436,0.361,0.545,0.329,0.34,0.717,0.502,0.344,0.532,0.549,0.34,0.376,0.376,0.376,0.469,0.621,0.591,0.576,0.645,1,0.62,0.47,0.566,0.315,0.61,0.564,0.353,0.515,0.39,0.496,0.467,0.602,0.489,0.543,0.241,0.463,0.404,0.376,0.348,0.585,0.458,0.479,0.431,0.503,0.491,0.653,0.236,0.607,0.348,0.529,0.482,0.542,0.364,0.448,0.469,0.586,0.492,0.37,0.537,0.494,0.599,1,0.571,0.446,0.437,0.418,0.46,0.327,0.578,0.602,0.288,0.465,0.381,1,0.425,0.518,0.493,0.454,0.342,0.419,0.721,0.545,0.587,0.315,0.469,0.519,0.511,0.5,0.491,0.391,0.487,0.489,0.689,0.531,0.381,0.463,0.393,0.568,0.699,0.347,0.733,0.474
"CEACAM4",0.248,0.368,0.372,0.55,0.405,0.426,0.385,0.37,0.401,0.405,0.683,0.453,0.412,0.424,0.654,0.34,0.494,0.494,0.494,0.469,0.576,0.684,0.766,0.701,0.62,1,0.494,0.611,0.301,0.606,0.771,0.454,0.444,0.348,0.285,0.467,0.552,0.324,1,0.272,0.281,0.333,0.494,0.248,0.795,0.478,0.326,0.313,0.292,0.58,0.52,0.272,0.775,0.424,0.657,0.253,0.618,0.385,0.254,0.469,0.591,0.355,0.314,0.28,0.302,0.725,1,0.531,0.317,0.428,0.367,0.252,0.366,0.651,0.55,0.344,0.264,0.412,1,0.308,0.493,0.359,0.322,0.441,0.392,0.549,0.507,0.745,0.281,0.469,0.609,0.568,0.512,0.512,0.409,0.291,0.624,0.618,0.351,0.35,0.335,0.358,0.523,0.546,0.433,0.556,0.309
"CFLAR",0.455,0.702,0.707,0.629,0.743,0.365,0.585,0.604,0.655,0.743,0.414,0.599,0.81,0.788,0.438,0.263,0.39,0.39,0.39,0.412,0.517,0.657,0.472,0.468,0.47,0.494,1,0.596,0.434,0.698,0.701,0.362,0.585,0.454,0.359,0.383,0.632,0.578,0.469,0.31,0.367,0.7,0.39,0.455,0.469,0.386,0.578,0.642,0.356,0.372,0.592,0.337,0.47,0.401,0.426,0.316,0.681,0.569,0.339,0.412,0.421,0.625,0.365,0.619,0.522,0.795,0.659,0.712,0.359,0.396,0.702,0.336,0.674,0.466,0.621,0.683,0.414,0.361,0.659,0.572,0.468,0.599,0.547,0.35,0.648,0.669,0.601,0.456,0.445,1,0.825,0.753,0.697,0.681,0.393,0.351,0.494,0.449,0.658,0.637,0.555,0.633,0.412,0.534,0.827,0.427,0.365
"COMT",0.429,0.638,0.608,0.733,0.659,0.593,0.547,0.576,0.604,0.659,0.459,0.771,0.554,0.611,0.511,0.34,0.438,0.438,0.438,0.593,0.699,0.684,0.563,0.651,0.566,0.611,0.596,1,0.442,0.707,0.681,0.536,0.653,0.508,0.48,0.467,0.683,0.681,0.543,0.295,0.457,0.613,0.438,0.429,0.579,0.555,0.522,0.567,0.473,0.609,0.705,0.308,0.503,0.533,0.444,0.467,0.572,0.639,0.448,0.593,0.659,0.584,0.441,0.811,0.544,0.618,1,0.684,0.391,0.491,0.604,0.46,0.453,0.662,0.708,0.44,0.477,0.507,1,0.507,0.662,0.538,0.534,0.404,0.555,0.709,0.507,0.699,0.444,0.841,0.633,0.633,0.749,0.606,0.425,0.464,0.601,0.686,0.63,0.57,0.627,0.518,0.5,0.618,0.537,0.612,0.462
"COX6C",0.754,0.586,0.62,0.437,0.451,0.385,0.458,0.534,0.439,0.451,0.217,0.441,0.46,0.569,0.235,0.151,0.221,0.221,0.221,0.255,0.532,0.467,0.25,0.51,0.315,0.301,0.434,0.442,1,0.564,0.33,0.247,0.485,0.441,0.497,0.222,0.432,0.501,0.28,0.279,0.521,0.665,0.221,0.754,0.281,0.322,0.424,0.65,0.506,0.194,0.498,0.835,0.229,0.32,0.21,0.497,0.395,0.381,0.475,0.255,0.383,0.512,0.506,1,0.484,0.431,0.257,0.468,0.416,0.441,0.638,0.508,0.46,0.507,0.493,0.342,0.586,0.274,0.257,0.411,0.326,0.486,0.441,0.202,0.522,0.492,0.204,0.276,0.594,0.619,0.438,0.421,0.492,0.442,0.288,0.496,0.524,0.362,0.572,0.563,0.46,0.473,0.242,0.665,0.476,0.485,0.51
"CYP2C9",0.598,0.768,0.704,0.711,0.619,0.504,0.573,0.727,0.582,0.619,0.513,0.657,0.656,0.675,0.527,0.34,0.365,0.365,0.365,0.412,0.789,0.771,0.525,0.811,0.61,0.606,0.698,0.707,0.564,1,0.637,0.373,0.717,0.508,0.578,0.383,0.699,0.638,0.469,0.345,0.589,0.674,0.365,0.598,0.566,0.514,0.568,0.632,0.58,0.448,0.709,0.432,0.52,0.434,0.493,0.575,0.698,0.519,0.547,0.412,0.628,0.667,0.568,0.811,0.597,0.802,1,0.782,0.482,0.516,0.716,0.579,0.596,0.726,0.714,0.467,0.646,0.394,1,0.557,0.55,0.67,0.572,0.327,0.718,0.796,0.507,0.567,0.625,1,0.764,0.705,0.74,0.697,0.399,0.569,0.653,0.62,0.749,0.718,0.626,0.663,0.487,0.756,0.664,0.732,0.58
"DCC",0.342,0.562,0.58,0.606,0.594,0.407,0.496,0.466,0.5,0.594,0.538,0.576,0.656,0.573,0.545,0.34,0.439,0.439,0.439,0.469,0.577,0.733,0.683,0.596,0.564,0.771,0.701,0.681,0.33,0.637,1,0.405,0.543,0.4,0.311,0.467,0.593,0.471,1,0.277,0.312,0.585,0.439,0.342,0.594,0.486,0.468,0.499,0.316,0.513,0.544,0.238,0.681,0.413,0.516,0.276,0.639,0.536,0.274,0.469,0.528,0.504,0.324,0.523,0.427,0.734,1,0.649,0.322,0.416,0.553,0.274,0.513,0.534,0.566,0.517,0.328,0.397,1,0.437,0.529,0.453,0.431,0.395,0.496,0.629,0.507,0.649,0.347,0.841,0.751,0.705,0.645,0.626,0.412,0.312,0.514,0.548,0.53,0.499,0.421,0.459,0.514,0.538,0.649,0.485,0.324
"DCD",0.282,0.387,0.36,0.413,0.673,0.767,0.313,0.354,0.734,0.673,0.324,0.425,0.383,0.32,0.313,0.298,0.849,0.849,0.849,0.803,0.473,0.49,0.715,0.347,0.353,0.454,0.362,0.536,0.247,0.373,0.405,1,0.333,0.348,0.287,0.467,0.369,0.527,0.543,0.261,0.3,0.329,0.849,0.282,0.39,0.29,0.311,0.312,0.299,0.272,0.362,0.19,0.37,0.864,0.291,0.266,0.363,0.362,0.268,0.803,0.563,0.348,0.324,0.305,0.293,0.389,0.373,0.35,0.316,0.641,0.357,0.268,0.329,0.365,0.37,0.304,0.291,0.77,0.373,0.298,0.442,0.341,0.314,0.666,0.378,0.345,0.194,0.428,0.266,0.469,0.387,0.572,0.561,0.336,0.655,0.296,0.398,0.776,0.344,0.356,0.521,0.336,0.303,0.313,0.402,0.319,0.316
"DLC1",0.486,0.689,0.649,0.698,0.555,0.483,0.566,0.656,0.505,0.555,0.388,0.801,0.582,0.621,0.357,0.263,0.327,0.327,0.327,0.412,0.648,0.655,0.411,0.58,0.515,0.444,0.585,0.653,0.485,0.717,0.543,0.333,1,0.508,0.535,0.383,0.671,0.619,0.469,0.316,0.536,0.63,0.327,0.486,0.423,0.441,0.549,0.59,0.531,0.324,0.695,0.326,0.487,0.384,0.333,0.512,0.557,0.529,0.497,0.412,0.474,0.639,0.51,0.811,0.58,0.593,0.602,0.74,0.43,0.46,0.673,0.512,0.518,0.606,0.695,0.456,0.563,0.352,0.602,0.569,0.465,0.622,0.585,0.297,0.641,0.7,0.278,0.439,0.529,1,0.603,0.593,0.628,0.585,0.363,0.524,0.573,0.5,0.706,0.645,0.599,0.611,0.392,0.592,0.572,0.587,0.524
"DLX2",0.441,0.508,0.697,0.601,0.454,0.439,0.49,0.454,0.454,0.454,0.257,0.454,0.454,0.691,0.308,0.204,0.348,0.348,0.348,0.316,0.508,0.454,0.348,0.508,0.39,0.348,0.454,0.508,0.441,0.508,0.4,0.348,0.508,1,1,0.264,1,0.439,0.348,0.523,0.813,0.441,0.348,0.441,0.348,0.348,0.697,0.441,1,0.257,0.511,0.289,0.348,0.348,0.257,0.439,0.454,0.601,0.439,0.316,0.337,1,1,0.441,0.654,0.454,0.257,0.601,1,0.348,0.454,0.439,0.507,0.508,0.439,0.4,0.439,0.348,0.257,0.439,0.348,0.454,1,0.316,1,0.439,0.151,0.348,0.411,0.454,0.454,0.454,0.411,0.4,0.348,1,0.411,0.39,0.511,0.508,0.454,0.454,0.284,0.441,0.454,0.439,1
"E2F6",0.591,0.591,0.648,0.592,0.372,0.53,0.431,0.785,0.368,0.372,0.205,0.408,0.37,0.553,0.243,0.204,0.284,0.284,0.284,0.316,0.556,0.436,0.289,0.564,0.496,0.285,0.359,0.48,0.497,0.578,0.311,0.287,0.535,1,1,0.264,0.708,0.71,0.348,0.377,0.876,0.523,0.284,0.591,0.283,0.283,0.709,0.555,0.905,0.2,0.75,0.342,0.256,0.298,0.238,0.781,0.335,0.422,0.819,0.316,0.417,0.865,0.843,0.694,0.708,0.362,0.257,0.605,0.84,0.452,0.618,0.791,0.411,0.513,0.713,0.31,0.808,0.325,0.257,0.611,0.284,0.73,0.758,0.258,0.794,0.739,0.155,0.277,0.518,0.454,0.362,0.358,0.438,0.346,0.336,0.887,0.464,0.575,0.741,0.529,0.682,0.638,0.226,0.662,0.382,0.77,0.923
"ENOSF1",0.222,0.383,0.383,0.63,0.383,0.467,0.34,0.383,0.383,0.383,0.329,0.383,0.383,0.63,0.317,0.279,0.467,0.467,0.467,0.383,0.383,0.467,0.467,0.317,0.467,0.467,0.383,0.467,0.222,0.383,0.467,0.467,0.383,0.264,0.264,1,0.63,0.34,0.467,0.257,0.248,0.34,0.467,0.222,0.467,0.467,0.34,0.63,0.264,0.329,0.467,0.148,0.467,0.467,0.467,0.245,0.383,0.467,0.467,0.383,0.329,0.34,0.264,0.222,0.34,0.383,0.317,0.383,0.264,0.467,0.467,0.253,0.383,0.467,0.467,0.34,0.245,0.467,0.317,0.34,0.467,0.467,0.63,1,0.383,0.34,0.167,0.467,0.199,0.383,0.383,0.467,0.34,0.34,0.467,0.264,0.467,0.467,0.383,0.383,0.383,0.383,0.329,0.317,0.383,0.317,0.264
"ESR1",0.453,0.661,0.729,0.858,0.552,0.5,0.55,0.695,0.502,0.552,0.41,0.613,0.608,0.783,0.446,0.34,0.381,0.381,0.381,0.469,0.626,0.647,0.487,0.61,0.602,0.552,0.632,0.683,0.432,0.699,0.593,0.369,0.671,1,0.708,0.63,1,0.645,0.543,0.351,0.621,0.629,0.381,0.453,0.626,0.447,0.673,0.691,0.674,0.45,0.789,0.315,0.472,0.391,0.519,0.575,0.599,0.57,0.677,0.469,0.514,0.777,0.614,0.694,0.675,0.634,1,0.75,0.614,0.446,0.739,0.575,0.525,0.63,0.763,0.517,0.561,0.387,1,0.639,0.504,0.753,0.849,0.408,0.744,0.778,0.507,0.537,0.426,1,0.644,0.635,0.617,0.593,0.397,0.672,0.567,0.599,0.726,0.609,0.665,0.652,0.43,0.649,0.573,0.676,0.667
"FABP1",0.6,0.733,0.745,0.677,0.752,0.674,0.523,0.814,0.694,0.752,0.23,0.59,0.62,0.622,0.259,0.244,0.402,0.402,0.402,0.593,0.588,0.559,0.405,0.53,0.489,0.324,0.578,0.681,0.501,0.638,0.471,0.527,0.619,0.439,0.71,0.34,0.645,1,0.427,0.305,0.726,0.706,0.402,0.6,0.292,0.32,0.706,0.725,0.719,0.209,0.81,0.344,0.286,0.532,0.214,0.72,0.447,0.471,0.675,0.593,0.59,0.813,0.614,0.694,0.725,0.487,0.306,0.66,0.628,0.549,0.726,0.719,0.495,0.51,0.786,0.478,0.75,0.526,0.306,0.669,0.434,0.748,0.675,0.369,0.697,0.81,0.17,0.318,0.521,0.841,0.566,0.566,0.728,0.502,0.44,0.702,0.496,0.719,0.829,0.624,0.836,0.657,0.275,0.649,0.609,0.708,0.714
"FCRL3",0.28,0.469,0.469,0.543,0.469,0.543,0.427,0.469,0.469,0.469,0.373,0.469,0.469,0.469,0.373,0.298,0.543,0.543,0.543,0.469,0.524,1,1,0.524,0.543,1,0.469,0.543,0.28,0.469,1,0.543,0.469,0.348,0.348,0.467,0.543,0.427,1,0.315,0.306,0.427,0.543,0.28,0.543,1,0.427,0.427,0.348,0.373,0.543,0.175,1,0.543,0.373,0.283,0.469,0.543,0.283,0.469,0.524,0.427,0.348,0.28,0.427,0.469,0.373,0.469,0.348,0.543,0.469,0.283,0.469,0.543,0.543,0.427,0.283,0.543,0.373,0.427,0.543,0.469,0.427,0.469,0.469,0.427,0.194,0.543,0.255,0.469,0.469,0.543,0.427,0.427,0.543,0.348,0.543,0.543,0.469,0.469,0.469,0.469,0.403,0.373,0.469,0.373,0.348
"FSD1",0.331,0.359,0.368,0.402,0.335,0.284,0.326,0.35,0.33,0.335,0.194,0.295,0.338,0.375,0.212,0.168,0.276,0.276,0.276,0.284,0.323,0.303,0.273,0.322,0.241,0.272,0.31,0.295,0.279,0.345,0.277,0.261,0.316,0.523,0.377,0.257,0.351,0.305,0.315,1,0.54,0.313,0.276,0.331,0.235,0.199,0.424,0.302,0.432,0.165,0.354,0.204,0.223,0.258,0.176,0.286,0.282,0.599,0.278,0.284,0.243,0.421,0.462,0.371,0.352,0.331,0.223,0.492,0.453,0.276,0.331,0.297,0.388,0.295,0.313,0.259,0.333,0.243,0.223,0.277,0.223,0.319,0.465,0.25,0.45,0.315,0.123,0.255,0.31,0.406,0.328,0.315,0.298,0.262,0.25,0.408,0.302,0.279,0.374,0.32,0.297,0.309,0.198,0.312,0.363,0.303,0.434
"FUS",0.646,0.611,0.673,0.584,0.402,0.506,0.451,0.824,0.4,0.402,0.205,0.415,0.4,0.555,0.247,0.17,0.288,0.288,0.288,0.277,0.551,0.428,0.278,0.565,0.463,0.281,0.367,0.457,0.521,0.589,0.312,0.3,0.536,0.813,0.876,0.248,0.621,0.726,0.306,0.54,1,0.538,0.288,0.646,0.251,0.269,0.759,0.556,0.913,0.18,0.775,0.383,0.241,0.317,0.191,0.814,0.337,0.512,0.752,0.277,0.417,0.863,0.865,0.694,0.73,0.383,0.218,0.665,0.865,0.458,0.615,0.826,0.531,0.502,0.725,0.314,0.861,0.325,0.218,0.59,0.279,0.731,0.704,0.262,0.799,0.759,0.132,0.263,0.561,0.468,0.383,0.367,0.448,0.361,0.338,0.89,0.484,0.568,0.77,0.534,0.671,0.629,0.217,0.684,0.422,0.799,0.938
"FXN",0.766,0.756,0.807,0.624,0.698,0.44,0.609,0.688,0.612,0.698,0.238,0.582,0.742,0.712,0.263,0.244,0.33,0.33,0.33,0.38,0.549,0.591,0.339,0.49,0.404,0.333,0.7,0.613,0.665,0.674,0.585,0.329,0.63,0.441,0.523,0.34,0.629,0.706,0.427,0.313,0.538,1,0.33,0.766,0.338,0.345,0.656,0.849,0.534,0.237,0.701,0.471,0.305,0.379,0.295,0.51,0.554,0.554,0.519,0.38,0.427,0.724,0.491,1,0.635,0.613,0.306,0.652,0.47,0.493,0.818,0.526,0.609,0.503,0.695,0.64,0.596,0.372,0.306,0.64,0.373,0.663,0.638,0.298,0.654,0.703,0.236,0.326,0.578,0.841,0.694,0.647,0.681,0.589,0.389,0.522,0.532,0.442,0.759,0.656,0.617,0.634,0.295,0.71,0.748,0.5,0.526
"GDF5",0.253,0.366,0.37,0.384,0.51,0.754,0.314,0.367,0.531,0.51,0.358,0.366,0.417,0.325,0.327,0.298,1,1,1,1,0.532,0.553,0.822,0.33,0.376,0.494,0.39,0.438,0.221,0.365,0.439,0.849,0.327,0.348,0.284,0.467,0.381,0.402,0.543,0.276,0.288,0.33,1,0.253,0.43,0.278,0.322,0.308,0.292,0.299,0.376,0.172,0.403,0.734,0.325,0.256,0.371,0.379,0.257,1,0.407,0.356,0.32,0.28,0.297,0.431,0.373,0.359,0.324,0.73,0.364,0.255,0.362,0.35,0.39,0.342,0.27,0.658,0.373,0.303,0.362,0.354,0.318,0.818,0.393,0.351,0.194,0.457,0.238,0.469,0.42,0.614,0.441,0.316,0.732,0.291,0.413,0.675,0.347,0.333,0.4,0.352,0.312,0.306,0.444,0.318,0.313
"GFM1",1,0.629,0.665,0.46,0.502,0.395,0.478,0.66,0.497,0.502,0.181,0.44,0.514,0.533,0.213,0.151,0.253,0.253,0.253,0.255,0.546,0.473,0.248,0.522,0.348,0.248,0.455,0.429,0.754,0.598,0.342,0.282,0.486,0.441,0.591,0.222,0.453,0.6,0.28,0.331,0.646,0.766,0.253,1,0.215,0.292,0.536,0.756,0.626,0.154,0.588,0.565,0.204,0.361,0.164,0.593,0.403,0.391,0.547,0.255,0.45,0.613,0.587,1,0.533,0.471,0.201,0.492,0.577,0.519,0.672,0.608,0.514,0.503,0.563,0.373,0.704,0.348,0.201,0.454,0.322,0.575,0.483,0.229,0.594,0.58,0.115,0.231,0.673,0.619,0.475,0.443,0.514,0.437,0.372,0.607,0.56,0.442,0.658,0.59,0.53,0.521,0.228,0.811,0.551,0.583,0.631
"GPR37L1",0.215,0.34,0.359,0.596,0.359,0.391,0.372,0.33,0.346,0.359,0.64,0.438,0.392,0.479,0.626,0.34,0.43,0.43,0.43,0.469,0.539,0.56,0.612,0.639,0.585,0.795,0.469,0.579,0.281,0.566,0.594,0.39,0.423,0.348,0.283,0.467,0.626,0.292,0.543,0.235,0.251,0.338,0.43,0.215,1,0.425,0.294,0.397,0.262,0.712,0.484,0.274,0.618,0.371,0.937,0.254,0.579,0.37,0.339,0.469,0.545,0.319,0.273,0.28,0.287,0.67,1,0.5,0.276,0.383,0.416,0.269,0.32,0.616,0.515,0.361,0.237,0.367,1,0.331,0.472,0.415,0.418,0.44,0.346,0.518,0.507,0.705,0.256,0.469,0.563,0.528,0.48,0.484,0.364,0.272,0.571,0.572,0.32,0.322,0.337,0.37,0.499,0.514,0.378,0.525,0.274
"GRIA1",0.292,0.425,0.359,0.478,0.333,0.337,0.401,0.349,0.328,0.333,0.367,0.535,0.333,0.415,0.391,0.34,0.278,0.278,0.278,0.469,0.498,0.535,0.445,0.443,0.458,0.478,0.386,0.555,0.322,0.514,0.486,0.29,0.441,0.348,0.283,0.467,0.447,0.32,1,0.199,0.269,0.345,0.278,0.292,0.425,1,0.301,0.35,0.283,0.457,0.392,0.239,0.456,0.375,0.345,0.265,0.518,0.461,0.267,0.469,0.445,0.32,0.273,0.619,0.315,0.445,1,0.436,0.255,0.396,0.361,0.265,0.329,0.599,0.391,0.281,0.318,0.337,1,0.306,0.689,0.342,0.319,0.254,0.346,0.424,0.618,0.558,0.347,0.533,0.414,0.461,0.42,0.546,0.347,0.28,0.481,0.413,0.372,0.426,0.336,0.333,0.552,0.433,0.334,0.393,0.279
"HJURP",0.536,0.659,0.783,0.634,0.567,0.445,0.503,0.743,0.483,0.567,0.235,0.482,0.619,0.646,0.258,0.244,0.322,0.322,0.322,0.38,0.472,0.476,0.334,0.461,0.479,0.326,0.578,0.522,0.424,0.568,0.468,0.311,0.549,0.697,0.709,0.34,0.673,0.706,0.427,0.424,0.759,0.656,0.322,0.536,0.294,0.301,1,0.592,0.794,0.213,0.808,0.3,0.288,0.337,0.219,0.617,0.444,0.537,0.566,0.38,0.403,0.834,0.637,0.537,0.822,0.486,0.306,0.656,0.744,0.452,0.635,0.603,0.56,0.452,0.702,0.48,0.649,0.355,0.306,0.613,0.342,0.677,0.681,0.291,0.718,0.742,0.17,0.32,0.441,0.841,0.565,0.539,0.543,0.48,0.371,0.729,0.44,0.543,0.815,0.569,0.631,0.573,0.275,0.617,0.608,0.633,0.738
"HMGCL",0.756,0.7,0.758,0.66,0.607,0.454,0.568,0.647,0.538,0.607,0.22,0.549,0.672,0.753,0.269,0.244,0.308,0.308,0.308,0.38,0.56,0.559,0.323,0.521,0.431,0.313,0.642,0.567,0.65,0.632,0.499,0.312,0.59,0.441,0.555,0.63,0.691,0.725,0.427,0.302,0.556,0.849,0.308,0.756,0.397,0.35,0.592,1,0.553,0.279,0.652,0.447,0.292,0.374,0.344,0.547,0.494,0.514,0.612,0.38,0.458,0.658,0.501,1,0.587,0.538,0.306,0.59,0.492,0.526,0.822,0.56,0.543,0.526,0.642,0.574,0.601,0.38,0.306,0.617,0.369,0.707,0.703,0.359,0.596,0.643,0.281,0.31,0.575,0.841,0.603,0.577,0.616,0.512,0.397,0.549,0.547,0.468,0.706,0.624,0.614,0.622,0.281,0.708,0.645,0.534,0.548
"HOXD9",0.626,0.594,0.669,0.577,0.381,0.524,0.427,0.805,0.377,0.381,0.213,0.409,0.378,0.545,0.25,0.204,0.292,0.292,0.292,0.316,0.555,0.44,0.295,0.565,0.503,0.292,0.356,0.473,0.506,0.58,0.316,0.299,0.531,1,0.905,0.264,0.674,0.719,0.348,0.432,0.913,0.534,0.292,0.626,0.262,0.283,0.794,0.553,1,0.191,0.811,0.36,0.256,0.314,0.197,0.799,0.338,0.439,0.745,0.316,0.436,0.895,0.885,0.694,0.722,0.37,0.257,0.607,0.91,0.478,0.606,0.807,0.442,0.508,0.723,0.303,0.835,0.346,0.257,0.597,0.289,0.727,0.726,0.263,0.824,0.753,0.151,0.282,0.536,0.454,0.37,0.363,0.442,0.357,0.358,0.927,0.474,0.594,0.801,0.526,0.673,0.617,0.229,0.689,0.394,0.788,0.966
"HTR2A",0.154,0.239,0.252,0.46,0.256,0.286,0.277,0.236,0.246,0.256,0.504,0.444,0.272,0.374,0.548,0.34,0.299,0.299,0.299,0.33,0.442,0.451,0.475,0.531,0.491,0.58,0.372,0.609,0.194,0.448,0.513,0.272,0.324,0.257,0.2,0.329,0.45,0.209,0.373,0.165,0.18,0.237,0.299,0.154,0.712,0.457,0.213,0.279,0.191,1,0.314,0.175,0.501,0.26,0.7,0.173,0.473,0.421,0.231,0.33,0.444,0.23,0.197,0.201,0.205,0.541,1,0.388,0.205,0.267,0.288,0.186,0.226,0.447,0.329,0.251,0.174,0.273,1,0.232,0.489,0.287,0.291,0.313,0.245,0.409,0.507,0.656,0.177,0.33,0.451,0.415,0.379,0.379,0.253,0.196,0.36,0.457,0.228,0.225,0.232,0.253,0.44,0.406,0.268,0.411,0.2
"IFI16",0.588,0.732,0.789,0.785,0.558,0.583,0.547,0.853,0.483,0.558,0.346,0.575,0.603,0.701,0.375,0.298,0.376,0.376,0.376,0.469,0.642,0.601,0.437,0.649,0.653,0.52,0.592,0.705,0.498,0.709,0.544,0.362,0.695,0.511,0.75,0.467,0.789,0.81,0.543,0.354,0.775,0.701,0.376,0.588,0.484,0.392,0.808,0.652,0.811,0.314,1,0.349,0.398,0.381,0.329,0.775,0.512,0.52,0.711,0.469,0.536,0.855,0.651,0.694,0.791,0.559,0.687,0.75,0.696,0.535,0.743,0.749,0.504,0.654,0.925,0.475,0.78,0.406,0.687,0.709,0.429,0.798,0.727,0.34,0.735,0.905,0.35,0.492,0.513,0.841,0.606,0.585,0.627,0.545,0.421,0.752,0.625,0.695,0.9,0.633,0.744,0.694,0.365,0.756,0.591,0.848,0.763
"IMMP2L",0.565,0.426,0.419,0.306,0.331,0.253,0.322,0.379,0.335,0.331,0.194,0.292,0.344,0.417,0.213,0.084,0.172,0.172,0.172,0.163,0.381,0.319,0.191,0.385,0.236,0.272,0.337,0.308,0.835,0.432,0.238,0.19,0.326,0.289,0.342,0.148,0.315,0.344,0.175,0.204,0.383,0.471,0.172,0.565,0.274,0.239,0.3,0.447,0.36,0.175,0.349,1,0.192,0.226,0.214,0.329,0.3,0.254,0.335,0.163,0.279,0.362,0.379,0.62,0.378,0.34,0.224,0.32,0.318,0.328,0.445,0.355,0.333,0.398,0.35,0.265,0.432,0.187,0.224,0.303,0.22,0.357,0.312,0.159,0.38,0.347,0.241,0.227,0.462,0.384,0.326,0.296,0.343,0.32,0.195,0.354,0.393,0.264,0.396,0.379,0.323,0.348,0.181,0.471,0.363,0.346,0.372
"ITGBL1",0.204,0.325,0.335,0.475,0.343,0.378,0.317,0.32,0.33,0.343,0.642,0.497,0.353,0.409,0.558,0.34,0.403,0.403,0.403,0.469,0.52,0.626,0.686,0.592,0.607,0.775,0.47,0.503,0.229,0.52,0.681,0.37,0.487,0.348,0.256,0.467,0.472,0.286,1,0.223,0.241,0.305,0.403,0.204,0.618,0.456,0.288,0.292,0.256,0.501,0.398,0.192,1,0.356,0.56,0.227,0.531,0.356,0.237,0.469,0.519,0.309,0.263,0.28,0.274,0.606,1,0.479,0.265,0.356,0.327,0.228,0.31,0.498,0.412,0.286,0.229,0.354,1,0.284,0.459,0.315,0.303,0.366,0.332,0.487,0.507,0.598,0.216,0.469,0.524,0.511,0.454,0.45,0.352,0.256,0.435,0.547,0.313,0.308,0.295,0.304,0.476,0.47,0.356,0.479,0.266
"KLK2",0.361,0.51,0.405,0.433,0.663,0.721,0.366,0.395,0.707,0.663,0.299,0.489,0.422,0.36,0.301,0.298,0.734,0.734,0.734,0.803,0.543,0.536,0.66,0.362,0.348,0.424,0.401,0.533,0.32,0.434,0.413,0.864,0.384,0.348,0.298,0.467,0.391,0.532,0.543,0.258,0.317,0.379,0.734,0.361,0.371,0.375,0.337,0.374,0.314,0.26,0.381,0.226,0.356,1,0.272,0.279,0.422,0.382,0.28,0.803,0.58,0.37,0.331,0.446,0.347,0.431,0.373,0.382,0.316,0.656,0.411,0.282,0.394,0.471,0.387,0.336,0.384,0.831,0.373,0.318,0.555,0.384,0.331,0.583,0.419,0.364,0.194,0.409,0.425,0.534,0.425,0.721,0.596,0.516,0.797,0.307,0.542,0.713,0.412,0.476,0.536,0.385,0.347,0.367,0.445,0.326,0.325
"LRP1B",0.164,0.259,0.283,0.484,0.27,0.297,0.274,0.245,0.262,0.27,0.597,0.347,0.325,0.431,0.595,0.34,0.325,0.325,0.325,0.33,0.475,0.48,0.515,0.611,0.529,0.657,0.426,0.444,0.21,0.493,0.516,0.291,0.333,0.257,0.238,0.467,0.519,0.214,0.373,0.176,0.191,0.295,0.325,0.164,0.937,0.345,0.219,0.344,0.197,0.7,0.329,0.214,0.56,0.272,1,0.216,0.521,0.275,0.324,0.33,0.489,0.239,0.209,0.201,0.228,0.631,1,0.414,0.218,0.279,0.347,0.24,0.235,0.479,0.361,0.314,0.182,0.286,1,0.289,0.394,0.356,0.371,0.398,0.257,0.443,0.507,0.585,0.192,0.33,0.504,0.446,0.408,0.405,0.263,0.218,0.392,0.501,0.234,0.23,0.265,0.304,0.436,0.452,0.29,0.458,0.21
"LUC7L3",0.593,0.587,0.586,0.555,0.342,0.523,0.38,0.795,0.343,0.342,0.182,0.376,0.334,0.504,0.221,0.17,0.256,0.256,0.256,0.261,0.551,0.411,0.254,0.564,0.482,0.253,0.316,0.467,0.497,0.575,0.276,0.266,0.512,0.439,0.781,0.245,0.575,0.72,0.283,0.286,0.814,0.51,0.256,0.593,0.254,0.265,0.617,0.547,0.799,0.173,0.775,0.329,0.227,0.279,0.216,1,0.307,0.328,0.759,0.261,0.408,0.752,0.702,0.694,0.69,0.33,0.214,0.553,0.68,0.436,0.614,0.805,0.341,0.51,0.717,0.28,0.829,0.303,0.214,0.606,0.263,0.758,0.644,0.24,0.664,0.752,0.132,0.244,0.518,0.396,0.328,0.324,0.421,0.323,0.312,0.781,0.456,0.569,0.739,0.525,0.681,0.628,0.202,0.663,0.348,0.817,0.803
"MARCO",0.403,0.606,0.586,0.613,0.588,0.504,0.517,0.519,0.546,0.588,0.541,0.582,0.637,0.581,0.538,0.841,0.371,0.371,0.371,0.412,0.599,0.68,0.534,0.61,0.542,0.618,0.681,0.572,0.395,0.698,0.639,0.363,0.557,0.454,0.335,0.383,0.599,0.447,0.469,0.282,0.337,0.554,0.371,0.403,0.579,0.518,0.444,0.494,0.338,0.473,0.512,0.3,0.531,0.422,0.521,0.307,1,0.493,0.297,0.412,0.559,0.474,0.341,0.619,0.412,0.795,1,0.669,0.333,0.423,0.562,0.303,0.577,0.623,0.527,0.45,0.378,0.546,1,0.422,0.572,0.496,0.414,0.333,0.552,0.614,0.507,0.599,0.43,1,0.747,0.702,0.634,0.654,0.402,0.333,0.546,0.528,0.548,0.629,0.461,0.505,0.536,0.6,0.642,0.52,0.344
"MARK4",0.391,0.577,0.595,0.687,0.557,0.396,0.573,0.498,0.506,0.557,0.268,0.615,0.59,0.632,0.335,0.298,0.379,0.379,0.379,0.469,0.437,0.514,0.393,0.377,0.364,0.385,0.569,0.639,0.381,0.519,0.536,0.362,0.529,0.601,0.422,0.467,0.57,0.471,0.543,0.599,0.512,0.554,0.379,0.391,0.37,0.461,0.537,0.514,0.439,0.421,0.52,0.254,0.356,0.382,0.275,0.328,0.493,1,0.338,0.469,0.315,0.559,0.443,0.619,0.496,0.515,0.373,0.637,0.439,0.388,0.556,0.336,0.535,0.43,0.496,0.475,0.374,0.365,0.373,0.461,0.481,0.494,0.627,0.342,0.58,0.475,0.218,0.505,0.378,1,0.561,0.568,0.503,0.486,0.383,0.431,0.432,0.376,0.562,0.553,0.471,0.497,0.355,0.401,0.581,0.347,0.437
"MED25",0.547,0.568,0.561,0.588,0.332,0.506,0.386,0.747,0.331,0.332,0.182,0.373,0.353,0.553,0.233,0.17,0.257,0.257,0.257,0.261,0.528,0.403,0.254,0.528,0.448,0.254,0.339,0.448,0.475,0.547,0.274,0.268,0.497,0.439,0.819,0.467,0.677,0.675,0.283,0.278,0.752,0.519,0.257,0.547,0.339,0.267,0.566,0.612,0.745,0.231,0.711,0.335,0.237,0.28,0.324,0.759,0.297,0.338,1,0.261,0.379,0.702,0.663,0.694,0.639,0.318,0.214,0.533,0.603,0.411,0.658,0.78,0.331,0.49,0.678,0.317,0.765,0.294,0.214,0.614,0.265,0.761,0.741,0.311,0.636,0.701,0.206,0.245,0.49,0.396,0.318,0.318,0.407,0.321,0.303,0.734,0.443,0.518,0.7,0.505,0.667,0.643,0.201,0.603,0.336,0.731,0.743
"MIR134",0.255,0.412,0.412,0.469,0.593,1,0.38,0.412,0.593,0.593,0.33,0.593,0.412,0.412,0.33,0.263,1,1,1,1,1,1,1,0.33,0.469,0.469,0.412,0.593,0.255,0.412,0.469,0.803,0.412,0.316,0.316,0.383,0.469,0.593,0.469,0.284,0.277,0.38,1,0.255,0.469,0.469,0.38,0.38,0.316,0.33,0.469,0.163,0.469,0.803,0.33,0.261,0.412,0.469,0.261,1,0.593,0.38,0.316,0.255,0.38,0.412,0.33,0.412,0.316,1,0.412,0.261,0.412,0.469,0.469,0.38,0.261,0.803,0.33,0.38,0.593,0.412,0.38,1,0.412,0.38,0.179,0.469,0.234,0.412,0.412,0.803,0.593,0.38,1,0.316,0.469,0.803,0.412,0.412,0.593,0.412,0.36,0.33,0.412,0.33,0.316
"MUC16",0.45,0.459,0.41,0.607,0.547,0.563,0.382,0.461,0.574,0.547,0.501,0.581,0.323,0.462,0.544,0.34,0.407,0.407,0.407,0.593,0.774,0.691,0.593,0.758,0.586,0.591,0.421,0.659,0.383,0.628,0.528,0.563,0.474,0.337,0.417,0.329,0.514,0.59,0.524,0.243,0.417,0.427,0.407,0.45,0.545,0.445,0.403,0.458,0.436,0.444,0.536,0.279,0.519,0.58,0.489,0.408,0.559,0.315,0.379,0.593,1,0.42,0.366,0.589,0.418,0.587,1,0.523,0.395,0.526,0.396,0.4,0.331,0.624,0.506,0.268,0.482,0.571,1,0.344,0.612,0.411,0.367,0.372,0.388,0.62,0.507,0.538,0.483,0.422,0.504,0.544,0.713,0.589,0.468,0.423,0.597,0.782,0.491,0.451,0.546,0.358,0.453,0.681,0.335,0.644,0.418
"MYT1",0.613,0.766,0.833,0.692,0.622,0.53,0.555,0.864,0.533,0.622,0.258,0.526,0.68,0.671,0.276,0.244,0.356,0.356,0.356,0.38,0.56,0.531,0.358,0.547,0.492,0.355,0.625,0.584,0.512,0.667,0.504,0.348,0.639,1,0.865,0.34,0.777,0.813,0.427,0.421,0.863,0.724,0.356,0.613,0.319,0.32,0.834,0.658,0.895,0.23,0.855,0.362,0.309,0.37,0.239,0.752,0.474,0.559,0.702,0.38,0.42,1,0.849,0.694,0.799,0.534,0.306,0.749,0.849,0.476,0.762,0.755,0.558,0.52,0.825,0.529,0.795,0.368,0.306,0.69,0.357,0.789,0.802,0.32,0.911,0.851,0.17,0.342,0.54,0.841,0.618,0.577,0.608,0.523,0.383,0.875,0.507,0.569,0.876,0.643,0.727,0.707,0.288,0.666,0.676,0.742,0.914
"MYT1L",0.587,0.588,0.578,0.507,0.401,0.491,0.424,0.713,0.401,0.401,0.232,0.399,0.398,0.464,0.256,0.204,0.32,0.32,0.32,0.316,0.54,0.431,0.312,0.544,0.37,0.314,0.365,0.441,0.506,0.568,0.324,0.324,0.51,1,0.843,0.264,0.614,0.614,0.348,0.462,0.865,0.491,0.32,0.587,0.273,0.273,0.637,0.501,0.885,0.197,0.651,0.379,0.263,0.331,0.209,0.702,0.341,0.443,0.663,0.316,0.366,0.849,1,0.694,0.63,0.39,0.257,0.594,0.849,0.41,0.592,0.732,0.463,0.482,0.635,0.309,0.756,0.303,0.257,0.5,0.289,0.625,0.665,0.285,0.891,0.638,0.151,0.295,0.558,0.454,0.386,0.372,0.432,0.361,0.305,0.87,0.472,0.448,0.665,0.506,0.571,0.601,0.235,0.551,0.426,0.672,0.939
"NIPSNAP1",1,0.811,1,0.694,0.619,0.694,0.718,0.694,0.619,0.619,0.201,0.75,0.619,1,0.268,0.151,0.28,0.28,0.28,0.255,0.811,0.75,0.28,0.811,0.537,0.28,0.619,0.811,1,0.811,0.523,0.305,0.811,0.441,0.694,0.222,0.694,0.694,0.28,0.371,0.694,1,0.28,1,0.28,0.619,0.537,1,0.694,0.201,0.694,0.62,0.28,0.446,0.201,0.694,0.619,0.619,0.694,0.255,0.589,0.694,0.694,1,0.545,0.619,0.201,0.694,0.537,0.589,1,0.694,0.619,0.811,0.694,0.523,0.75,0.388,0.201,0.694,0.498,0.694,0.694,0.255,0.694,0.694,0.115,0.28,0.75,0.619,0.619,0.619,0.75,0.538,0.388,0.694,0.75,0.537,0.75,0.811,0.694,0.694,0.305,1,0.619,0.694,0.694
"NUP43",0.533,0.791,0.733,0.651,0.508,0.497,0.496,0.754,0.436,0.508,0.217,0.513,0.55,0.636,0.247,0.244,0.297,0.297,0.297,0.38,0.522,0.506,0.313,0.504,0.494,0.302,0.522,0.544,0.484,0.597,0.427,0.293,0.58,0.654,0.708,0.34,0.675,0.725,0.427,0.352,0.73,0.635,0.297,0.533,0.287,0.315,0.822,0.587,0.722,0.205,0.791,0.378,0.274,0.347,0.228,0.69,0.412,0.496,0.639,0.38,0.418,0.799,0.63,0.545,1,0.438,0.306,0.665,0.663,0.465,0.663,0.67,0.489,0.494,0.73,0.431,0.695,0.341,0.306,0.646,0.351,0.705,0.697,0.27,0.695,0.76,0.17,0.301,0.516,0.841,0.506,0.507,0.571,0.473,0.354,0.708,0.495,0.549,0.783,0.584,0.662,0.617,0.268,0.61,0.533,0.694,0.718
"OPN5",0.471,0.647,0.647,0.639,0.683,0.393,0.532,0.578,0.643,0.683,0.661,0.607,0.756,0.617,0.632,0.34,0.431,0.431,0.431,0.412,0.657,0.745,0.6,0.714,0.599,0.725,0.795,0.618,0.431,0.802,0.734,0.389,0.593,0.454,0.362,0.383,0.634,0.487,0.469,0.331,0.383,0.613,0.431,0.471,0.67,0.445,0.486,0.538,0.37,0.541,0.559,0.34,0.606,0.431,0.631,0.33,0.795,0.515,0.318,0.412,0.587,0.534,0.39,0.619,0.438,1,1,0.74,0.382,0.426,0.626,0.33,0.671,0.604,0.584,0.527,0.423,0.396,1,0.45,0.56,0.547,0.437,0.384,0.636,0.689,0.507,0.641,0.472,1,0.907,0.791,0.718,0.701,0.421,0.363,0.609,0.591,0.599,0.628,0.492,0.57,0.528,0.674,0.793,0.586,0.385
"OR10A4",0.201,0.33,0.33,1,0.33,0.387,0.42,0.33,0.33,0.33,1,1,0.33,0.659,1,0.34,0.373,0.373,0.373,0.33,1,1,1,1,1,1,0.659,1,0.257,1,1,0.373,0.602,0.257,0.257,0.317,1,0.306,0.373,0.223,0.218,0.306,0.373,0.201,1,1,0.306,0.306,0.257,1,0.687,0.224,1,0.373,1,0.214,1,0.373,0.214,0.33,1,0.306,0.257,0.201,0.306,1,1,1,0.257,0.373,0.33,0.214,0.33,1,0.687,0.306,0.214,0.387,1,0.306,1,0.33,0.306,0.33,0.33,1,0.507,1,0.241,0.33,0.846,0.846,0.846,1,0.373,0.257,0.687,1,0.33,0.33,0.33,0.33,1,1,0.33,1,0.257
"PAWR",0.492,0.738,0.711,0.774,0.634,0.49,0.589,0.722,0.569,0.634,0.429,0.662,0.679,0.736,0.461,0.34,0.359,0.359,0.359,0.412,0.666,0.688,0.486,0.672,0.571,0.531,0.712,0.684,0.468,0.782,0.649,0.35,0.74,0.601,0.605,0.383,0.75,0.66,0.469,0.492,0.665,0.652,0.359,0.492,0.5,0.436,0.656,0.59,0.607,0.388,0.75,0.32,0.479,0.382,0.414,0.553,0.669,0.637,0.533,0.412,0.523,0.749,0.594,0.694,0.665,0.74,1,1,0.518,0.411,0.718,0.556,0.605,0.617,0.739,0.524,0.585,0.362,1,0.6,0.511,0.674,0.66,0.322,0.757,0.806,0.507,0.512,0.479,1,0.752,0.706,0.691,0.654,0.37,0.597,0.542,0.566,0.76,0.662,0.633,0.664,0.441,0.644,0.676,0.672,0.606
"PAX4",0.577,0.497,0.634,0.502,0.391,0.413,0.384,0.73,0.389,0.391,0.242,0.363,0.392,0.495,0.259,0.204,0.324,0.324,0.324,0.316,0.452,0.386,0.314,0.457,0.446,0.317,0.359,0.391,0.416,0.482,0.322,0.316,0.43,1,0.84,0.264,0.614,0.628,0.348,0.453,0.865,0.47,0.324,0.577,0.276,0.255,0.744,0.492,0.91,0.205,0.696,0.318,0.265,0.316,0.218,0.68,0.333,0.439,0.603,0.316,0.395,0.849,0.849,0.537,0.663,0.382,0.257,0.518,1,0.443,0.483,0.67,0.457,0.412,0.611,0.305,0.728,0.346,0.257,0.5,0.275,0.625,0.643,0.289,0.77,0.673,0.151,0.297,0.458,0.454,0.379,0.364,0.39,0.329,0.367,0.883,0.412,0.546,0.666,0.434,0.568,0.48,0.237,0.65,0.418,0.707,0.939
"PDGFD",0.519,0.482,0.48,0.446,0.483,0.721,0.424,0.522,0.493,0.483,0.301,0.496,0.416,0.438,0.298,0.298,0.73,0.73,0.73,1,0.703,0.643,0.687,0.443,0.437,0.428,0.396,0.491,0.441,0.516,0.416,0.641,0.46,0.348,0.452,0.467,0.446,0.549,0.543,0.276,0.458,0.493,0.73,0.519,0.383,0.396,0.452,0.526,0.478,0.267,0.535,0.328,0.356,0.656,0.279,0.436,0.423,0.388,0.411,1,0.526,0.476,0.41,0.589,0.465,0.426,0.373,0.411,0.443,1,0.468,0.43,0.406,0.614,0.501,0.344,0.535,0.633,0.373,0.401,0.413,0.475,0.415,0.604,0.449,0.493,0.194,0.414,0.679,0.469,0.419,0.585,0.544,0.522,0.718,0.464,0.573,0.676,0.556,0.455,0.498,0.42,0.332,0.537,0.435,0.483,0.463
"PFDN4",0.672,0.802,0.804,0.724,0.689,0.516,0.61,0.788,0.622,0.689,0.259,0.592,0.756,0.744,0.279,0.263,0.364,0.364,0.364,0.412,0.573,0.611,0.373,0.513,0.418,0.367,0.702,0.604,0.638,0.716,0.553,0.357,0.673,0.454,0.618,0.467,0.739,0.726,0.469,0.331,0.615,0.818,0.364,0.672,0.416,0.361,0.635,0.822,0.606,0.288,0.743,0.445,0.327,0.411,0.347,0.614,0.562,0.556,0.658,0.412,0.396,0.762,0.592,1,0.663,0.626,0.33,0.718,0.483,0.468,1,0.633,0.635,0.531,0.749,0.621,0.671,0.367,0.33,0.672,0.41,0.813,0.749,0.377,0.773,0.741,0.206,0.358,0.573,1,0.687,0.653,0.659,0.581,0.387,0.602,0.552,0.462,0.819,0.715,0.715,0.777,0.319,0.642,0.744,0.583,0.605
"PHC3",0.608,0.596,0.575,0.549,0.344,0.524,0.401,0.803,0.344,0.344,0.183,0.378,0.345,0.502,0.224,0.17,0.255,0.255,0.255,0.261,0.552,0.414,0.253,0.568,0.46,0.252,0.336,0.46,0.508,0.579,0.274,0.268,0.512,0.439,0.791,0.253,0.575,0.719,0.283,0.297,0.826,0.526,0.255,0.608,0.269,0.265,0.603,0.56,0.807,0.186,0.749,0.355,0.228,0.282,0.24,0.805,0.303,0.336,0.78,0.261,0.4,0.755,0.732,0.694,0.67,0.33,0.214,0.556,0.67,0.43,0.633,1,0.342,0.507,0.716,0.317,0.843,0.298,0.214,0.63,0.265,0.746,0.656,0.241,0.684,0.748,0.166,0.242,0.537,0.396,0.327,0.323,0.426,0.332,0.307,0.788,0.466,0.547,0.74,0.524,0.701,0.712,0.201,0.65,0.351,0.79,0.814
"PIWIL1",0.514,0.653,0.655,0.537,0.685,0.366,0.526,0.595,0.654,0.685,0.259,0.521,0.746,0.547,0.266,0.263,0.362,0.362,0.362,0.412,0.441,0.562,0.374,0.369,0.327,0.366,0.674,0.453,0.46,0.596,0.513,0.329,0.518,0.507,0.411,0.383,0.525,0.495,0.469,0.388,0.531,0.609,0.362,0.514,0.32,0.329,0.56,0.543,0.442,0.226,0.504,0.333,0.31,0.394,0.235,0.341,0.577,0.535,0.331,0.412,0.331,0.558,0.463,0.619,0.489,0.671,0.33,0.605,0.457,0.406,0.635,0.342,1,0.412,0.505,0.531,0.455,0.344,0.33,0.46,0.399,0.569,0.462,0.326,0.655,0.501,0.179,0.355,0.492,1,0.693,0.645,0.56,0.533,0.381,0.423,0.495,0.352,0.623,0.635,0.518,0.592,0.323,0.466,0.774,0.354,0.447
"PMEPA1",0.503,0.615,0.509,0.628,0.414,0.487,0.538,0.559,0.412,0.414,0.495,0.563,0.409,0.535,0.507,0.34,0.35,0.35,0.35,0.469,0.748,0.658,0.516,0.735,0.578,0.651,0.466,0.662,0.507,0.726,0.534,0.365,0.606,0.508,0.513,0.467,0.63,0.51,0.543,0.295,0.502,0.503,0.35,0.503,0.616,0.599,0.452,0.526,0.508,0.447,0.654,0.398,0.498,0.471,0.479,0.51,0.623,0.43,0.49,0.469,0.624,0.52,0.482,0.811,0.494,0.604,1,0.617,0.412,0.614,0.531,0.507,0.412,1,0.653,0.337,0.584,0.413,1,0.435,0.635,0.517,0.485,0.317,0.534,0.663,0.507,0.612,0.651,0.469,0.54,0.567,0.601,0.768,0.427,0.5,0.787,0.58,0.586,0.584,0.494,0.493,0.509,0.688,0.421,0.67,0.501
"POLR3A",0.563,0.738,0.746,0.763,0.581,0.573,0.552,0.832,0.498,0.581,0.366,0.578,0.631,0.661,0.389,0.298,0.39,0.39,0.39,0.469,0.64,0.609,0.453,0.647,0.602,0.55,0.621,0.708,0.493,0.714,0.566,0.37,0.695,0.439,0.713,0.467,0.763,0.786,0.543,0.313,0.725,0.695,0.39,0.563,0.515,0.391,0.702,0.642,0.723,0.329,0.925,0.35,0.412,0.387,0.361,0.717,0.527,0.496,0.678,0.469,0.506,0.825,0.635,0.694,0.73,0.584,0.687,0.739,0.611,0.501,0.749,0.716,0.505,0.653,1,0.525,0.746,0.39,0.687,0.694,0.434,0.771,0.693,0.354,0.731,0.885,0.35,0.513,0.513,0.841,0.634,0.606,0.639,0.56,0.406,0.706,0.638,0.637,0.843,0.631,0.734,0.727,0.375,0.708,0.621,0.791,0.718
"PPP2CB",0.373,0.594,0.62,0.511,0.638,0.32,0.497,0.467,0.508,0.638,0.248,0.464,0.75,0.531,0.244,0.244,0.342,0.342,0.342,0.38,0.359,0.456,0.35,0.279,0.288,0.344,0.683,0.44,0.342,0.467,0.517,0.304,0.456,0.4,0.31,0.34,0.517,0.478,0.427,0.259,0.314,0.64,0.342,0.373,0.361,0.281,0.48,0.574,0.303,0.251,0.475,0.265,0.286,0.336,0.314,0.28,0.45,0.475,0.317,0.38,0.268,0.529,0.309,0.523,0.431,0.527,0.306,0.524,0.305,0.344,0.621,0.317,0.531,0.337,0.525,1,0.342,0.306,0.306,0.526,0.339,0.499,0.485,0.341,0.508,0.488,0.17,0.331,0.372,0.841,0.646,0.587,0.542,0.502,0.338,0.304,0.392,0.308,0.546,0.506,0.491,0.605,0.283,0.357,0.74,0.286,0.312
"PRDM2",0.704,0.665,0.663,0.559,0.447,0.514,0.468,0.855,0.44,0.447,0.198,0.484,0.454,0.536,0.232,0.17,0.27,0.27,0.27,0.261,0.653,0.492,0.262,0.591,0.465,0.264,0.414,0.477,0.586,0.646,0.328,0.291,0.563,0.439,0.808,0.245,0.561,0.75,0.283,0.333,0.861,0.596,0.27,0.704,0.237,0.318,0.649,0.601,0.835,0.174,0.78,0.432,0.229,0.384,0.182,0.829,0.378,0.374,0.765,0.261,0.482,0.795,0.756,0.75,0.695,0.423,0.214,0.585,0.728,0.535,0.671,0.843,0.455,0.584,0.746,0.342,1,0.345,0.214,0.593,0.352,0.761,0.628,0.249,0.725,0.782,0.132,0.25,0.78,0.569,0.428,0.425,0.575,0.497,0.368,0.812,0.66,0.572,0.868,0.599,0.698,0.665,0.243,0.725,0.476,0.815,0.847
"PRG2",0.348,0.436,0.384,0.426,0.583,0.809,0.328,0.389,0.609,0.583,0.308,0.452,0.376,0.345,0.314,0.841,0.658,0.658,0.658,0.803,0.497,0.496,0.625,0.356,0.381,0.412,0.361,0.507,0.274,0.394,0.397,0.77,0.352,0.348,0.325,0.467,0.387,0.526,0.543,0.243,0.325,0.372,0.658,0.348,0.367,0.337,0.355,0.38,0.346,0.273,0.406,0.187,0.354,0.831,0.286,0.303,0.546,0.365,0.294,0.803,0.571,0.368,0.303,0.388,0.341,0.396,0.387,0.362,0.346,0.633,0.367,0.298,0.344,0.413,0.39,0.306,0.345,1,0.387,0.322,0.492,0.366,0.333,0.528,0.372,0.39,0.194,0.429,0.337,0.469,0.381,0.611,0.54,0.435,0.723,0.336,0.453,0.705,0.398,0.401,0.503,0.342,0.327,0.402,0.387,0.374,0.342
"PROKR2",0.201,0.33,0.33,1,0.33,0.387,0.42,0.33,0.33,0.33,1,1,0.33,0.659,1,0.34,0.373,0.373,0.373,0.33,1,1,1,1,1,1,0.659,1,0.257,1,1,0.373,0.602,0.257,0.257,0.317,1,0.306,0.373,0.223,0.218,0.306,0.373,0.201,1,1,0.306,0.306,0.257,1,0.687,0.224,1,0.373,1,0.214,1,0.373,0.214,0.33,1,0.306,0.257,0.201,0.306,1,1,1,0.257,0.373,0.33,0.214,0.33,1,0.687,0.306,0.214,0.387,1,0.306,1,0.33,0.306,0.33,0.33,1,0.507,1,0.241,0.33,0.846,0.846,0.846,1,0.373,0.257,0.687,1,0.33,0.33,0.33,0.33,1,1,0.33,1,0.257
"PSMD8",0.454,0.643,0.67,0.636,0.52,0.446,0.51,0.705,0.45,0.52,0.219,0.523,0.569,0.621,0.241,0.244,0.303,0.303,0.303,0.38,0.462,0.479,0.318,0.42,0.425,0.308,0.572,0.507,0.411,0.557,0.437,0.298,0.569,0.439,0.611,0.34,0.639,0.669,0.427,0.277,0.59,0.64,0.303,0.454,0.331,0.306,0.613,0.617,0.597,0.232,0.709,0.303,0.284,0.318,0.289,0.606,0.422,0.461,0.614,0.38,0.344,0.69,0.5,0.694,0.646,0.45,0.306,0.6,0.5,0.401,0.672,0.63,0.46,0.435,0.694,0.526,0.593,0.322,0.306,1,0.332,0.683,0.66,0.291,0.612,0.698,0.208,0.306,0.416,0.841,0.517,0.505,0.518,0.461,0.332,0.586,0.408,0.464,0.734,0.562,0.669,0.662,0.262,0.523,0.545,0.574,0.58
"RAB17",0.322,0.523,0.408,0.538,0.506,0.449,0.412,0.399,0.507,0.506,0.403,0.609,0.41,0.452,0.438,0.34,0.362,0.362,0.362,0.593,0.562,0.584,0.504,0.504,0.518,0.493,0.468,0.662,0.326,0.55,0.529,0.442,0.465,0.348,0.284,0.467,0.504,0.434,0.543,0.223,0.279,0.373,0.362,0.322,0.472,0.689,0.342,0.369,0.289,0.489,0.429,0.22,0.459,0.555,0.394,0.263,0.572,0.481,0.265,0.593,0.612,0.357,0.289,0.498,0.351,0.56,1,0.511,0.275,0.413,0.41,0.265,0.399,0.635,0.434,0.339,0.352,0.492,1,0.332,1,0.394,0.339,0.332,0.407,0.484,0.507,0.604,0.375,0.594,0.518,0.572,0.571,0.67,0.446,0.286,0.598,0.557,0.409,0.531,0.465,0.393,0.468,0.489,0.416,0.436,0.291
"RBM45",0.575,0.745,0.758,0.735,0.585,0.525,0.527,0.871,0.542,0.585,0.253,0.526,0.649,0.693,0.276,0.263,0.354,0.354,0.354,0.412,0.545,0.549,0.367,0.51,0.493,0.359,0.599,0.538,0.486,0.67,0.453,0.341,0.622,0.454,0.73,0.467,0.753,0.748,0.469,0.319,0.731,0.663,0.354,0.575,0.415,0.342,0.677,0.707,0.727,0.287,0.798,0.357,0.315,0.384,0.356,0.758,0.496,0.494,0.761,0.412,0.411,0.789,0.625,0.694,0.705,0.547,0.33,0.674,0.625,0.475,0.813,0.746,0.569,0.517,0.771,0.499,0.761,0.366,0.33,0.683,0.394,1,0.765,0.377,0.763,0.789,0.206,0.351,0.509,1,0.583,0.569,0.564,0.497,0.389,0.714,0.512,0.561,0.844,0.68,0.768,0.769,0.306,0.645,0.632,0.716,0.722
"RELB",0.483,0.654,0.715,0.76,0.502,0.49,0.514,0.705,0.437,0.502,0.227,0.493,0.565,0.745,0.272,0.244,0.318,0.318,0.318,0.38,0.509,0.481,0.328,0.479,0.454,0.322,0.547,0.534,0.441,0.572,0.431,0.314,0.585,1,0.758,0.63,0.849,0.675,0.427,0.465,0.704,0.638,0.318,0.483,0.418,0.319,0.681,0.703,0.726,0.291,0.727,0.312,0.303,0.331,0.371,0.644,0.414,0.627,0.741,0.38,0.367,0.802,0.665,0.694,0.697,0.437,0.306,0.66,0.643,0.415,0.749,0.656,0.462,0.485,0.693,0.485,0.628,0.333,0.306,0.66,0.339,0.765,1,0.376,0.731,0.702,0.281,0.318,0.44,0.841,0.499,0.495,0.515,0.449,0.343,0.723,0.443,0.488,0.737,0.573,0.666,0.652,0.266,0.546,0.522,0.613,0.723
"RETNLB",0.229,0.329,0.332,0.385,0.472,0.656,0.283,0.332,0.495,0.472,0.33,0.337,0.372,0.344,0.297,0.279,0.818,0.818,0.818,1,0.462,0.489,0.701,0.299,0.342,0.441,0.35,0.404,0.202,0.327,0.395,0.666,0.297,0.316,0.258,1,0.408,0.369,0.469,0.25,0.262,0.298,0.818,0.229,0.44,0.254,0.291,0.359,0.263,0.313,0.34,0.159,0.366,0.583,0.398,0.24,0.333,0.342,0.311,1,0.372,0.32,0.285,0.255,0.27,0.384,0.33,0.322,0.289,0.604,0.377,0.241,0.326,0.317,0.354,0.341,0.249,0.528,0.33,0.291,0.332,0.377,0.376,1,0.354,0.316,0.179,0.409,0.216,0.412,0.376,0.487,0.402,0.284,0.606,0.262,0.374,0.543,0.313,0.299,0.394,0.347,0.284,0.279,0.397,0.29,0.28
"RFX2",0.594,0.792,0.77,0.665,0.665,0.529,0.555,0.832,0.63,0.665,0.281,0.54,0.716,0.618,0.289,0.263,0.393,0.393,0.393,0.412,0.567,0.577,0.393,0.545,0.419,0.392,0.648,0.555,0.522,0.718,0.496,0.378,0.641,1,0.794,0.383,0.744,0.697,0.469,0.45,0.799,0.654,0.393,0.594,0.346,0.346,0.718,0.596,0.824,0.245,0.735,0.38,0.332,0.419,0.257,0.664,0.552,0.58,0.636,0.412,0.388,0.911,0.891,0.694,0.695,0.636,0.33,0.757,0.77,0.449,0.773,0.684,0.655,0.534,0.731,0.508,0.725,0.372,0.33,0.612,0.407,0.763,0.731,0.354,1,0.727,0.179,0.374,0.56,1,0.663,0.623,0.601,0.537,0.399,0.81,0.545,0.479,0.812,0.714,0.696,0.763,0.324,0.571,0.738,0.643,0.858
"RGS10",0.58,0.735,0.778,0.777,0.576,0.548,0.531,0.856,0.493,0.576,0.459,0.596,0.626,0.725,0.49,0.34,0.351,0.351,0.351,0.38,0.717,0.669,0.487,0.765,0.721,0.549,0.669,0.709,0.492,0.796,0.629,0.345,0.7,0.439,0.739,0.34,0.778,0.81,0.427,0.315,0.759,0.703,0.351,0.58,0.518,0.424,0.742,0.643,0.753,0.409,0.905,0.347,0.487,0.364,0.443,0.752,0.614,0.475,0.701,0.38,0.62,0.851,0.638,0.694,0.76,0.689,1,0.806,0.673,0.493,0.741,0.748,0.501,0.663,0.885,0.488,0.782,0.39,1,0.698,0.484,0.789,0.702,0.316,0.727,1,0.507,0.525,0.512,0.841,0.709,0.654,0.698,0.624,0.388,0.735,0.572,0.752,0.863,0.628,0.733,0.687,0.432,0.833,0.616,0.907,0.752
"SCN7A",0.115,0.179,0.193,0.507,0.179,0.194,0.225,0.179,0.179,0.179,0.507,0.507,0.193,0.601,0.916,0.153,0.194,0.194,0.194,0.179,0.507,0.507,0.507,0.507,0.545,0.507,0.601,0.507,0.204,0.507,0.507,0.194,0.278,0.151,0.155,0.167,0.507,0.17,0.194,0.123,0.132,0.236,0.194,0.115,0.507,0.618,0.17,0.281,0.151,0.507,0.35,0.241,0.507,0.194,0.507,0.132,0.507,0.218,0.206,0.179,0.507,0.17,0.151,0.115,0.17,0.507,0.507,0.507,0.151,0.194,0.206,0.166,0.179,0.507,0.35,0.17,0.132,0.194,0.507,0.208,0.507,0.206,0.281,0.179,0.179,0.507,1,0.507,0.13,0.179,0.405,0.405,0.405,0.507,0.194,0.151,0.35,0.507,0.179,0.179,0.179,0.179,0.507,0.507,0.179,0.507,0.151
"SLC12A5",0.231,0.359,0.363,0.577,0.384,0.437,0.398,0.359,0.378,0.384,0.604,0.518,0.389,0.41,0.631,0.528,0.457,0.457,0.457,0.469,0.544,0.566,0.609,0.608,0.587,0.745,0.456,0.699,0.276,0.567,0.649,0.428,0.439,0.348,0.277,0.467,0.537,0.318,0.543,0.255,0.263,0.326,0.457,0.231,0.705,0.558,0.32,0.31,0.282,0.656,0.492,0.227,0.598,0.409,0.585,0.244,0.599,0.505,0.245,0.469,0.538,0.342,0.295,0.28,0.301,0.641,1,0.512,0.297,0.414,0.358,0.242,0.355,0.612,0.513,0.331,0.25,0.429,1,0.306,0.604,0.351,0.318,0.409,0.374,0.525,0.507,1,0.254,0.469,0.553,0.533,0.486,0.497,0.399,0.281,0.559,0.577,0.346,0.345,0.332,0.349,0.554,0.514,0.401,0.522,0.294
"SLC35B4",0.673,0.614,0.561,0.431,0.481,0.393,0.477,0.563,0.481,0.481,0.204,0.534,0.49,0.465,0.225,0.139,0.238,0.238,0.238,0.234,0.681,0.551,0.245,0.54,0.315,0.281,0.445,0.444,0.594,0.625,0.347,0.266,0.529,0.411,0.518,0.199,0.426,0.521,0.255,0.31,0.561,0.578,0.238,0.673,0.256,0.347,0.441,0.575,0.536,0.177,0.513,0.462,0.216,0.425,0.192,0.518,0.43,0.378,0.49,0.234,0.483,0.54,0.558,0.75,0.516,0.472,0.241,0.479,0.458,0.679,0.573,0.537,0.492,0.651,0.513,0.372,0.78,0.337,0.241,0.416,0.375,0.509,0.44,0.216,0.56,0.512,0.13,0.254,1,0.569,0.466,0.449,0.622,0.618,0.364,0.525,0.733,0.38,0.687,0.573,0.476,0.504,0.266,0.588,0.52,0.512,0.55
"SMAP1",0.619,1,1,1,1,0.469,0.841,1,1,1,0.33,1,1,1,0.33,0.263,0.469,0.469,0.469,0.412,0.569,1,0.469,0.432,0.469,0.469,1,0.841,0.619,1,0.841,0.469,1,0.454,0.454,0.383,1,0.841,0.469,0.406,0.468,0.841,0.469,0.619,0.469,0.533,0.841,0.841,0.454,0.33,0.841,0.384,0.469,0.534,0.33,0.396,1,1,0.396,0.412,0.422,0.841,0.454,0.619,0.841,1,0.33,1,0.454,0.469,1,0.396,1,0.469,0.841,0.841,0.569,0.469,0.33,0.841,0.594,1,0.841,0.412,1,0.841,0.179,0.469,0.569,1,1,1,0.841,0.841,0.469,0.454,0.569,0.469,1,1,1,1,0.473,0.619,1,0.396,0.454
"SPRR1B",0.475,0.706,0.71,0.647,0.755,0.382,0.579,0.61,0.675,0.755,0.528,0.617,0.832,0.636,0.507,0.267,0.42,0.42,0.42,0.412,0.59,0.712,0.54,0.586,0.519,0.609,0.825,0.633,0.438,0.764,0.751,0.387,0.603,0.454,0.362,0.383,0.644,0.566,0.469,0.328,0.383,0.694,0.42,0.475,0.563,0.414,0.565,0.603,0.37,0.451,0.606,0.326,0.524,0.425,0.504,0.328,0.747,0.561,0.318,0.412,0.504,0.618,0.386,0.619,0.506,0.907,0.846,0.752,0.379,0.419,0.687,0.327,0.693,0.54,0.634,0.646,0.428,0.381,0.846,0.517,0.518,0.583,0.499,0.376,0.663,0.709,0.405,0.553,0.466,1,1,0.875,0.812,0.718,0.415,0.364,0.558,0.524,0.657,0.645,0.531,0.608,0.472,0.609,0.858,0.507,0.382
"SPRR2A",0.443,0.704,0.672,0.652,0.719,0.567,0.571,0.586,0.657,0.719,0.465,0.623,0.749,0.621,0.462,0.298,0.614,0.614,0.614,0.803,0.641,0.744,0.69,0.535,0.511,0.568,0.753,0.633,0.421,0.705,0.705,0.572,0.593,0.454,0.358,0.467,0.635,0.566,0.543,0.315,0.367,0.647,0.614,0.443,0.528,0.461,0.539,0.577,0.363,0.415,0.585,0.296,0.511,0.721,0.446,0.324,0.702,0.568,0.318,0.803,0.544,0.577,0.372,0.619,0.507,0.791,0.846,0.706,0.364,0.585,0.653,0.323,0.645,0.567,0.606,0.587,0.425,0.611,0.846,0.505,0.572,0.569,0.495,0.487,0.623,0.654,0.405,0.533,0.449,1,0.875,1,0.772,0.733,0.689,0.358,0.584,0.637,0.63,0.638,0.548,0.584,0.488,0.565,0.756,0.472,0.371
"SPRR3",0.514,0.693,0.668,0.652,0.817,0.576,0.555,0.599,0.769,0.817,0.424,0.719,0.685,0.623,0.438,0.267,0.441,0.441,0.441,0.593,0.728,0.723,0.538,0.611,0.5,0.512,0.697,0.749,0.492,0.74,0.645,0.561,0.628,0.411,0.438,0.34,0.617,0.728,0.427,0.298,0.448,0.681,0.441,0.514,0.48,0.42,0.543,0.616,0.442,0.379,0.627,0.343,0.454,0.596,0.408,0.421,0.634,0.503,0.407,0.593,0.713,0.608,0.432,0.75,0.571,0.718,0.846,0.691,0.39,0.544,0.659,0.426,0.56,0.601,0.639,0.542,0.575,0.54,0.846,0.518,0.571,0.564,0.515,0.402,0.601,0.698,0.405,0.486,0.622,0.841,0.812,0.772,1,0.699,0.46,0.434,0.624,0.669,0.716,0.64,0.671,0.564,0.425,0.625,0.683,0.547,0.441
"STEAP2",0.437,0.702,0.599,0.607,0.604,0.377,0.535,0.514,0.534,0.604,0.419,0.597,0.644,0.597,0.446,0.34,0.316,0.316,0.316,0.38,0.639,0.644,0.453,0.59,0.491,0.512,0.681,0.606,0.442,0.697,0.626,0.336,0.585,0.4,0.346,0.34,0.593,0.502,0.427,0.262,0.361,0.589,0.316,0.437,0.484,0.546,0.48,0.512,0.357,0.379,0.545,0.32,0.45,0.516,0.405,0.323,0.654,0.486,0.321,0.38,0.589,0.523,0.361,0.538,0.473,0.701,1,0.654,0.329,0.522,0.581,0.332,0.533,0.768,0.56,0.502,0.497,0.435,1,0.461,0.67,0.497,0.449,0.284,0.537,0.624,0.507,0.497,0.618,0.841,0.718,0.733,0.699,1,0.454,0.351,0.745,0.482,0.606,0.626,0.476,0.505,0.482,0.566,0.637,0.485,0.361
"TCN1",0.372,0.472,0.404,0.408,0.479,0.66,0.337,0.413,0.488,0.479,0.285,0.405,0.412,0.359,0.292,0.298,0.732,0.732,0.732,1,0.558,0.551,0.683,0.338,0.391,0.409,0.393,0.425,0.288,0.399,0.412,0.655,0.363,0.348,0.336,0.467,0.397,0.44,0.543,0.25,0.338,0.389,0.732,0.372,0.364,0.347,0.371,0.397,0.358,0.253,0.421,0.195,0.352,0.797,0.263,0.312,0.402,0.383,0.303,1,0.468,0.383,0.305,0.388,0.354,0.421,0.373,0.37,0.367,0.718,0.387,0.307,0.381,0.427,0.406,0.338,0.368,0.723,0.373,0.332,0.446,0.389,0.343,0.606,0.399,0.388,0.194,0.399,0.364,0.469,0.415,0.689,0.46,0.454,1,0.348,0.494,0.62,0.419,0.423,0.421,0.369,0.332,0.401,0.43,0.366,0.356
"TIPIN",0.607,0.585,0.653,0.571,0.375,0.515,0.421,0.785,0.37,0.375,0.213,0.404,0.373,0.539,0.248,0.204,0.291,0.291,0.291,0.316,0.546,0.433,0.294,0.552,0.487,0.291,0.351,0.464,0.496,0.569,0.312,0.296,0.524,1,0.887,0.264,0.672,0.702,0.348,0.408,0.89,0.522,0.291,0.607,0.272,0.28,0.729,0.549,0.927,0.196,0.752,0.354,0.256,0.307,0.218,0.781,0.333,0.431,0.734,0.316,0.423,0.875,0.87,0.694,0.708,0.363,0.257,0.597,0.883,0.464,0.602,0.788,0.423,0.5,0.706,0.304,0.812,0.336,0.257,0.586,0.286,0.714,0.723,0.262,0.81,0.735,0.151,0.281,0.525,0.454,0.364,0.358,0.434,0.351,0.348,1,0.464,0.575,0.743,0.518,0.659,0.61,0.229,0.669,0.387,0.768,0.943
"TM9SF4",0.56,0.637,0.529,0.573,0.488,0.47,0.5,0.55,0.49,0.488,0.419,0.572,0.494,0.501,0.428,0.298,0.413,0.413,0.413,0.469,0.716,0.624,0.484,0.627,0.489,0.624,0.494,0.601,0.524,0.653,0.514,0.398,0.573,0.411,0.464,0.467,0.567,0.496,0.543,0.302,0.484,0.532,0.413,0.56,0.571,0.481,0.44,0.547,0.474,0.36,0.625,0.393,0.435,0.542,0.392,0.456,0.546,0.432,0.443,0.469,0.597,0.507,0.472,0.75,0.495,0.609,0.687,0.542,0.412,0.573,0.552,0.466,0.495,0.787,0.638,0.392,0.66,0.453,0.687,0.408,0.598,0.512,0.443,0.374,0.545,0.572,0.35,0.559,0.733,0.569,0.558,0.584,0.624,0.745,0.494,0.464,1,0.507,0.628,0.587,0.475,0.5,0.421,0.629,0.524,0.563,0.478
"TMPRSS2",0.442,0.469,0.519,0.628,0.58,0.767,0.377,0.63,0.606,0.58,0.523,0.545,0.373,0.532,0.538,0.34,0.675,0.675,0.675,0.803,0.723,0.668,0.769,0.677,0.689,0.618,0.449,0.686,0.362,0.62,0.548,0.776,0.5,0.39,0.575,0.467,0.599,0.719,0.543,0.279,0.568,0.442,0.675,0.442,0.572,0.413,0.543,0.468,0.594,0.457,0.695,0.264,0.547,0.713,0.501,0.569,0.528,0.376,0.518,0.803,0.782,0.569,0.448,0.537,0.549,0.591,1,0.566,0.546,0.676,0.462,0.547,0.352,0.58,0.637,0.308,0.572,0.705,1,0.464,0.557,0.561,0.488,0.543,0.479,0.752,0.507,0.577,0.38,0.469,0.524,0.637,0.669,0.482,0.62,0.575,0.507,1,0.596,0.424,0.677,0.443,0.45,0.735,0.384,0.777,0.57
"TRIM68",0.658,0.816,0.843,0.732,0.658,0.559,0.604,0.902,0.596,0.658,0.249,0.632,0.703,0.712,0.272,0.263,0.347,0.347,0.347,0.412,0.654,0.629,0.359,0.569,0.531,0.351,0.658,0.63,0.572,0.749,0.53,0.344,0.706,0.511,0.741,0.383,0.726,0.829,0.469,0.374,0.77,0.759,0.347,0.658,0.32,0.372,0.815,0.706,0.801,0.228,0.9,0.396,0.313,0.412,0.234,0.739,0.548,0.562,0.7,0.412,0.491,0.876,0.665,0.75,0.783,0.599,0.33,0.76,0.666,0.556,0.819,0.74,0.623,0.586,0.843,0.546,0.868,0.398,0.33,0.734,0.409,0.844,0.737,0.313,0.812,0.863,0.179,0.346,0.687,1,0.657,0.63,0.716,0.606,0.419,0.743,0.628,0.596,1,0.732,0.787,0.769,0.318,0.71,0.703,0.732,0.752
"TYR",0.59,0.84,0.706,0.627,0.651,0.462,0.587,0.721,0.63,0.651,0.243,0.581,0.677,0.614,0.264,0.263,0.333,0.333,0.333,0.412,0.572,0.665,0.351,0.518,0.381,0.35,0.637,0.57,0.563,0.718,0.499,0.356,0.645,0.508,0.529,0.383,0.609,0.624,0.469,0.32,0.534,0.656,0.333,0.59,0.322,0.426,0.569,0.624,0.526,0.225,0.633,0.379,0.308,0.476,0.23,0.525,0.629,0.553,0.505,0.412,0.451,0.643,0.506,0.811,0.584,0.628,0.33,0.662,0.434,0.455,0.715,0.524,0.635,0.584,0.631,0.506,0.599,0.401,0.33,0.562,0.531,0.68,0.573,0.299,0.714,0.628,0.179,0.345,0.573,1,0.645,0.638,0.64,0.626,0.423,0.518,0.587,0.424,0.732,1,0.646,0.676,0.355,0.572,0.684,0.503,0.521
"UBE2V2",0.53,0.7,0.704,0.695,0.714,0.65,0.52,0.798,0.696,0.714,0.235,0.588,0.58,0.62,0.258,0.263,0.4,0.4,0.4,0.593,0.558,0.56,0.41,0.482,0.463,0.335,0.555,0.627,0.46,0.626,0.421,0.521,0.599,0.454,0.682,0.383,0.665,0.836,0.469,0.297,0.671,0.617,0.4,0.53,0.337,0.336,0.631,0.614,0.673,0.232,0.744,0.323,0.295,0.536,0.265,0.681,0.461,0.471,0.667,0.593,0.546,0.727,0.571,0.694,0.662,0.492,0.33,0.633,0.568,0.498,0.715,0.701,0.518,0.494,0.734,0.491,0.698,0.503,0.33,0.669,0.465,0.768,0.666,0.394,0.696,0.733,0.179,0.332,0.476,1,0.531,0.548,0.671,0.476,0.421,0.659,0.475,0.677,0.787,0.646,1,0.783,0.294,0.599,0.565,0.662,0.662
"UBE4B",0.521,0.748,0.685,0.655,0.611,0.496,0.548,0.785,0.565,0.611,0.25,0.527,0.677,0.598,0.26,0.263,0.352,0.352,0.352,0.412,0.525,0.545,0.367,0.477,0.393,0.358,0.633,0.518,0.473,0.663,0.459,0.336,0.611,0.454,0.638,0.383,0.652,0.657,0.469,0.309,0.629,0.634,0.352,0.521,0.37,0.333,0.573,0.622,0.617,0.253,0.694,0.348,0.304,0.385,0.304,0.628,0.505,0.497,0.643,0.412,0.358,0.707,0.601,0.694,0.617,0.57,0.33,0.664,0.48,0.42,0.777,0.712,0.592,0.493,0.727,0.605,0.665,0.342,0.33,0.662,0.393,0.769,0.652,0.347,0.763,0.687,0.179,0.349,0.504,1,0.608,0.584,0.564,0.505,0.369,0.61,0.5,0.443,0.769,0.676,0.783,1,0.307,0.522,0.673,0.594,0.617
"UNC13C",0.228,0.356,0.324,0.462,0.336,0.31,0.329,0.314,0.33,0.336,0.5,0.432,0.341,0.378,0.465,0.34,0.312,0.312,0.312,0.36,0.472,0.494,0.463,0.479,0.568,0.523,0.412,0.5,0.242,0.487,0.514,0.303,0.392,0.284,0.226,0.329,0.43,0.275,0.403,0.198,0.217,0.295,0.312,0.228,0.499,0.552,0.275,0.281,0.229,0.44,0.365,0.181,0.476,0.347,0.436,0.202,0.536,0.355,0.201,0.36,0.453,0.288,0.235,0.305,0.268,0.528,1,0.441,0.237,0.332,0.319,0.201,0.323,0.509,0.375,0.283,0.243,0.327,1,0.262,0.468,0.306,0.266,0.284,0.324,0.432,0.507,0.554,0.266,0.473,0.472,0.488,0.425,0.482,0.332,0.229,0.421,0.45,0.318,0.355,0.294,0.307,1,0.423,0.349,0.405,0.236
"WARS2",0.811,0.599,0.698,0.642,0.458,0.47,0.474,0.722,0.447,0.458,0.465,0.547,0.467,0.674,0.504,0.34,0.306,0.306,0.306,0.33,0.743,0.661,0.46,0.801,0.699,0.546,0.534,0.618,0.665,0.756,0.538,0.313,0.592,0.441,0.662,0.317,0.649,0.649,0.373,0.312,0.684,0.71,0.306,0.811,0.514,0.433,0.617,0.708,0.689,0.406,0.756,0.471,0.47,0.367,0.452,0.663,0.6,0.401,0.603,0.33,0.681,0.666,0.551,1,0.61,0.674,1,0.644,0.65,0.537,0.642,0.65,0.466,0.688,0.708,0.357,0.725,0.402,1,0.523,0.489,0.645,0.546,0.279,0.571,0.833,0.507,0.514,0.588,0.619,0.609,0.565,0.625,0.566,0.401,0.669,0.629,0.735,0.71,0.572,0.599,0.522,0.423,1,0.483,0.863,0.679
"YOD1",0.551,0.766,0.762,0.582,0.849,0.386,0.6,0.663,0.771,0.849,0.32,0.565,0.94,0.6,0.295,0.263,0.444,0.444,0.444,0.412,0.453,0.603,0.422,0.366,0.347,0.433,0.827,0.537,0.476,0.664,0.649,0.402,0.572,0.454,0.382,0.383,0.573,0.609,0.469,0.363,0.422,0.748,0.444,0.551,0.378,0.334,0.608,0.645,0.394,0.268,0.591,0.363,0.356,0.445,0.29,0.348,0.642,0.581,0.336,0.412,0.335,0.676,0.426,0.619,0.533,0.793,0.33,0.676,0.418,0.435,0.744,0.351,0.774,0.421,0.621,0.74,0.476,0.387,0.33,0.545,0.416,0.632,0.522,0.397,0.738,0.616,0.179,0.401,0.52,1,0.858,0.756,0.683,0.637,0.43,0.387,0.524,0.384,0.703,0.684,0.565,0.673,0.349,0.483,1,0.365,0.414
"YTHDC1",0.583,0.566,0.592,0.667,0.355,0.542,0.402,0.793,0.358,0.355,0.472,0.475,0.346,0.585,0.508,0.34,0.318,0.318,0.318,0.33,0.734,0.601,0.468,0.817,0.733,0.556,0.427,0.612,0.485,0.732,0.485,0.319,0.587,0.439,0.77,0.317,0.676,0.708,0.373,0.303,0.799,0.5,0.318,0.583,0.525,0.393,0.633,0.534,0.788,0.411,0.848,0.346,0.479,0.326,0.458,0.817,0.52,0.347,0.731,0.33,0.644,0.742,0.672,0.694,0.694,0.586,1,0.672,0.707,0.483,0.583,0.79,0.354,0.67,0.791,0.286,0.815,0.374,1,0.574,0.436,0.716,0.613,0.29,0.643,0.907,0.507,0.522,0.512,0.396,0.507,0.472,0.547,0.485,0.366,0.768,0.563,0.777,0.732,0.503,0.662,0.594,0.405,0.863,0.365,1,0.792
"ZBTB32",0.631,0.596,0.658,0.564,0.395,0.514,0.428,0.812,0.394,0.395,0.229,0.406,0.393,0.528,0.259,0.204,0.313,0.313,0.313,0.316,0.553,0.439,0.308,0.562,0.474,0.309,0.365,0.462,0.51,0.58,0.324,0.316,0.524,1,0.923,0.264,0.667,0.714,0.348,0.434,0.938,0.526,0.313,0.631,0.274,0.279,0.738,0.548,0.966,0.2,0.763,0.372,0.266,0.325,0.21,0.803,0.344,0.437,0.743,0.316,0.418,0.914,0.939,0.694,0.718,0.385,0.257,0.606,0.939,0.463,0.605,0.814,0.447,0.501,0.718,0.312,0.847,0.342,0.257,0.58,0.291,0.722,0.723,0.28,0.858,0.752,0.151,0.294,0.55,0.454,0.382,0.371,0.441,0.361,0.356,0.943,0.478,0.57,0.752,0.521,0.662,0.617,0.236,0.679,0.414,0.792,1
