Unnamed: 0,logFC,AveExpr,t,P.Value,adj.P.Val,B,Normal_AVG,Tumor_AVG,deltaBeta,CHR,MAPINFO,Strand,Type,gene,feature,cgi,feat.cgi,UCSC_CpG_Islands_Name,DHS,Enhancer,Phantom,Probe_SNPs,Probe_SNPs_10,dbeta
cg14179575,-0.396391931,0.486960725,-15.33255248,1.68e-44,1.42e-41,90.12316106,0.8477059,0.451313969,-0.396391931,18,13826399,R,II,MC5R,1stExon,island,1stExon-island,chr18:13826186-13826523,,,,,rs2236700,-0.466129569
cg16709294,-0.395228707,0.474174291,-13.33397648,2.2000000000000002e-35,3.35e-33,69.2333293,0.833860848,0.438632141,-0.395228707,14,70235567,F,I,SFRS5,Body,shore,Body-shore,chr14:70233570-70234668,,,low-CpG:69305287-69305345,rs71665231,,-0.455203238
cg00902147,-0.370513689,0.488219332,-12.75534439,7.34e-33,7.160000000000001e-31,63.45635709,0.825413445,0.454899756,-0.370513689,17,76993394,R,I,CANT1,Body,island,Body-island,chr17:76993373-76993619,,,,,,-0.440309979
cg14646111,-0.365136561,0.517828014,-12.63978625,2.3100000000000002e-32,2.07e-30,62.31922214,0.850128553,0.484991992,-0.365136561,20,18489660,F,I,SEC23B,5'UTR,shore,5'UTR-shore,chr20:18488084-18488804,,,,,,-0.406460598
cg26876834,-0.342818981,0.39282538,-12.84580043,2.9900000000000002e-33,3.13e-31,64.35041632,0.704815317,0.361996335,-0.342818981,16,2013573,F,I,SNHG9,TSS1500,shore,TSS1500-shore,chr16:2014164-2015451,,,,rs72764891,,-0.403467055
cg15721142,-0.332115134,0.537522974,-13.09782814,2.4e-34,3.0500000000000003e-32,66.85929841,0.83977164,0.507656505,-0.332115134,12,133354410,F,I,GOLGA3,Body,opensea,Body-opensea,,,,,rs900443,,-0.397077454
cg27237541,-0.349888832,0.520482914,-12.39832427,2.4700000000000002e-31,1.8700000000000002e-29,59.96173735,0.838906923,0.489018091,-0.349888832,10,26497739,R,II,MYO3A,Body,shelf,Body-shelf,chr10:26500607-26501126,,,,,,-0.386236132
cg00079302,-0.322309958,0.556686366,-14.60841177,3.93e-41,1.77e-38,82.40178378,0.850011615,0.527701657,-0.322309958,19,1439985,F,II,RPS15,Body,island,Body-island,chr19:1439951-1440423,,,,,,-0.385636417
cg22340475,-0.346376085,0.545512368,-11.41437519,2.9700000000000004e-27,1.21e-25,50.63091902,0.860739525,0.514363439,-0.346376085,8,55529845,R,II,RP1,5'UTR,shelf,5'UTR-shelf,chr8:55533803-55534033,,,,,,-0.384167232
cg08846245,-0.342910149,0.579313783,-12.24846653,1.06e-30,7.3e-29,58.51155448,0.891386688,0.548476539,-0.342910149,6,33169606,F,II,SLC39A7,Body,shore,Body-shore,chr6:33167885-33168715,,,,,,-0.383021307
cg10216717,-0.334686401,0.516445877,-11.57026412,6.91e-28,3.09e-26,52.07831972,0.82103458,0.486348179,-0.334686401,12,128899290,R,II,TMEM132C,Body,shore,Body-shore,chr12:128899813-128900065,,,,,,-0.382975765
cg26522368,-0.340070531,0.476237724,-14.6208142,3.45e-41,1.58e-38,82.53267005,0.785726373,0.445655842,-0.340070531,19,49703932,F,I,TRPM4,Body,shelf,Body-shelf,chr19:49699698-49700070,,,,,,-0.380467255
cg06353069,-0.339014567,0.511072976,-12.58305129,4.0300000000000003e-32,3.47e-30,61.76301956,0.819600622,0.480586055,-0.339014567,2,238500081,F,II,RAB17,TSS1500,opensea,TSS1500-opensea,,True,,,,rs35869136,-0.376322811
cg14705695,-0.35795043,0.522567048,-11.56704808,7.13e-28,3.17e-26,52.04833768,0.848327691,0.490377261,-0.35795043,11,88911467,F,II,TYR,1stExon,opensea,1stExon-opensea,,,,,rs13312741,rs61753256,-0.375944957
cg07222900,-0.338032202,0.529350458,-11.56069411,7.5599999999999995e-28,3.36e-26,51.98911692,0.836984081,0.498951879,-0.338032202,2,240279976,F,II,HDAC4,5'UTR,opensea,5'UTR-opensea,,,,,rs76433937,,-0.375548822
cg17551002,-0.321435481,0.557471358,-11.76887551,1.06e-28,5.3400000000000004e-27,53.93968598,0.850000771,0.528565289,-0.321435481,1,158517849,F,II,OR6Y1,1stExon,opensea,1stExon-opensea,,,,,rs35572510,,-0.375025072
cg18699226,-0.334227151,0.580043886,-10.45800221,1.74e-23,4.29e-22,42.02657196,0.884214639,0.549987488,-0.334227151,7,31980400,F,II,PDE1C,Body,opensea,Body-opensea,,,True,,rs77555134,,-0.374428439
cg27545630,-0.334069,0.506131353,-13.1502457,1.41e-34,1.8700000000000002e-32,67.38434667,0.810158177,0.476089176,-0.334069,16,2013058,F,II,SNORA64,Body,shore,Body-shore,chr16:2014164-2015451,,,,,,-0.372598405
cg01692482,-0.326050443,0.417256059,-12.40080034,2.4100000000000003e-31,1.8300000000000002e-29,59.9857825,0.713985419,0.387934976,-0.326050443,20,52198378,R,II,ZNF217,1stExon,island,1stExon-island,chr20:52198058-52198400,,,,,,-0.371624165
cg21340845,-0.339600167,0.431658762,-13.54070319,2.68e-36,4.72e-34,71.32942678,0.740719346,0.401119179,-0.339600167,2,142890700,R,II,LRP1B,TSS1500,shelf,TSS1500-shelf,chr2:142887724-142888553,,,,,,-0.370931509
cg18478850,-0.33164034,0.469149387,-13.20039339,8.520000000000001e-35,1.16e-32,67.88768631,0.770965955,0.439325616,-0.33164034,5,176982070,F,II,FAM193B,TSS1500,shore,TSS1500-shore,chr5:176980789-176981789,,,,,,-0.370532651
cg08786003,-0.317360997,0.582503077,-10.27535664,8.61e-23,1.9600000000000003e-21,40.43994507,0.871324416,0.553963419,-0.317360997,1,157670710,R,II,FCRL3,TSS200,opensea,TSS200-opensea,,,,,,,-0.369029471
cg05492975,-0.334671334,0.598686075,-12.28416287,7.52e-31,5.29e-29,58.85607714,0.903261066,0.568589732,-0.334671334,20,60119508,R,II,CDH4,Body,island,Body-island,chr20:60119507-60119712,,,,,,-0.366388226
cg15700197,-0.322175064,0.544264735,-11.56662593,7.15e-28,3.18e-26,52.04440254,0.837467221,0.515292158,-0.322175064,1,159409207,F,II,OR10J1,TSS1500,opensea,TSS1500-opensea,,,,,,,-0.363603209
cg19510698,-0.314505603,0.447087662,-11.89088633,3.32e-29,1.8000000000000003e-27,55.09258204,0.733310387,0.418804784,-0.314505603,15,101421249,R,II,ALDH1A3,Body,shore,Body-shore,chr15:101419261-101421133,,True,,,,-0.362747342
cg07196505,-0.327048402,0.493308527,-11.89536564,3.18e-29,1.7300000000000003e-27,55.13504226,0.790946101,0.463897699,-0.327048402,16,7565837,R,II,A2BP1,Body,shelf,Body-shelf,chr16:7568195-7568413,,,,,,-0.362592185
cg16852483,-0.324000742,0.542557652,-11.43032931,2.5600000000000002e-27,1.05e-25,50.77849416,0.837421637,0.513420894,-0.324000742,13,102103930,F,II,ITGBL1,TSS1500,shelf,TSS1500-shelf,chr13:102106165-102106488,,,,,,-0.362282392
cg20608990,-0.319319044,0.575001689,-11.27220822,1.11e-26,4.17e-25,49.32154495,0.865604992,0.546285948,-0.319319044,2,202097607,F,II,CASP8,TSS1500,opensea,TSS1500-opensea,,,True,,,,-0.36222302
cg24643381,-0.3125234,0.572812062,-10.93980779,2.33e-25,7.31e-24,46.30064285,0.85723084,0.544707439,-0.3125234,12,43941378,F,II,ADAMTS20,Body,shelf,Body-shelf,chr12:43944719-43946285,,,,,rs67715439,-0.36132499
cg00298977,-0.324795943,0.473859788,-12.37762824,3.03e-31,2.2500000000000002e-29,59.7608641,0.769447463,0.44465152,-0.324795943,1,153175842,R,II,LELP1,TSS200,opensea,TSS200-opensea,,,,,,rs80344177,-0.360572068
cg13845105,-0.326667217,0.509714589,-12.73931113,8.61e-33,8.31e-31,63.29824496,0.807005258,0.480338041,-0.326667217,12,112846051,R,II,RPL6,Body,shore,Body-shore,chr12:112846955-112847200,,,,,,-0.3605626
cg17609887,-0.300121737,0.555423836,-11.02304616,1.09e-25,3.59e-24,47.05171198,0.828556208,0.528434471,-0.300121737,7,157053014,F,II,UBE3C,Body,opensea,Body-opensea,,,,,,,-0.359784045
cg11611448,-0.310972129,0.562803389,-11.44336426,2.2700000000000002e-27,9.400000000000001e-26,50.89916168,0.845810398,0.534838269,-0.310972129,2,127453782,F,II,GYPC,3'UTR,opensea,3'UTR-opensea,,,,,,,-0.359589717
cg01153946,-0.315950149,0.483090541,-12.68546008,1.4700000000000002e-32,1.3599999999999999e-30,62.76799008,0.770627906,0.454677757,-0.315950149,20,37062621,F,II,LOC388796,Body,shore,Body-shore,chr20:37063525-37064106,,,,rs6070129,,-0.358924613
cg04923174,-0.315607049,0.538219937,-11.63129631,3.89e-28,1.8e-26,52.64826302,0.825445057,0.509838008,-0.315607049,1,158549277,F,II,OR10X1,1stExon,opensea,1stExon-opensea,,,,,,rs41273507,-0.358475772
cg26014409,-0.306672212,0.477712327,-11.03948913,9.420000000000001e-26,3.12e-24,47.20051039,0.756806103,0.450133891,-0.306672212,1,158324471,R,II,CD1E,Body,opensea,Body-opensea,,,,,,,-0.35844246
cg24923516,-0.333326391,0.513807777,-11.01191712,1.21e-25,3.94e-24,46.95108181,0.817158773,0.483832382,-0.333326391,2,127955156,F,I,CYP27C1,Body,opensea,Body-opensea,,,,,,,-0.358399626
cg23348723,-0.333587555,0.5461789,-10.57249413,6.3099999999999994e-24,1.65e-22,43.03070426,0.849767575,0.516180019,-0.333587555,7,31725748,F,II,C7orf16,TSS1500,opensea,TSS1500-opensea,,,,,,,-0.357767421
cg00887902,-0.315450453,0.510046002,-12.59277349,3.6700000000000005e-32,3.18e-30,61.858233,0.797128608,0.481678155,-0.315450453,8,56436393,F,II,XKR4,Body,opensea,Body-opensea,,,,,,,-0.357724615
cg13672747,-0.320859648,0.501846691,-12.36782016,3.3300000000000003e-31,2.4600000000000002e-29,59.66573441,0.793852054,0.472992406,-0.320859648,3,13905567,R,II,WNT7A,Body,opensea,Body-opensea,,,True,,,,-0.357488931
cg13453847,-0.317926948,0.553450808,-11.48778969,1.5e-27,6.37e-26,51.31105498,0.842787203,0.524860256,-0.317926948,5,5034274,R,II,LOC340094,TSS200,opensea,TSS200-opensea,,,,,,,-0.355250578
cg19029445,-0.310796255,0.505671447,-11.70301221,1.98e-28,9.590000000000001e-27,53.32029925,0.788518398,0.477722143,-0.310796255,17,907732,F,II,ABR,3'UTR,shelf,3'UTR-shelf,chr17:909981-910442,,,,,,-0.353065172
cg04813876,-0.312389264,0.608789362,-10.99022665,1.48e-25,4.7499999999999994e-24,46.75514122,0.893086066,0.580696802,-0.312389264,11,103964219,R,II,PDGFD,Body,opensea,Body-opensea,,,True,,,,-0.352935488
cg21406461,-0.306174782,0.44092028,-11.47150888,1.74e-27,7.34e-26,51.15999223,0.719561359,0.413386577,-0.306174782,1,158978957,R,II,IFI16,TSS1500,opensea,TSS1500-opensea,,,,,,,-0.352408972
cg10222925,-0.312071868,0.593994192,-10.19913866,1.6700000000000001e-22,3.6700000000000006e-21,39.78346051,0.878002044,0.565930176,-0.312071868,8,88885186,R,II,DCAF4L2,1stExon,shore,1stExon-shore,chr8:88886171-88886445,,,,,,-0.350588452
cg07219844,-0.307389159,0.510731443,-13.21410365,7.42e-35,1.02e-32,68.02547211,0.790477693,0.483088533,-0.307389159,10,135123764,F,II,ZNF511,Body,shore,Body-shore,chr10:135121991-135122669,,,,,,-0.349458615
cg09591519,-0.302123926,0.424735183,-12.99181116,6.95e-34,8.130000000000001e-32,65.8007534,0.699689691,0.397565765,-0.302123926,6,33241770,R,I,RPS18,Body,shore,Body-shore,chr6:33239326-33240099,,,,,,-0.34859389
cg09411231,-0.302436516,0.586976908,-11.22244612,1.7600000000000002e-26,6.43e-25,48.86565766,0.862215895,0.559779379,-0.302436516,1,186159350,R,II,MIR548F1,Body,opensea,Body-opensea,,,,,,,-0.348075288
cg12942878,-0.31569765,0.45756131,-12.4546671,1.42e-31,1.1200000000000001e-29,60.50955411,0.744868883,0.429171234,-0.31569765,3,192960632,F,II,MGC2889,Body,shore,Body-shore,chr3:192958709-192959373,,,,,,-0.348026173
cg17352276,-0.306118213,0.536831194,-12.64706971,2.1500000000000002e-32,1.93e-30,62.3907259,0.81542079,0.509302578,-0.306118213,15,66795208,R,II,SNORD16,Body,opensea,Body-opensea,,,,,,,-0.347783878
cg01388054,-0.306118706,0.510630958,-11.88213263,3.61e-29,1.9500000000000002e-27,55.00963143,0.789221004,0.483102298,-0.306118706,7,48068321,F,II,SUNC1,Body,opensea,Body-opensea,,,,,,,-0.347376067
cg00160262,-0.304952037,0.514571651,-12.40505236,2.31e-31,1.7600000000000001e-29,60.02708032,0.792099943,0.487147907,-0.304952037,1,158533225,F,II,OR6P1,1stExon,opensea,1stExon-opensea,,,,,,,-0.346741265
cg22714290,-0.3207141,0.47748363,-11.27062524,1.1300000000000001e-26,4.23e-25,49.30702321,0.769356535,0.448642434,-0.3207141,1,207992548,F,I,LOC148696,Body,opensea,Body-opensea,,True,,,rs76267423,,-0.346593612
cg21291134,-0.286877943,0.613767083,-9.294693047,3.35e-19,5.13e-18,32.25629274,0.87484665,0.587968706,-0.286877943,1,159558512,F,II,APCS,3'UTR,opensea,3'UTR-opensea,,,,,,,-0.34656399
cg21336434,-0.29153048,0.525125949,-10.81219432,7.4e-25,2.1699999999999998e-23,45.156321,0.790439659,0.498909179,-0.29153048,7,54271282,F,II,HPVC1,TSS1500,opensea,TSS1500-opensea,,,,,,,-0.346012068
cg27070951,-0.31667016,0.604873983,-11.40502711,3.2400000000000006e-27,1.31e-25,50.5445089,0.893066611,0.576396451,-0.31667016,15,92532867,R,II,SLCO3A1,Body,opensea,Body-opensea,,,True,,,,-0.345835563
cg20672708,-0.306019738,0.489411042,-12.46009427,1.35e-31,1.0700000000000001e-29,60.5623959,0.767911019,0.461891281,-0.306019738,20,30696827,R,II,TM9SF4,TSS1500,opensea,TSS1500-opensea,,,,,,,-0.345081517
cg10819004,-0.316840906,0.625778137,-10.67077488,2.63e-24,7.2e-23,43.89844476,0.914126156,0.59728525,-0.316840906,8,63403502,R,II,NKAIN3,Body,opensea,Body-opensea,,,True,,,,-0.344608178
cg11623855,-0.292800113,0.438640901,-15.43928021,5.3e-45,4.95e-42,91.27421359,0.705110069,0.412309956,-0.292800113,11,33563720,R,II,C11orf41,TSS200,opensea,TSS200-opensea,,,,,,rs78716240,-0.344578975
cg15593510,-0.294898414,0.575411059,-11.37173008,4.42e-27,1.76e-25,50.23708044,0.843789831,0.548891417,-0.294898414,1,158369112,F,II,OR10T2,1stExon,opensea,1stExon-opensea,,,,,,,-0.344036203
cg08513547,-0.306433077,0.589296779,-11.37764494,4.1800000000000005e-27,1.6699999999999999e-25,50.29165099,0.868172924,0.561739848,-0.306433077,5,150323558,F,II,LOC134466,Body,shelf,Body-shelf,chr5:150325904-150326194,,,,,,-0.342511902
cg26110281,-0.304715104,0.560600952,-11.35944005,4.95e-27,1.95e-25,50.12374885,0.837913619,0.533198515,-0.304715104,11,123885695,F,II,OR10G4,TSS1500,opensea,TSS1500-opensea,,,,,,,-0.341860419
cg08564874,-0.303345481,0.567366537,-11.46696731,1.82e-27,7.64e-26,51.11787647,0.843432748,0.540087267,-0.303345481,7,34696723,F,II,NPSR1,TSS1500,opensea,TSS1500-opensea,,,,,,,-0.341743561
cg00079598,-0.299243464,0.576974681,-11.51400533,1.1700000000000001e-27,5.06e-26,51.55457577,0.849307762,0.550064298,-0.299243464,11,123676903,F,II,OR6M1,1stExon,opensea,1stExon-opensea,,,,,,,-0.340477773
cg25921502,-0.30715927,0.522881221,-11.53922972,9.249999999999999e-28,4.05e-26,51.78921015,0.802418254,0.495258985,-0.30715927,10,50363896,R,II,C10orf128,3'UTR,opensea,3'UTR-opensea,,,,,,,-0.340074213
cg09705798,-0.328500993,0.563474337,-11.96773651,1.59e-29,9.06e-28,55.82236986,0.862433874,0.533932881,-0.328500993,5,160048394,F,II,ATP10B,Body,opensea,Body-opensea,,,,,rs75739786,,-0.339823644
cg00933411,-0.297740929,0.417948757,-11.44947454,2.14e-27,8.91e-26,50.95575509,0.688914423,0.391173494,-0.297740929,8,13373090,R,II,DLC1,TSS1500,opensea,TSS1500-opensea,,,,,,,-0.339542874
cg11009736,-0.304906599,0.421849195,-12.38330823,2.8600000000000003e-31,2.1400000000000002e-29,59.81597453,0.699336136,0.394429537,-0.304906599,2,119699682,R,II,MARCO,TSS200,opensea,TSS200-opensea,,,,,,,-0.339249639
cg04744713,-0.309883228,0.528988519,-10.0456627,6.28e-22,1.29e-20,38.47171545,0.81100455,0.501121322,-0.309883228,8,142517440,R,II,FLJ43860,TSS200,opensea,TSS200-opensea,,,,,,,-0.338282551
cg18504196,-0.300228476,0.454295417,-10.34780995,4.5699999999999995e-23,1.07e-21,41.06708117,0.72752493,0.427296454,-0.300228476,3,168331449,R,II,C3orf50,Body,opensea,Body-opensea,,,,,,,-0.337700249
cg03596479,-0.313121242,0.508949933,-11.42101542,2.79e-27,1.14e-25,50.6923255,0.79391279,0.480791548,-0.313121242,11,88059873,R,II,CTSC,Body,opensea,Body-opensea,,,True,,,,-0.336697402
cg24360034,-0.298623605,0.500437653,-10.99213913,1.45e-25,4.67e-24,46.77240768,0.772206617,0.473583013,-0.298623605,11,124414205,R,II,OR8B12,TSS1500,opensea,TSS1500-opensea,,,,,,,-0.335850928
cg07483086,-0.290829724,0.568676472,-10.86624072,4.54e-25,1.37e-23,45.63989737,0.833352443,0.542522719,-0.290829724,2,150444834,R,II,MMADHC,TSS1500,opensea,TSS1500-opensea,,,,,,,-0.335818642
cg00554631,-0.291596592,0.604335773,-10.45813004,1.73e-23,4.28e-22,42.02768902,0.869709649,0.578113058,-0.291596592,4,155340841,F,II,DCHS2,Body,shelf,Body-shelf,chr4:155337896-155338253,,,,,,-0.335731666
cg21643095,-0.286917634,0.56724147,-10.28867212,7.659999999999999e-23,1.75e-21,40.55497601,0.828357158,0.541439525,-0.286917634,11,105009375,F,II,CARD18,3'UTR,opensea,3'UTR-opensea,,,,,,,-0.335659766
cg19864468,-0.282790542,0.500786886,-11.7214153,1.66e-28,8.150000000000001e-27,53.49315351,0.758146624,0.475356082,-0.282790542,2,113346566,R,II,CHCHD5,3'UTR,opensea,3'UTR-opensea,,,,,,,-0.335417842
cg08818866,-0.295153142,0.579473628,-11.50364525,1.2900000000000002e-27,5.55e-26,51.45829875,0.848084221,0.552931079,-0.295153142,2,33415906,R,II,LTBP1,Body,opensea,Body-opensea,,,True,,,,-0.3352798
cg06968859,-0.282158617,0.372848988,-10.97890058,1.64e-25,5.2299999999999995e-24,46.6529259,0.629633629,0.347475011,-0.282158617,2,80724209,F,II,CTNNA2,Body,opensea,Body-opensea,,,True,,,,-0.335069904
cg15498306,-0.307207374,0.408081044,-12.18581377,1.9499999999999998e-30,1.2799999999999999e-28,57.90825549,0.687661855,0.380454482,-0.307207374,4,164534641,F,II,1-Mar,Body,opensea,Body-opensea,,,,,rs17043977,,-0.334264416
cg14696870,-0.285640746,0.60821418,-9.442267056,1e-19,1.62e-18,33.45037797,0.868167808,0.582527063,-0.285640746,1,159258877,R,II,FCER1A,TSS1500,opensea,TSS1500-opensea,,,,,,,-0.333997495
cg16581308,-0.292971541,0.51799001,-11.74158239,1.37e-28,6.800000000000001e-27,53.68276426,0.784615189,0.491643648,-0.292971541,4,16862080,R,II,LDB2,Body,opensea,Body-opensea,,,True,,,,-0.333945737
cg05281206,-0.288751672,0.617383947,-10.62108708,4.09e-24,1.09e-22,43.45907726,0.880168742,0.59141707,-0.288751672,17,32682770,F,II,CCL13,TSS1500,opensea,TSS1500-opensea,,,True,,,,-0.333196588
cg14959260,-0.288956497,0.536959839,-10.69232452,2.1699999999999997e-24,5.999999999999999e-23,44.08941914,0.799931039,0.510974542,-0.288956497,4,9917839,F,II,SLC2A9,Body,opensea,Body-opensea,,,,,,,-0.332790554
cg00796302,-0.287367723,0.461689128,-11.8566321,4.61e-29,2.4500000000000002e-27,54.76819385,0.723214429,0.435846707,-0.287367723,4,106477599,F,II,FLJ20184,Body,opensea,Body-opensea,,,True,,,,-0.332592453
cg14317513,-0.292535164,0.375402227,-11.2178996,1.83e-26,6.679999999999999e-25,48.82406871,0.641630271,0.349095108,-0.292535164,21,38074992,R,II,SIM2,Body,shore,Body-shore,chr21:38076762-38077685,,,,,,-0.332206266
cg14202783,-0.29289934,0.553330226,-10.50498437,1.1499999999999999e-23,2.9e-22,42.4377382,0.819889697,0.526990357,-0.29289934,9,130662561,R,I,ST6GALNAC6,TSS1500,shore,TSS1500-shore,chr9:130661107-130662047,,,,,,-0.332199713
cg27338089,-0.287041789,0.589971233,-12.39962837,2.4400000000000003e-31,1.8500000000000002e-29,59.97440119,0.851199912,0.564158123,-0.287041789,16,29820515,R,II,MAZ,Body,shore,Body-shore,chr16:29818681-29819554,,,,,,-0.332019859
cg13662778,-0.30029373,0.4775592,-11.60316216,5.08e-28,2.31e-26,52.38530798,0.750848098,0.450554368,-0.30029373,4,155533883,R,II,FGG,5'UTR,opensea,5'UTR-opensea,,,,low-CpG:155753207-155753539,,,-0.331454722
cg23793965,-0.296398304,0.413543773,-10.79926995,8.31e-25,2.4199999999999998e-23,45.04091372,0.683287553,0.386889249,-0.296398304,8,91841347,R,II,NECAB1,Body,opensea,Body-opensea,,,True,,,,-0.331326994
cg20908131,-0.282153315,0.638211846,-9.390363494,1.53e-19,2.44e-18,33.02884693,0.894991662,0.612838346,-0.282153315,14,98419775,R,II,C14orf64,Body,opensea,Body-opensea,,,,,,,-0.330856577
cg09577324,-0.286826941,0.48009995,-10.96065736,1.93e-25,6.1199999999999996e-24,46.48842726,0.741133101,0.45430616,-0.286826941,11,6890860,R,II,OR10A2,TSS200,opensea,TSS200-opensea,,,,,,,-0.330637471
cg10440696,-0.291209889,0.583709433,-10.47238607,1.53e-23,3.8e-22,42.15232184,0.848731382,0.557521493,-0.291209889,11,5809911,F,II,OR52N1,1stExon,opensea,1stExon-opensea,,,,,,,-0.330383383
cg14269191,-0.284632033,0.600030256,-9.720587832,9.910000000000001e-21,1.79e-19,35.73915139,0.859065883,0.57443385,-0.284632033,11,5346249,R,II,OR51B2,TSS1500,opensea,TSS1500-opensea,,,,,,,-0.329756084
cg19922435,-0.315911377,0.408007883,-12.97229369,8.45e-34,9.720000000000001e-32,65.60637632,0.695509964,0.379598587,-0.315911377,4,124694178,R,II,LOC285419,Body,opensea,Body-opensea,,,,,,,-0.329234266
cg03469655,-0.293504188,0.536592987,-11.45288997,2.07e-27,8.660000000000001e-26,50.98739698,0.803702913,0.510198726,-0.293504188,6,123385000,R,II,CLVS2,3'UTR,opensea,3'UTR-opensea,,,,,,,-0.328702995
cg01348055,-0.282576194,0.469579174,-13.04604158,4.03e-34,4.9300000000000004e-32,66.34165695,0.726743839,0.444167646,-0.282576194,16,10272788,R,II,GRIN2A,Body,shore,Body-shore,chr16:10273943-10277424,,,,,,-0.32845276
cg09305680,-0.287372482,0.410399601,-11.70432855,1.95e-28,9.480000000000001e-27,53.33265771,0.671929233,0.384556751,-0.287372482,8,117778069,R,II,UTP23,TSS1500,shore,TSS1500-shore,chr8:117778487-117779146,,,,,,-0.328322954
cg25451456,-0.292061216,0.574959566,-10.43194773,2.1799999999999999e-23,5.33e-22,41.79908755,0.840756284,0.548695068,-0.292061216,11,5967520,R,II,OR56A3,TSS1500,opensea,TSS1500-opensea,,,,,,,-0.328273391
cg26810908,-0.29620643,0.545127885,-11.54159474,9.05e-28,3.97e-26,51.81122537,0.814697046,0.518490617,-0.29620643,1,238054569,R,II,ZP4,TSS1500,opensea,TSS1500-opensea,,,,,,,-0.328043434
cg25644015,-0.287545681,0.490265124,-12.09524738,4.68e-30,2.9e-28,57.03933291,0.75195238,0.464406699,-0.287545681,6,31848099,F,II,EHMT2,Body,opensea,Body-opensea,,,,,rs35521607,,-0.32801275
cg22935609,-0.284277487,0.608124102,-10.79709884,8.47e-25,2.4699999999999997e-23,45.02153577,0.866837066,0.582559579,-0.284277487,6,55989097,R,II,COL21A1,Body,opensea,Body-opensea,,,,,,,-0.327803691
cg11666040,-0.301850295,0.606122315,-11.20534344,2.0600000000000002e-26,7.45e-25,48.70926735,0.880827799,0.578977504,-0.301850295,10,135012454,F,I,KNDC1,Body,shelf,Body-shelf,chr10:135014703-135015402,,,,rs55657027,,-0.327595084
cg16226642,-0.292549503,0.53245393,-11.34251294,5.7900000000000005e-27,2.26e-25,49.96778157,0.798695025,0.506145522,-0.292549503,11,7847876,F,II,OR5P3,TSS1500,opensea,TSS1500-opensea,,,,,,,-0.327574529
cg13177195,-0.292124602,0.547090916,-11.13506538,3.9300000000000004e-26,1.37e-24,48.06821302,0.81294532,0.520820718,-0.292124602,12,41289297,R,II,CNTN1,5'UTR,opensea,5'UTR-opensea,,,,,,,-0.326861953
cg11267802,-0.289240062,0.525437813,-9.745260845,8.050000000000001e-21,1.47e-19,35.94433371,0.788667078,0.499427016,-0.289240062,1,153123593,R,II,SPRR2G,TSS200,opensea,TSS200-opensea,,,,,,,-0.326580409
cg01520122,-0.275885187,0.651267631,-9.394442201,1.48e-19,2.36e-18,33.06191091,0.902342999,0.626457812,-0.275885187,17,32595801,F,II,CCL7,TSS1500,opensea,TSS1500-opensea,,,,,rs36231836,,-0.326547822
cg08948808,-0.294282647,0.528887534,-10.44889583,1.88e-23,4.62e-22,41.94701989,0.796705914,0.502423267,-0.294282647,1,152942003,R,II,SPRR4,TSS1500,opensea,TSS1500-opensea,,,,,,,-0.326465443
cg20849855,-0.289676639,0.551401143,-12.71361715,1.1100000000000001e-32,1.0499999999999999e-30,63.04509061,0.815027725,0.525351086,-0.289676639,13,114091716,F,II,ADPRHL1,Body,opensea,Body-opensea,,,,,,,-0.326443606
cg23214755,-0.278604747,0.587420791,-9.725981288,9.47e-21,1.71e-19,35.78397225,0.840971154,0.562366407,-0.278604747,2,11607042,F,II,E2F6,TSS1500,shore,TSS1500-shore,chr2:11605743-11606385,,,,,,-0.326343751
cg13760060,-0.291256797,0.570336611,-10.49262401,1.2799999999999999e-23,3.21e-22,42.32944651,0.83540125,0.544144453,-0.291256797,14,73212577,F,II,DPF3,Body,opensea,Body-opensea,,True,True,,,,-0.326190677
cg11820931,-0.29438076,0.505006886,-11.34156205,5.850000000000001e-27,2.28e-25,49.9590243,0.772914556,0.478533796,-0.29438076,10,70717302,F,II,DDX21,Body,shore,Body-shore,chr10:70715938-70716494,,,,,,-0.326010585
cg24803687,-0.289414675,0.537514371,-10.41734809,2.4799999999999997e-23,6.02e-22,41.67178319,0.800902547,0.511487872,-0.289414675,11,5462916,R,II,OR51I1,TSS200,opensea,TSS200-opensea,,,,,rs1498487,,-0.325783716
cg02526439,-0.299009402,0.641345212,-10.45247105,1.8199999999999997e-23,4.49e-22,41.97824699,0.91346528,0.614455877,-0.299009402,8,89053427,F,II,MMP16,3'UTR,opensea,3'UTR-opensea,,,,,,,-0.32577576
cg27456185,-0.273223724,0.568559571,-9.246766345,4.94e-19,7.42e-18,31.87144851,0.817212816,0.543989092,-0.273223724,15,93196011,R,II,FAM174B,Body,shelf,Body-shelf,chr15:93198374-93199181,,,,,,-0.32577481
cg23774016,-0.2891568,0.535141649,-12.77370105,6.12e-33,6.06e-31,63.63751463,0.79829514,0.50913834,-0.2891568,1,159284082,F,II,OR10J3,1stExon,opensea,1stExon-opensea,,,,,,,-0.325349517
cg07269374,-0.28610743,0.563204948,-11.29740094,8.800000000000001e-27,3.35e-25,49.55282609,0.823583293,0.537475862,-0.28610743,12,66176707,F,II,RPSAP52,Body,opensea,Body-opensea,,,,,,,-0.325201569
cg14514991,-0.288584715,0.5204916,-10.8928174,3.57e-25,1.0899999999999999e-23,45.87826415,0.783124452,0.494539737,-0.288584715,1,158737820,R,II,OR6N1,TSS1500,opensea,TSS1500-opensea,,,,,,,-0.325088864
cg26337841,-0.279908768,0.602354135,-9.893703103,2.3000000000000004e-21,4.45e-20,37.18651873,0.857091251,0.577182483,-0.279908768,1,37329331,F,II,GRIK3,Body,opensea,Body-opensea,,,True,,,,-0.324952794
cg03276883,-0.292643292,0.316205186,-13.03991285,4.29e-34,5.200000000000001e-32,66.28046794,0.582531635,0.289888343,-0.292643292,4,104021583,F,II,BDH2,TSS1500,opensea,TSS1500-opensea,,,,,,,-0.324769308
cg17854981,-0.294155313,0.595283971,-10.83389786,6.08e-25,1.8e-23,45.35032355,0.862986469,0.568831155,-0.294155313,7,100274472,R,I,GNB2,Body,shore,Body-shore,chr7:100270875-100274003,,,,,,-0.32423834
cg27480913,-0.287978506,0.506292233,-11.26607462,1.1800000000000001e-26,4.4e-25,49.26528457,0.768373392,0.480394886,-0.287978506,11,6008246,F,II,OR52L1,TSS200,opensea,TSS200-opensea,,,,,,,-0.324169386
cg24444631,-0.278894253,0.438716992,-13.1586678,1.3e-34,1.73e-32,67.46881043,0.692530826,0.413636573,-0.278894253,6,29636366,F,II,MOG,3'UTR,opensea,3'UTR-opensea,,,,,rs2535246,,-0.323931302
cg21148025,-0.29795663,0.532865345,-12.19004236,1.87e-30,1.2399999999999999e-28,57.94891752,0.804027314,0.506070684,-0.29795663,21,19639479,F,II,CHODL,3'UTR,opensea,3'UTR-opensea,,,,,rs1051526,,-0.32364373
cg03545548,-0.278486017,0.602055659,-9.802418311,4.980000000000001e-21,9.29e-20,36.42107011,0.85549797,0.577011952,-0.278486017,3,167320581,R,II,WDR49,Body,opensea,Body-opensea,,,True,,,,-0.323482808
cg11964006,-0.302123812,0.523647572,-11.58656169,5.93e-28,2.68e-26,52.23033418,0.798601976,0.496478164,-0.302123812,10,53852689,F,II,PRKG1,Body,opensea,Body-opensea,,,True,,rs1904019,,-0.323461053
cg13869366,-0.294868419,0.447957536,-11.06026474,7.79e-26,2.61e-24,47.38871914,0.716309011,0.421440592,-0.294868419,11,7869666,R,II,OR5E1P,TSS1500,opensea,TSS1500-opensea,,,,,,,-0.323086233
cg14817783,-0.284711039,0.620857115,-9.326407181,2.58e-19,4.01e-18,32.51175111,0.879964643,0.595253605,-0.284711039,2,170551745,F,II,PHOSPHO2,5'UTR,shore,5'UTR-shore,chr2:170550783-170551371,,,,,,-0.322355593
cg00049102,-0.272474049,0.660851799,-9.581622257,3.16e-20,5.41e-19,34.59041853,0.908822785,0.636348737,-0.272474049,13,72420299,F,II,DACH1,Body,opensea,Body-opensea,,,,,,,-0.321859102
cg06275635,-0.293707155,0.59444771,-10.71035999,1.85e-24,5.16e-23,44.2494455,0.861742351,0.568035196,-0.293707155,1,153283994,R,II,PGLYRP3,TSS1500,opensea,TSS1500-opensea,,,,,,,-0.321553794
cg16933813,-0.294168489,0.594250477,-11.92818105,2.3300000000000002e-29,1.2900000000000002e-27,55.4463945,0.861964966,0.567796477,-0.294168489,6,32945317,R,II,BRD2,Body,opensea,Body-opensea,,,,,,,-0.321362665
cg10161194,-0.276358349,0.568631443,-12.67017235,1.71e-32,1.57e-30,62.61768129,0.820137422,0.543779073,-0.276358349,19,3983180,R,I,EEF2,Body,island,Body-island,chr19:3982824-3983190,True,,,,,-0.321132867
cg06228763,-0.279962387,0.4863348,-12.45068203,1.48e-31,1.1600000000000001e-29,60.47076157,0.741120713,0.461158327,-0.279962387,7,1773169,F,II,ELFN1,5'UTR,opensea,5'UTR-opensea,,True,,,,,-0.320940469
cg20668321,-0.277956684,0.585694753,-10.31824414,5.92e-23,1.3700000000000002e-21,40.81080685,0.838655332,0.560698648,-0.277956684,5,153192843,F,II,GRIA1,3'UTR,opensea,3'UTR-opensea,,,,,,,-0.320851626
cg18658151,-0.266439784,0.439083199,-9.622158869,2.26e-20,3.92e-19,34.92428871,0.681562571,0.415122787,-0.266439784,17,77952453,R,II,TBC1D16,Body,shore,Body-shore,chr17:77951845-77952291,,,,,,-0.320305569
cg16599983,-0.285039532,0.519706912,-12.82710387,3.6e-33,3.71e-31,64.16534009,0.779113392,0.49407386,-0.285039532,6,32168969,R,II,NOTCH4,Body,opensea,Body-opensea,,,,,,,-0.319824054
cg06483559,-0.272704574,0.514577686,-11.5514756,8.25e-28,3.64e-26,51.90323329,0.762758467,0.490053894,-0.272704574,11,123624914,F,II,OR6X1,1stExon,opensea,1stExon-opensea,,,,,,,-0.31953626
cg20307184,-0.27702815,0.574732651,-10.91339071,2.96e-25,9.159999999999999e-24,46.06304523,0.826848198,0.549820048,-0.27702815,7,48351895,R,II,ABCA13,Body,opensea,Body-opensea,,,,,,,-0.319462903
cg26259818,-0.284744628,0.607148444,-10.21569661,1.45e-22,3.2e-21,39.92579472,0.866286541,0.581541913,-0.284744628,1,181632621,F,II,CACNA1E,Body,opensea,Body-opensea,,,True,,,,-0.319288535
cg13563074,-0.286804354,0.304713837,-12.40283672,2.36e-31,1.7900000000000001e-29,60.00555992,0.565726432,0.278922078,-0.286804354,11,7728814,F,II,OVCH2,TSS1500,opensea,TSS1500-opensea,,,,,,,-0.319214159
cg16674248,-0.285516626,0.512408103,-10.89780553,3.41e-25,1.0499999999999999e-23,45.92304476,0.772248773,0.486732147,-0.285516626,22,46664402,F,I,TTC38,Body,shore,Body-shore,chr22:46663605-46664126,,True,,rs9627359,,-0.318955729
cg17543218,-0.282941152,0.565321466,-10.77274219,1.05e-24,3.0399999999999996e-23,44.80431807,0.822818269,0.539877118,-0.282941152,4,77508108,F,II,SHROOM3,Body,shore,Body-shore,chr4:77507077-77507339,,,,,,-0.318902517
cg16113347,-0.286015532,0.486782452,-11.55255746,8.16e-28,3.6e-26,51.91331016,0.747077163,0.461061631,-0.286015532,14,93899367,F,II,KIAA1409,5'UTR,shore,5'UTR-shore,chr14:93896736-93897466,,,,,,-0.318364731
cg06338958,-0.276895218,0.589941197,-11.1903914,2.3600000000000002e-26,8.48e-25,48.57266615,0.841935766,0.565040548,-0.276895218,16,1489061,R,II,CCDC154,Body,shore,Body-shore,chr16:1487017-1487260,,,,,,-0.317966294
cg24513381,-0.279322034,0.566470628,-10.78952428,9.07e-25,2.6299999999999998e-23,44.95394995,0.820673774,0.54135174,-0.279322034,1,170653323,R,II,PRRX1,Body,opensea,Body-opensea,,,True,,,,-0.317486027
cg25730098,-0.271459607,0.587286157,-9.365210933,1.88e-19,2.97e-18,32.82517847,0.834333929,0.562874322,-0.271459607,19,56346628,F,II,NLRP11,5'UTR,opensea,5'UTR-opensea,,,,,,,-0.317224393
cg18310495,-0.284813665,0.358745461,-10.9073701,3.13e-25,9.639999999999999e-24,46.00894722,0.617946386,0.333132721,-0.284813665,10,125615419,R,II,CPXM2,Body,shore,Body-shore,chr10:125617057-125617329,,,,,,-0.317223227
cg26282761,-0.280883745,0.590165135,-11.11866328,4.57e-26,1.58e-24,47.91896605,0.84578955,0.564905806,-0.280883745,10,128193219,R,II,C10orf90,Body,shore,Body-shore,chr10:128193311-128193531,,,,,,-0.317022593
cg02988312,-0.284127828,0.608433439,-9.286324562,3.58e-19,5.47e-18,32.18899025,0.867010203,0.582882375,-0.284127828,4,1342161,R,I,KIAA1530,Body,shore,Body-shore,chr4:1340107-1341471,,,,,,-0.316723398
cg02735829,-0.267354747,0.537517743,-9.781665597,5.930000000000001e-21,1.1e-19,36.24774932,0.780829797,0.51347505,-0.267354747,5,180167566,R,II,OR2Y1,TSS1500,opensea,TSS1500-opensea,,,,,,,-0.316714424
cg06240465,-0.284144173,0.49201135,-10.85846148,4.87e-25,1.4599999999999998e-23,45.57019672,0.750602989,0.466458816,-0.284144173,21,46853413,R,II,COL18A1,Body,shelf,Body-shelf,chr21:46850573-46850841,True,True,,,,-0.316447003
cg03276000,-0.284259952,0.571457685,-9.906805225,2.0500000000000003e-21,4e-20,37.29679167,0.830154691,0.545894739,-0.284259952,7,154087975,F,II,DPP6,Body,opensea,Body-opensea,,,,,,,-0.316436956
cg02245566,-0.276479707,0.638530422,-9.205161518,6.91e-19,1.02e-17,31.53855045,0.890146846,0.613667139,-0.276479707,1,158670617,F,II,OR6K2,TSS200,opensea,TSS200-opensea,,,,,,,-0.316167431
cg18276125,-0.27876024,0.568484328,-10.38756837,3.23e-23,7.720000000000001e-22,41.41248519,0.822176202,0.543415961,-0.27876024,10,102749041,F,I,C10orf2,1stExon,island,1stExon-island,chr10:102748870-102749088,,,,rs17113613,,-0.316126024
cg02457319,-0.272444244,0.428002613,-12.654185,2e-32,1.8099999999999997e-30,62.46060064,0.675946474,0.403502231,-0.272444244,9,138671108,F,II,KCNT1,Body,shore,Body-shore,chr9:138672734-138672970,,,,rs71508813,,-0.316094931
cg25626375,-0.263196376,0.493486272,-9.63027631,2.11e-20,3.67e-19,34.99126702,0.733013909,0.469817533,-0.263196376,8,133072269,R,II,OC90,TSS1500,opensea,TSS1500-opensea,,,,,,,-0.316018865
cg10902514,-0.274596589,0.624294859,-10.05859146,5.62e-22,1.16e-20,38.58168745,0.87419751,0.599600921,-0.274596589,2,188211981,F,II,CALCRL,Body,opensea,Body-opensea,,,,,,,-0.315995682
cg07429087,-0.280911829,0.525507263,-10.64133891,3.42e-24,9.219999999999999e-23,43.63799185,0.781157237,0.500245408,-0.280911829,5,151771606,R,II,NMUR2,3'UTR,opensea,3'UTR-opensea,,,,,,,-0.315416233
cg26276249,-0.266471095,0.649265098,-9.467658888,8.12e-20,1.33e-18,33.65720773,0.891772966,0.62530187,-0.266471095,1,185925432,R,II,HMCN1,Body,opensea,Body-opensea,,,,,,,-0.315269753
cg09140665,-0.282017024,0.451577385,-12.26800769,8.8e-31,6.13e-29,58.70008455,0.708233166,0.426216142,-0.282017024,11,7960899,F,II,OR10A3,1stExon,opensea,1stExon-opensea,,,,,,,-0.315059919
cg03825810,-0.272846596,0.590510386,-10.50387683,1.16e-23,2.92e-22,42.42803134,0.838820417,0.565973822,-0.272846596,3,38888170,F,II,SCN11A,3'UTR,opensea,3'UTR-opensea,,,,,,,-0.314969567
cg24832498,-0.279674655,0.532789286,-11.37115577,4.44e-27,1.76e-25,50.23178278,0.787313342,0.507638687,-0.279674655,11,5528669,R,II,UBQLN3,3'UTR,opensea,3'UTR-opensea,,,,,,,-0.314817704
cg08641706,-0.290268363,0.580353921,-10.23470911,1.23e-22,2.7400000000000004e-21,40.08942292,0.844519014,0.554250651,-0.290268363,2,105069200,R,II,LOC150568,Body,opensea,Body-opensea,,,,,,,-0.314799177
cg00736201,-0.281927459,0.553019441,-12.20535943,1.62e-30,1.08e-28,58.09627433,0.809593711,0.527666252,-0.281927459,12,108643267,R,II,WSCD2,3'UTR,opensea,3'UTR-opensea,,,,,,,-0.314360821
cg18568534,-0.276023761,0.500931833,-11.93955828,2.0900000000000002e-29,1.1700000000000001e-27,55.55446003,0.752133313,0.476109552,-0.276023761,14,23240117,F,II,OXA1L,Body,shelf,Body-shelf,chr14:23235774-23236578,,,,,,-0.313971345
cg11783356,-0.277173369,0.448387079,-12.46838075,1.25e-31,9.9e-30,60.64310236,0.700634785,0.423461416,-0.277173369,20,44313418,F,II,WFDC10B,3'UTR,opensea,3'UTR-opensea,,,,,,,-0.313933927
cg01687040,-0.289633223,0.617636538,-11.00930655,1.24e-25,4.03e-24,46.92748619,0.881223608,0.591590385,-0.289633223,12,55043559,R,II,DCD,TSS1500,opensea,TSS1500-opensea,,,,,,,-0.313844991
cg04221650,-0.285883939,0.573049843,-10.53824156,8.549999999999999e-24,2.19e-22,42.72953365,0.833224795,0.547340856,-0.285883939,1,152681887,R,II,LCE4A,1stExon,opensea,1stExon-opensea,,,,,,rs73011196,-0.313783562
cg19520280,-0.278157624,0.53017538,-11.87670238,3.8000000000000003e-29,2.04e-27,54.95819228,0.783318829,0.505161205,-0.278157624,13,111032155,F,II,COL4A2,Body,opensea,Body-opensea,,,True,,rs58709564,,-0.313712519
cg26127166,-0.279266243,0.475664404,-10.47437517,1.4999999999999997e-23,3.74e-22,42.16972052,0.729816776,0.450550533,-0.279266243,9,116812388,F,II,ZNF618,Body,island,Body-island,chr9:116811338-116812389,,,,,,-0.31330585
cg01917716,-0.278895844,0.603198208,-11.47262518,1.7300000000000003e-27,7.27e-26,51.17034572,0.85701349,0.578117646,-0.278895844,11,59824541,F,II,MS4A3,5'UTR,opensea,5'UTR-opensea,,,,,,,-0.313102947
cg03082523,-0.29852464,0.558793587,-11.13870541,3.8e-26,1.3299999999999999e-24,48.10135353,0.830472486,0.531947846,-0.29852464,1,3155965,F,II,PRDM16,Body,shore,Body-shore,chr1:3157509-3158300,,,,,,-0.312877165
cg21919556,-0.265135864,0.543228963,-10.54483297,8.06e-24,2.07e-22,42.78743903,0.784521673,0.519385809,-0.265135864,3,169755036,F,II,GPR160,TSS1500,shore,TSS1500-shore,chr3:169755594-169756847,,,,,,-0.312466961
cg05126581,-0.262923436,0.630091901,-8.678636239,4.45e-17,5.48e-16,27.42244966,0.869371144,0.606447708,-0.262923436,1,216144819,R,II,USH2A,Body,opensea,Body-opensea,,,True,,,,-0.312059227
cg27404351,-0.274114759,0.457097799,-14.47451511,1.6199999999999998e-40,6.37e-38,80.99189355,0.70656195,0.432447191,-0.274114759,11,123847741,F,II,OR10S1,1stExon,opensea,1stExon-opensea,,,,,,,-0.311851453
cg10586756,-0.272026105,0.565380205,-10.62911305,3.81e-24,1.02e-22,43.52995561,0.812943531,0.540917426,-0.272026105,16,56782283,R,II,NUP93,Body,opensea,Body-opensea,,,,,,,-0.311580867
cg04914574,-0.286207084,0.597118935,-10.47256805,1.53e-23,3.79e-22,42.15391354,0.857587972,0.571380888,-0.286207084,14,99183876,F,II,C14orf177,3'UTR,opensea,3'UTR-opensea,,,,,rs74626923,,-0.311517882
cg14220224,-0.270872222,0.386859566,-12.01327861,1.0300000000000001e-29,6.03e-28,56.25615573,0.633372775,0.362500553,-0.270872222,8,57309145,F,II,SDR16C6,TSS1500,opensea,TSS1500-opensea,,,,,rs77073830,,-0.311353992
cg05853130,-0.280151977,0.511631131,-10.75492059,1.24e-24,3.5299999999999995e-23,44.64558447,0.766589585,0.486437608,-0.280151977,2,138019701,F,II,THSD7B,Body,opensea,Body-opensea,,,True,,,,-0.311233687
cg01899600,-0.273751361,0.632424272,-9.738484691,8.52e-21,1.55e-19,35.88794612,0.881557705,0.607806344,-0.273751361,11,5758164,R,II,OR56B1,1stExon,opensea,1stExon-opensea,,,,,rs76467925,,-0.311023481
cg10292430,-0.271300909,0.489308033,-11.48596933,1.5200000000000002e-27,6.47e-26,51.29415807,0.736211379,0.464910469,-0.271300909,10,121297031,F,II,RGS10,TSS1500,opensea,TSS1500-opensea,,,True,,,,-0.310807047
cg18187729,-0.27733555,0.50301915,-10.44222413,2e-23,4.89e-22,41.88876638,0.755414453,0.478078903,-0.27733555,8,133117493,F,II,HHLA1,1stExon,opensea,1stExon-opensea,,,,,,,-0.310587511
cg20985269,-0.27127052,0.516027053,-12.4826246,1.0800000000000001e-31,8.7e-30,60.78190127,0.762902742,0.491632222,-0.27127052,1,158576809,R,II,OR10Z1,1stExon,opensea,1stExon-opensea,,,,,,,-0.310371324
cg19002907,-0.260440351,0.470363949,-11.6937657,2.16e-28,1.04e-26,53.23351156,0.707383406,0.446943054,-0.260440351,10,115939579,F,II,TDRD1,5'UTR,shore,5'UTR-shore,chr10:115938962-115939292,,True,,,,-0.310107526
cg08238568,-0.275130531,0.534254022,-10.56150569,6.949999999999999e-24,1.8000000000000001e-22,42.93401599,0.784642599,0.509512068,-0.275130531,1,241474238,R,II,RGS7,Body,opensea,Body-opensea,,,True,,,,-0.309898332
cg07103673,-0.27781409,0.526422332,-10.4538251,1.8e-23,4.44e-22,41.99007551,0.779253141,0.501439051,-0.27781409,11,7092719,R,II,NLRP14,3'UTR,opensea,3'UTR-opensea,,,,,,,-0.309794501
cg27158462,-0.289837021,0.620805077,-9.621640774,2.27e-20,3.93e-19,34.92001519,0.884577618,0.594740597,-0.289837021,15,26873818,R,II,GABRB3,Body,shore,Body-shore,chr15:26874097-26874528,,,,,,-0.309742059
cg16354520,-0.273725662,0.558191171,-10.03046685,7.15e-22,1.46e-20,38.34258466,0.807301216,0.533575554,-0.273725662,1,152671707,F,II,LCE2A,3'UTR,opensea,3'UTR-opensea,,,,,,,-0.309213673
cg11164441,-0.285277383,0.625659249,-10.63626913,3.58e-24,9.629999999999999e-23,43.59318173,0.885282191,0.600004808,-0.285277383,4,656100,R,II,PDE6B,Body,shore,Body-shore,chr4:656993-658162,,,,,,-0.309019411
cg13557752,-0.276124475,0.524025433,-11.83873969,5.46e-29,2.8700000000000003e-27,54.59897391,0.77531857,0.499194095,-0.276124475,10,125448352,F,II,GPR26,3'UTR,opensea,3'UTR-opensea,,,,,,,-0.3088162
cg08174890,-0.276754007,0.612756174,-11.40476949,3.25e-27,1.32e-25,50.54212812,0.864622232,0.587868224,-0.276754007,4,9558077,F,II,MIR548I2,TSS200,opensea,TSS200-opensea,,,,,rs73085434,,-0.308261101
cg20951266,-0.269385549,0.551255381,-10.56111468,6.98e-24,1.81e-22,42.93057671,0.796415611,0.527030062,-0.269385549,1,152856288,R,II,SMCP,5'UTR,opensea,5'UTR-opensea,,,,,,,-0.308167851
cg18484189,-0.276057451,0.569909285,-12.62568294,2.65e-32,2.3599999999999998e-30,62.18083068,0.821141425,0.545083974,-0.276057451,11,7984973,R,II,NLRP10,1stExon,opensea,1stExon-opensea,,,,,,,-0.307703203
cg01642901,-0.269411191,0.588782939,-8.293887044,8.33e-16,9.05e-15,24.53162329,0.833966505,0.564555314,-0.269411191,4,170190012,F,II,SH3RF1,Body,shore,Body-shore,chr4:170191357-170192844,,,,,,-0.307603272
cg01876288,-0.272287543,0.51772319,-11.33353446,6.300000000000001e-27,2.45e-25,49.88511225,0.765524443,0.4932369,-0.272287543,7,158800934,R,II,LOC154822,TSS200,shore,TSS200-shore,chr7:158798591-158799434,,,,,,-0.307431274
cg09857273,-0.276854831,0.584478152,-10.65203235,3.11e-24,8.429999999999999e-23,43.73255377,0.836435965,0.559581134,-0.276854831,8,95230984,R,II,CDH17,TSS1500,opensea,TSS1500-opensea,,,,,,,-0.307161468
cg20944283,-0.275702689,0.504132268,-11.90879028,2.8e-29,1.5300000000000001e-27,55.2623537,0.75504155,0.479338861,-0.275702689,1,159172620,F,II,CADM3,3'UTR,opensea,3'UTR-opensea,,,,,,,-0.306464239
cg13748640,-0.263696458,0.585490147,-10.19461945,1.74e-22,3.8100000000000004e-21,39.74464023,0.825472895,0.561776437,-0.263696458,9,102858493,R,II,ERP44,Body,shelf,Body-shelf,chr9:102860775-102861677,,,,,,-0.306403158
cg13747275,-0.270239984,0.565815966,-10.70319763,1.97e-24,5.48e-23,44.18587358,0.811753794,0.541513809,-0.270239984,19,1992952,F,I,BTBD2,Body,shore,Body-shore,chr19:1993000-1993273,True,,,,,-0.306401273
cg08089153,-0.272882854,0.457410049,-12.89682485,1.8e-33,1.9600000000000001e-31,64.85624488,0.705753078,0.432870224,-0.272882854,11,1956292,F,II,TNNT3,Body,shelf,Body-shelf,chr11:1958934-1959247,,,,rs491040,,-0.306389028
cg17514199,-0.272346466,0.496743852,-10.13189252,2.99e-22,6.4e-21,39.20703051,0.744598729,0.472252263,-0.272346466,1,238051451,R,II,LOC100130331,Body,opensea,Body-opensea,,,,,,,-0.306328688
cg15952487,-0.26128007,0.478361924,-10.62489849,3.96e-24,1.06e-22,43.4927319,0.716145586,0.454865515,-0.26128007,1,158300733,R,II,CD1B,Body,opensea,Body-opensea,,,,,,,-0.3061836
cg07018580,-0.266683597,0.572967175,-9.157260077,1.02e-18,1.48e-17,31.15663758,0.815668434,0.548984837,-0.266683597,11,59480501,F,II,OR10V1,1stExon,opensea,1stExon-opensea,,,,,,,-0.305904152
cg10908188,-0.275993515,0.543144397,-11.01195312,1.21e-25,3.94e-24,46.95140727,0.794318352,0.518324837,-0.275993515,3,56717798,R,II,C3orf63,TSS1500,shore,TSS1500-shore,chr3:56716492-56717658,,,,,,-0.30561714
cg11823729,-0.285859897,0.58642697,-11.21490161,1.89e-26,6.86e-25,48.79665066,0.846580041,0.560720145,-0.285859897,6,55190909,R,II,GFRAL,TSS1500,opensea,TSS1500-opensea,,,,,,,-0.305575876
cg20134541,-0.271246063,0.492543966,-12.34308876,4.24e-31,3.1e-29,59.42605184,0.739397397,0.468151334,-0.271246063,11,67210130,R,I,CORO1B,5'UTR,opensea,5'UTR-opensea,,,,,,,-0.30530287
cg07570113,-0.268605138,0.528213849,-9.870956272,2.79e-21,5.35e-20,36.99531455,0.772663849,0.504058711,-0.268605138,16,59790180,R,II,LOC644649,TSS1500,shore,TSS1500-shore,chr16:59788792-59789072,,,,,,-0.305301819
cg23564432,-0.264515658,0.562907411,-9.261661768,4.38e-19,6.62e-18,31.99090062,0.80363569,0.539120032,-0.264515658,8,3253958,R,II,CSMD1,Body,opensea,Body-opensea,,,,,,,-0.304724142
cg18552413,-0.271369015,0.403182201,-12.07840142,5.51e-30,3.37e-28,56.87812303,0.650147527,0.378778512,-0.271369015,1,159174610,R,II,DARC,TSS1500,opensea,TSS1500-opensea,,,,,,rs72547266,-0.304713367
cg07739841,-0.27397061,0.574461526,-9.993909173,9.78e-22,1.97e-20,38.03248127,0.823794491,0.549823881,-0.27397061,6,159657657,R,II,FNDC1,Body,shelf,Body-shelf,chr6:159653233-159655397,,,,,,-0.304560684
cg20335735,-0.260801471,0.541616809,-12.48783206,1.03e-31,8.299999999999999e-30,60.8326675,0.778964911,0.518163439,-0.260801471,6,150068006,R,II,NUP43,TSS1500,shore,TSS1500-shore,chr6:150067323-150067766,,,,,,-0.304438485
cg25690922,-0.270404651,0.577545029,-10.33124121,5.29e-23,1.2300000000000002e-21,40.92340338,0.823632715,0.553228064,-0.270404651,2,25038389,R,II,CENPO,Body,opensea,Body-opensea,,,True,,,,-0.304190544
cg22154859,-0.272785822,0.595085582,-10.90111264,3.31e-25,1.0199999999999999e-23,45.95274147,0.843340305,0.570554483,-0.272785822,20,52823177,R,II,PFDN4,TSS1500,shore,TSS1500-shore,chr20:52824330-52825048,,,,,,-0.303667488
cg16993682,-0.26759864,0.41441167,-10.24756856,1.1e-22,2.4600000000000003e-21,40.20021347,0.657945684,0.390347044,-0.26759864,1,158259268,F,II,CD1C,TSS1500,opensea,TSS1500-opensea,,,,,,,-0.303187476
cg00939432,-0.26640802,0.522174898,-10.23187501,1.26e-22,2.8000000000000004e-21,40.06501854,0.764625362,0.498217342,-0.26640802,22,29977677,F,II,NIPSNAP1,TSS1500,shore,TSS1500-shore,chr22:29976920-29977216,,,,rs6006197,,-0.303180277
cg02147240,-0.261599719,0.587043794,-10.56598012,6.68e-24,1.74e-22,42.97337882,0.825118358,0.563518639,-0.261599719,14,73011054,F,II,RGS6,Body,opensea,Body-opensea,,,True,,,,-0.302821978
cg10318039,-0.264831139,0.571175827,-10.93167095,2.51e-25,7.84e-24,46.22741991,0.812191216,0.547360077,-0.264831139,7,84671308,F,II,SEMA3D,Body,opensea,Body-opensea,,,,,,,-0.302553355
cg10623221,-0.280460103,0.619355331,-10.69063458,2.2e-24,6.09e-23,44.07443363,0.874594201,0.594134098,-0.280460103,3,173119212,F,II,NLGN1,5'UTR,shelf,5'UTR-shelf,chr3:173115404-173115775,,,,,,-0.3025074
cg04923532,-0.269234944,0.594539795,-10.6151607,4.3199999999999995e-24,1.15e-22,43.40676329,0.839562964,0.57032802,-0.269234944,16,4478627,F,II,DNAJA3,Body,shelf,Body-shelf,chr16:4475429-4476330,,,,,,-0.302411677
cg25244356,-0.269622366,0.49670563,-12.02052504,9.61e-30,5.65e-28,56.32526669,0.742081381,0.472459015,-0.269622366,7,90042240,R,II,CLDN12,Body,opensea,Body-opensea,,,,,,,-0.302116039
cg07804289,-0.259797687,0.588644082,-9.313735366,2.87e-19,4.43e-18,32.40960311,0.825078668,0.56528098,-0.259797687,1,153114690,R,II,SPRR2C,TSS1500,opensea,TSS1500-opensea,,,,,,,-0.302020811
cg00243661,-0.27740016,0.630820162,-9.368159805,1.84e-19,2.9e-18,32.84903591,0.883274265,0.605874104,-0.27740016,11,6913644,F,II,OR2D2,1stExon,opensea,1stExon-opensea,,,,,,,-0.301973235
cg23724738,-0.260399323,0.571574667,-9.807784263,4.76e-21,8.9e-20,36.46592713,0.808556785,0.548157462,-0.260399323,1,152538380,R,II,LCE3E,3'UTR,opensea,3'UTR-opensea,,,,,,,-0.301863185
cg08465307,-0.266570328,0.382623992,-10.62869894,3.83e-24,1.0300000000000001e-22,43.52629767,0.625222168,0.35865184,-0.266570328,1,3827081,R,I,LOC100133612,Body,shelf,Body-shelf,chr1:3824219-3824456,,,,,,-0.301756153
cg24926465,-0.276666402,0.576211724,-10.72361366,1.64e-24,4.6099999999999997e-23,44.36715646,0.827998054,0.551331652,-0.276666402,3,156007787,R,II,KCNAB1,TSS1500,shore,TSS1500-shore,chr3:156008991-156009320,,,,,,-0.30152249
cg08273233,-0.277494268,0.53053936,-11.28524698,9.850000000000001e-27,3.72e-25,49.44120654,0.783079108,0.505584839,-0.277494268,6,87724979,R,II,HTR1E,5'UTR,opensea,5'UTR-opensea,,,,,,,-0.301105144
cg24846807,-0.258213958,0.604966582,-10.00492085,8.9e-22,1.8e-20,38.12580602,0.839959861,0.581745903,-0.258213958,1,75043066,R,II,C1orf173,Body,opensea,Body-opensea,,,,,,,-0.300640134
cg07073096,-0.269059185,0.522589884,-12.0556061,6.86e-30,4.13e-28,56.66018849,0.767453099,0.498393914,-0.269059185,7,2870441,R,II,GNA12,Body,opensea,Body-opensea,,,True,,,,-0.300553144
cg02854396,-0.282191721,0.564162691,-11.16598608,2.96e-26,1.05e-24,48.34994764,0.820977458,0.538785737,-0.282191721,12,72696687,F,II,TRHDE,Body,opensea,Body-opensea,,,True,,,,-0.300332433
cg17315844,-0.267498838,0.641927381,-9.277807201,3.84e-19,5.84e-18,32.12053593,0.885370568,0.61787173,-0.267498838,5,10249113,R,II,FAM173B,Body,shore,Body-shore,chr5:10249760-10251000,,,,,,-0.300152102
cg12008047,-0.269662513,0.382546507,-12.4083485,2.24e-31,1.7100000000000001e-29,60.05909958,0.627958794,0.358296282,-0.269662513,19,18497143,F,I,GDF15,1stExon,island,1stExon-island,chr19:18497063-18497269,True,True,,rs16982331,,-0.300094001
cg09261791,-0.267110915,0.426342748,-11.21098518,1.9600000000000002e-26,7.1e-25,48.7608399,0.669432897,0.402321982,-0.267110915,14,52347968,R,II,GNG2,5'UTR,opensea,5'UTR-opensea,,,,,,,-0.299934534
cg13316148,-0.262623554,0.640195438,-10.67702887,2.49e-24,6.83e-23,43.95384189,0.879201766,0.616578212,-0.262623554,2,191916269,F,II,STAT4,Body,opensea,Body-opensea,,,True,,,,-0.299687816
cg00175153,-0.26779356,0.501574982,-13.1392937,1.58e-34,2.07e-32,67.27455331,0.745286387,0.477492828,-0.26779356,16,2012763,R,II,SNORA10,TSS1500,shore,TSS1500-shore,chr16:2014164-2015451,,,,,,-0.299599834
cg04052038,-0.284719116,0.510285315,-10.17369235,2.08e-22,4.53e-21,39.56502885,0.769400194,0.484681078,-0.284719116,21,31588123,F,II,CLDN8,1stExon,opensea,1stExon-opensea,,,,,rs1557294,,-0.299151983
cg15021031,-0.265228828,0.554901639,-10.40056666,2.8799999999999995e-23,6.93e-22,41.5256025,0.796278954,0.531050126,-0.265228828,5,146333034,F,II,PPP2R2B,5'UTR,opensea,5'UTR-opensea,,,True,,,,-0.29909213
cg06118116,-0.262934063,0.568513141,-12.05846773,6.67e-30,4.03e-28,56.68753396,0.807802054,0.544867991,-0.262934063,2,228336171,F,II,AGFG1,TSS1500,shore,TSS1500-shore,chr2:228336752-228337875,,,,,,-0.298914784
cg08450807,-0.259901253,0.670892242,-9.586823356,3.03e-20,5.19e-19,34.63319979,0.90742108,0.647519827,-0.259901253,13,103702677,R,II,SLC10A2,Body,opensea,Body-opensea,,,,,,,-0.298909663
cg05936516,-0.25840026,0.417424199,-11.47700398,1.6600000000000003e-27,7.000000000000001e-26,51.21096418,0.652587026,0.394186766,-0.25840026,5,114507066,R,II,TRIM36,Body,shore,Body-shore,chr5:114504910-114506598,,,,,,-0.298610912
cg15000071,-0.267052646,0.401283325,-13.21271909,7.52e-35,1.03e-32,68.0115542,0.644320445,0.3772678,-0.267052646,3,134889493,F,II,EPHB1,Body,opensea,Body-opensea,,,True,,,,-0.298259325
cg04554195,-0.274582403,0.367354728,-12.56348378,4.8900000000000005e-32,4.16e-30,61.57151117,0.617244468,0.342662066,-0.274582403,19,52268814,R,II,FPR2,5'UTR,opensea,5'UTR-opensea,,,,,,,-0.298219563
cg18099058,-0.258804817,0.564174425,-10.63010547,3.7799999999999996e-24,1.01e-22,43.53872231,0.799705427,0.54090061,-0.258804817,11,55737045,R,II,OR10AG1,TSS1500,opensea,TSS1500-opensea,,,,,,,-0.298177513
cg10076902,-0.261837732,0.445556551,-12.74987548,7.75e-33,7.54e-31,63.40241314,0.683847725,0.422009992,-0.261837732,11,1858135,F,II,SYT8,Body,opensea,Body-opensea,,,,,,,-0.298095869
cg20018806,-0.261594198,0.577873321,-9.927260954,1.73e-21,3.39e-20,37.46915952,0.815942861,0.554348663,-0.261594198,11,59633874,R,II,TCN1,1stExon,opensea,1stExon-opensea,,,,,,,-0.29754931
cg00350503,-0.271665231,0.631193022,-9.447542926,9.58e-20,1.56e-18,33.49331967,0.878427926,0.606762695,-0.271665231,19,13613614,F,II,CACNA1A,Body,shelf,Body-shelf,chr19:13616752-13617267,,,,rs2900966,,-0.297518029
cg15761405,-0.262699404,0.63379112,-9.933269582,1.6400000000000002e-21,3.22e-20,37.5198377,0.872866477,0.610167073,-0.262699404,1,157746405,F,II,FCRL2,Body,opensea,Body-opensea,,,,,rs57560418,,-0.297357575
cg07048608,-0.25823006,0.629108228,-8.985763639,4.01e-18,5.49e-17,29.801414,0.86411616,0.6058861,-0.25823006,1,158581040,F,II,SPTA1,3'UTR,opensea,3'UTR-opensea,,,,,,,-0.297069901
cg24119500,-0.264588909,0.580769124,-10.45999847,1.7099999999999998e-23,4.22e-22,42.04401721,0.821564066,0.556975157,-0.264588909,6,69420780,R,II,BAI3,Body,opensea,Body-opensea,,,True,,,,-0.296825137
cg06083483,-0.276573215,0.416606965,-11.80292787,7.680000000000001e-29,3.95e-27,54.26073665,0.668308488,0.391735273,-0.276573215,17,32646006,R,II,CCL8,TSS200,opensea,TSS200-opensea,,,,,,,-0.296725815
cg26808583,-0.269624539,0.478859402,-10.95205268,2.09e-25,6.589999999999999e-24,46.41090019,0.72423713,0.454612591,-0.269624539,1,153346525,F,II,S100A12,Body,opensea,Body-opensea,,,,,,rs2233864,-0.296514076
cg23397909,-0.261300797,0.639385951,-10.65249289,3.0999999999999997e-24,8.399999999999999e-23,43.73662766,0.877188475,0.615887678,-0.261300797,7,921092,R,II,C7orf20,Body,shelf,Body-shelf,chr7:917632-917859,,,,,,-0.296458958
cg01792749,-0.2626612,0.53674538,-10.12494222,3.17e-22,6.7700000000000004e-21,39.14760219,0.775785968,0.513124768,-0.2626612,3,38835179,R,II,SCN10A,Body,opensea,Body-opensea,,,,,,,-0.296240522
cg27291231,-0.27376779,0.508915503,-12.83203386,3.43e-33,3.54e-31,64.21412765,0.758063888,0.484296098,-0.27376779,9,140081916,F,II,ANAPC2,Body,shore,Body-shore,chr9:140082465-140083853,,,,,,-0.295956562
cg21307628,-0.262,0.554986386,-11.53244148,9.859999999999999e-28,4.3100000000000004e-26,51.72603575,0.793425235,0.531425235,-0.262,3,112360952,F,II,CCDC80,TSS1500,opensea,TSS1500-opensea,,,,,,,-0.295638277
cg16358044,-0.267860678,0.657580006,-9.344743144,2.23e-19,3.48e-18,32.65973714,0.901352493,0.633491815,-0.267860678,4,164245970,R,II,NPY1R,3'UTR,opensea,3'UTR-opensea,,,,,,,-0.295622125
cg24341059,-0.270506874,0.538639454,-10.45259759,1.8199999999999997e-23,4.4800000000000005e-22,41.97935236,0.784820171,0.514313297,-0.270506874,8,121604940,F,II,SNTB1,Body,opensea,Body-opensea,,,True,,rs4475531,,-0.294892547
cg00182421,-0.262566047,0.676554239,-9.93456543,1.6200000000000002e-21,3.19e-20,37.53076999,0.915508231,0.652942184,-0.262566047,3,170586396,R,II,RPL22L1,Body,shore,Body-shore,chr3:170587936-170588270,,,,,,-0.29475455
cg15685941,-0.264322842,0.543268473,-11.39584124,3.53e-27,1.4199999999999999e-25,50.45964086,0.783821276,0.519498434,-0.264322842,3,52723104,F,II,GNL3,Body,shelf,Body-shelf,chr3:52719934-52720335,,,,,,-0.294723506
cg03011928,-0.27254664,0.515686029,-10.21026228,1.52e-22,3.3500000000000002e-21,39.87906309,0.763723079,0.491176439,-0.27254664,16,83023240,F,II,CDH13,Body,opensea,Body-opensea,,,True,,,,-0.294610074
cg25375916,-0.26030245,0.508379422,-11.7979914,8.05e-29,4.1200000000000004e-27,54.21416038,0.745273378,0.484970928,-0.26030245,3,155570275,R,II,SLC33A1,Body,shelf,Body-shelf,chr3:155572358-155572604,,True,,,,-0.294205685
cg08331163,-0.260614642,0.575793142,-10.86398387,4.64e-25,1.4e-23,45.61967302,0.812971216,0.552356574,-0.260614642,11,59271519,R,II,OR4D11,1stExon,opensea,1stExon-opensea,,,,,,,-0.293190049
cg09795081,-0.260660311,0.478826105,-11.62119924,4.28e-28,1.9700000000000002e-26,52.55384643,0.716045741,0.45538543,-0.260660311,6,34392105,R,II,RPS10,Body,shore,Body-shore,chr6:34393325-34394014,,,,,,-0.293145434
cg26904169,-0.26498623,0.474849012,-11.05304229,8.32e-26,2.78e-24,47.32326448,0.716005545,0.451019315,-0.26498623,7,89839865,R,II,STEAP2,TSS1500,shore,TSS1500-shore,chr7:89840813-89841491,,,,,,-0.293052722
cg10176692,-0.267168503,0.463360181,-11.42194336,2.7700000000000003e-27,1.13e-25,50.70090844,0.706502739,0.439334236,-0.267168503,11,48238296,F,II,OR4B1,TSS200,opensea,TSS200-opensea,,,,,,rs1566737,-0.292601875
cg10919344,-0.263277224,0.494742177,-10.77425952,1.04e-24,2.9999999999999994e-23,44.81784057,0.734343392,0.471066168,-0.263277224,11,59210634,F,II,OR5A1,TSS200,opensea,TSS200-opensea,,,,,,,-0.292261582
cg00423453,-0.258807988,0.597791925,-9.536002074,4.62e-20,7.76e-19,34.21588618,0.833325813,0.574517825,-0.258807988,11,5372944,R,II,OR51B6,1stExon,opensea,1stExon-opensea,,,,,,,-0.292239828
cg00090787,-0.273240044,0.456662704,-13.03200405,4.6399999999999995e-34,5.610000000000001e-32,66.20152945,0.705330801,0.432090758,-0.273240044,15,66795345,R,II,RPL4,Body,opensea,Body-opensea,,,,,,,-0.292195894
cg10243004,-0.274826507,0.442297067,-10.69669711,2.09e-24,5.79e-23,44.1282003,0.69240896,0.417582453,-0.274826507,2,128616167,R,I,POLR2D,TSS1500,shore,TSS1500-shore,chr2:128615479-128616004,,,,,,-0.292160647
cg26457700,-0.258842137,0.512187553,-10.7575718,1.2099999999999999e-24,3.45e-23,44.66918741,0.74775252,0.488910383,-0.258842137,17,80289541,F,II,SECTM1,5'UTR,shore,5'UTR-shore,chr17:80291020-80292394,,True,,,,-0.29210721
cg12271759,-0.265329081,0.655761148,-10.07705188,4.79e-22,1e-20,38.73888125,0.8972297,0.631900619,-0.265329081,2,40468548,R,II,SLC8A1,Body,opensea,Body-opensea,,,True,,,,-0.291903649
cg09473613,-0.259127996,0.5829533,-9.8546329,3.2e-21,6.1e-20,36.85829448,0.818778418,0.559650422,-0.259127996,1,24152604,R,II,HMGCL,TSS1500,opensea,TSS1500-opensea,,,,,,,-0.291891972
cg13477812,-0.260129163,0.662130705,-9.770219209,6.53e-21,1.2e-19,36.15226322,0.898866958,0.638737795,-0.260129163,4,186435506,F,II,PDLIM3,Body,opensea,Body-opensea,,,,,,,-0.291524947
cg05323709,-0.258223894,0.55526393,-10.72327668,1.64e-24,4.6199999999999997e-23,44.3641624,0.79026625,0.532042356,-0.258223894,19,45753380,R,II,MARK4,TSS1500,shore,TSS1500-shore,chr19:45754630-45755261,,,,,,-0.291102695
cg20268857,-0.258677806,0.624496383,-9.377512622,1.7e-19,2.69e-18,32.92473969,0.859911796,0.60123399,-0.258677806,1,158687431,R,II,OR6K3,1stExon,opensea,1stExon-opensea,,,,,,,-0.291005376
cg20312687,-0.262532354,0.62625705,-9.242643969,5.1e-19,7.66e-18,31.83841448,0.865180379,0.602648025,-0.262532354,20,29956585,F,II,DEFB118,Body,opensea,Body-opensea,,,,,,,-0.29095427
cg01164202,-0.277703342,0.606316726,-10.50301664,1.1699999999999998e-23,2.94e-22,42.42049281,0.859046745,0.581343404,-0.277703342,8,71579983,R,II,LACTB2,Body,shore,Body-shore,chr8:71581050-71581650,,,,,,-0.290531053
cg20012537,-0.266688119,0.455975975,-13.34065653,2.06e-35,3.15e-33,69.30080392,0.69868135,0.431993231,-0.266688119,10,134928794,F,II,GPR123,Body,shore,Body-shore,chr10:134925815-134926878,,,,,,-0.289551035
cg00009553,-0.260553732,0.644128232,-9.556885768,3.88e-20,6.58e-19,34.38717798,0.881250873,0.620697141,-0.260553732,16,61854084,F,II,CDH8,Body,opensea,Body-opensea,,,,,rs7191782,,-0.289047453
cg26231761,-0.269186475,0.651721954,-10.12298395,3.23e-22,6.88e-21,39.13086312,0.896701013,0.627514538,-0.269186475,1,4744796,R,II,AJAP1,Body,opensea,Body-opensea,,,True,,,,-0.288867604
cg08874384,-0.268532836,0.504493614,-13.03634755,4.44e-34,5.37e-32,66.24487919,0.748877813,0.480344978,-0.268532836,19,17725883,F,II,UNC13A,Body,shelf,Body-shelf,chr19:17728443-17728647,,,,rs79768453,,-0.28875393
cg15126733,-0.276108687,0.583339755,-11.83942565,5.430000000000001e-29,2.8500000000000002e-27,54.60545865,0.834618524,0.558509837,-0.276108687,11,562188,F,II,RASSF7,Body,shore,Body-shore,chr11:560382-561397,,,,rs2242183,,-0.287365533
cg20085588,-0.258043551,0.539669455,-11.06771697,7.28e-26,2.45e-24,47.45628486,0.774507651,0.5164641,-0.258043551,10,81316188,F,II,SFTPA2,3'UTR,opensea,3'UTR-opensea,,,,,rs1136483,rs1059115,-0.287160208
cg15211996,-0.27284819,0.544702916,-11.22224115,1.7600000000000002e-26,6.44e-25,48.86378251,0.793014398,0.520166208,-0.27284819,1,2936768,R,II,ACTRT2,TSS1500,shore,TSS1500-shore,chr1:2938633-2939043,,,,,,-0.286603204
cg06614284,-0.261094192,0.464294054,-11.2841207,9.95e-27,3.76e-25,49.43086683,0.701908552,0.44081436,-0.261094192,20,30689432,F,II,HCK,3'UTR,opensea,3'UTR-opensea,,,,,,,-0.286535891
cg16011217,-0.266708872,0.65844146,-10.96796518,1.81e-25,5.7499999999999995e-24,46.55430053,0.901165721,0.634456849,-0.266708872,1,152777382,R,II,LCE1C,3'UTR,opensea,3'UTR-opensea,,,,,,,-0.286393559
cg21263710,-0.272665872,0.535439701,-11.49743137,1.3700000000000001e-27,5.850000000000001e-26,51.40057823,0.783585261,0.510919389,-0.272665872,18,49865488,F,II,DCC,TSS1500,shelf,TSS1500-shelf,chr18:49868377-49868759,,,,,,-0.285275358
cg21748244,-0.260515186,0.621093526,-10.00842186,8.63e-22,1.75e-20,38.15549229,0.858181088,0.597665901,-0.260515186,5,169713179,F,II,LCP2,Body,opensea,Body-opensea,,,True,,,,-0.284347938
cg05331214,-0.258277379,0.600117485,-8.491315131,1.88e-16,2.17e-15,26.00240158,0.83516848,0.576891102,-0.258277379,2,167343774,F,II,SCN7A,TSS1500,opensea,TSS1500-opensea,,,,,rs75836177,,-0.283801212
cg05361290,-0.259053755,0.661983552,-10.04208849,6.47e-22,1.33e-20,38.44133046,0.897741105,0.638687351,-0.259053755,17,13435461,F,II,HS3ST3A1,Body,opensea,Body-opensea,,,True,,rs11078164,,-0.283104969
cg03225882,-0.267586471,0.602201348,-8.179953917,1.95e-15,2.04e-14,23.69512654,0.845724288,0.578137816,-0.267586471,11,121987054,F,II,LOC399959,Body,opensea,Body-opensea,,,,,rs17246395,,-0.282796047
cg01841050,-0.266070336,0.542717934,-9.371284472,1.79e-19,2.83e-18,32.87432156,0.784861081,0.518790746,-0.266070336,17,39539863,F,II,KRT34,TSS1500,opensea,TSS1500-opensea,,,,,,,-0.282017832
cg10962805,-0.269977034,0.567031167,-11.99691198,1.2000000000000001e-29,6.98e-28,56.1001531,0.812729691,0.542752656,-0.269977034,2,125672110,R,II,CNTNAP5,3'UTR,opensea,3'UTR-opensea,,,,,,,-0.281981787
cg21889448,-0.265417397,0.67626893,-9.453901121,9.09e-20,1.48e-18,33.54509373,0.917817856,0.652400459,-0.265417397,4,62637815,F,II,LPHN3,Body,opensea,Body-opensea,,,True,,,,-0.27931608
cg11287647,-0.264892612,0.615451752,-9.141770141,1.15e-18,1.67e-17,31.03345221,0.856523085,0.591630474,-0.264892612,7,12725352,F,II,ARL4A,TSS1500,shore,TSS1500-shore,chr7:12726156-12727248,,,,,,-0.279041698
cg02609775,-0.263700494,0.621469263,-10.99770362,1.38e-25,4.4499999999999995e-24,46.82265638,0.861455683,0.597755189,-0.263700494,16,430019,F,II,TMEM8A,Body,shore,Body-shore,chr16:431189-432810,,,,,,-0.277659949
cg27130665,-0.26258893,0.497956111,-11.25618603,1.2900000000000001e-26,4.8e-25,49.17462206,0.736930929,0.474341999,-0.26258893,11,40316514,F,II,LRRC4C,TSS1500,opensea,TSS1500-opensea,,,,,,,-0.277607407
cg18538751,-0.258176876,0.630807434,-10.67930818,2.4399999999999997e-24,6.7e-23,43.97403712,0.865766965,0.607590089,-0.258176876,2,233879149,R,II,NGEF,TSS1500,opensea,TSS1500-opensea,,,,,,,-0.277357824
cg26570233,-0.259408096,0.630193983,-9.583688828,3.11e-20,5.32e-19,34.60741497,0.866274013,0.606865916,-0.259408096,11,93475962,F,II,TAF1D,TSS1500,shore,TSS1500-shore,chr11:93474085-93475075,,,,rs61904920,,-0.273276878
cg24488391,-0.258209533,0.643886657,-10.05571501,5.76e-22,1.19e-20,38.55721192,0.878875908,0.620666375,-0.258209533,1,170113838,F,II,METTL11B,TSS1500,opensea,TSS1500-opensea,,,,,,,-0.273236143
