"","ADHFE1","AGFG1","AIM2","AKT1","ALDH1A3","APCS","ATG16L1","ATN1","BDH2","CADM3","CAPN2","CASP5","CASP8","CATSPER1","CCL1","CCL11","CCL7","CCL8","CD1C","CD1D","CD5L","CD84","CDH17","CEACAM4","CFLAR","COMT","COX6C","CYP2C9","DCC","DCD","DLC1","DLX2","E2F6","ENOSF1","ESR1","FABP1","FCRL3","FSD1","FUS","FXN","GDF5","GFM1","GPR37L1","GRIA1","HJURP","HMGCL","HOXD9","HTR2A","IFI16","IMMP2L","ITGBL1","KLK2","LCE4A","LRP1B","LUC7L3","MARCO","MARK4","MED25","MIR134","MIR379","MIR488","MIR758","MUC16","MYT1","MYT1L","NIPSNAP1","NUP43","OPN5","OR10A4","PAWR","PAX4","PDGFD","PFDN4","PHC3","PIWIL1","PMEPA1","POLR3A","PPP2CB","PRDM2","PRG2","PROKR2","PSMD8","RAB17","RBM45","RELB","RETNLB","RFX2","RGS10","SCN7A","SLC12A5","SLC35B4","SMAP1","SPRR1B","SPRR2A","SPRR3","STEAP2","TCN1","TIPIN","TM9SF4","TMPRSS2","TRIM68","TYR","UBE2V2","UBE4B","UNC13C","WARS2","YOD1","YTHDC1","ZBTB32"
"ADHFE1",1,0.122,0.101,0.121,0.254,0.116,0.158,0.124,0.372,0.122,0.152,0.156,0.147,0.112,0.048,0.092,0.094,0.12,0.108,0.109,0.137,0.13,0.099,0.061,0.123,0.17,0.147,0.416,0.13,0.117,0.114,0.101,0.098,0.163,0.093,0.164,0.087,0.093,0.109,0.159,0.111,0.115,0.107,0.086,0.126,0.141,0.092,0.102,0.111,0.211,0.081,0.137,0.13,0.13,0.111,0.141,0.111,0.096,0.052,0.052,0.053,0.053,0.147,0.116,0.095,0.147,0.147,0.063,0.087,0.111,0.079,0.071,0.12,0.133,0.118,0.122,0.141,0.14,0.094,0.13,0.124,0.147,0.117,0.122,0.105,0.329,0.105,0.12,0.036,0.05,0.1,0.071,0.21,0.139,0.185,0.292,0.161,0.122,0.147,0.151,0.121,0.169,0.147,0.114,0.093,0.151,0.177,0.104,0.092
"AGFG1",0.122,1,0.539,0.434,0.283,0.661,0.586,0.655,0.51,0.725,0.558,0.444,0.477,0.597,0.357,0.612,0.6,0.486,0.527,0.605,0.099,0.778,0.558,0.517,0.543,0.45,1,0.245,0.625,0.775,0.62,0.518,0.503,0.211,0.517,0.588,0.49,0.598,0.632,0.447,0.707,0.795,0.45,0.382,0.78,0.276,0.311,0.497,0.896,0.133,0.531,0.099,0.778,0.625,0.969,0.36,0.495,0.618,0.605,0.605,0.67,0.67,1,0.22,0.146,1,1,0.193,0.147,0.643,0.454,0.573,0.71,0.731,0.757,0.644,0.508,0.62,0.314,0.625,0.618,1,0.531,1,0.581,0.467,0.578,0.557,0.069,0.085,0.499,0.119,0.306,0.717,0.658,0.112,0.623,0.847,1,0.509,0.554,0.584,1,0.481,0.598,0.11,0.429,0.949,0.534
"AIM2",0.101,0.539,1,0.429,0.272,0.568,0.59,0.487,0.407,0.519,0.446,0.377,0.454,0.437,0.237,0.5,0.471,0.41,0.436,0.511,0.099,0.581,0.456,0.517,0.437,0.381,1,0.204,0.558,0.497,0.468,0.523,0.475,0.164,0.551,0.465,0.46,0.48,0.494,0.39,0.578,0.48,0.499,0.44,0.604,0.243,0.332,0.555,0.652,0.11,0.531,0.099,0.581,0.451,0.533,0.499,0.491,0.481,0.226,0.226,0.37,0.37,1,0.182,0.122,1,1,0.214,0.491,0.51,0.402,0.573,0.536,0.529,0.462,0.497,0.405,0.467,0.293,0.451,0.53,1,0.414,0.539,0.497,0.467,0.545,0.445,0.069,0.072,0.4,0.119,0.306,0.497,0.485,0.09,0.475,0.604,1,0.406,0.515,0.524,1,0.346,0.405,0.11,0.378,0.528,0.517
"AKT1",0.121,0.434,0.429,1,0.317,0.497,0.556,0.461,0.437,0.491,0.468,0.44,0.506,0.415,0.205,0.462,0.434,0.618,0.421,0.466,0.247,0.487,0.428,0.608,0.506,0.454,1,0.232,0.421,0.432,0.464,0.384,0.387,0.197,0.548,0.468,0.358,0.398,0.471,0.401,0.495,0.41,0.392,0.371,0.502,0.247,0.162,0.436,0.445,0.179,0.531,0.247,0.487,0.421,0.427,0.302,0.662,0.439,0.138,0.138,0.238,0.238,1,0.178,0.113,1,1,0.134,0.147,0.496,0.184,0.573,0.467,0.46,0.412,0.447,0.467,0.466,0.188,0.421,0.42,1,0.446,0.434,0.423,0.467,0.393,0.455,0.069,0.066,0.399,0.401,0.306,0.452,0.448,0.104,0.446,0.434,1,0.445,0.573,0.503,1,0.406,0.382,0.151,0.465,0.42,0.384
"ALDH1A3",0.254,0.283,0.272,0.317,1,0.359,0.359,0.293,0.349,0.491,0.288,0.247,0.309,0.26,0.126,0.327,0.267,0.25,0.253,0.298,0.11,0.397,0.263,0.245,0.258,0.258,0.576,0.372,0.27,0.259,0.276,0.207,0.21,0.16,0.265,0.295,0.214,0.331,0.279,0.268,0.371,0.241,0.218,0.192,0.402,0.17,0.111,0.269,0.285,0.171,0.303,0.11,0.397,0.27,0.263,0.2,0.251,0.275,0.084,0.084,0.116,0.116,0.576,0.123,0.089,0.576,0.576,0.083,0.077,0.297,0.115,0.284,0.322,0.324,0.242,0.293,0.25,0.293,0.115,0.27,0.267,0.576,0.246,0.283,0.25,0.296,0.213,0.265,0.034,0.048,0.23,0.065,0.187,0.306,0.314,0.216,0.29,0.283,0.576,0.26,0.403,0.481,0.576,0.21,0.237,0.122,0.267,0.249,0.2
"APCS",0.116,0.661,0.568,0.497,0.359,1,0.651,0.657,0.552,0.71,0.599,0.53,0.549,0.628,0.322,0.627,0.624,0.549,0.575,0.621,0.099,0.772,0.72,0.517,0.59,0.534,1,0.21,0.642,0.594,0.637,0.5,0.516,0.316,0.525,0.62,0.462,0.629,0.569,0.582,0.73,0.564,0.526,0.461,0.773,0.431,0.189,0.571,0.637,0.126,0.531,0.099,0.772,0.642,0.62,0.381,0.533,0.634,0.211,0.211,0.238,0.238,1,0.29,0.14,1,1,0.192,0.147,0.649,0.241,0.573,0.732,0.699,0.563,0.65,0.575,0.637,0.264,0.642,0.639,1,0.581,0.661,0.59,0.467,0.51,0.598,0.069,0.083,0.57,0.119,0.306,0.688,0.658,0.103,0.615,0.661,1,0.575,0.624,0.709,1,0.494,0.553,0.11,0.506,0.587,0.524
"ATG16L1",0.158,0.586,0.59,0.556,0.359,0.651,1,0.59,0.509,0.642,0.612,0.557,0.606,0.548,0.291,0.577,0.561,0.56,0.514,0.577,0.296,0.712,0.536,0.517,0.56,0.573,1,0.261,0.564,0.528,0.569,0.438,0.449,0.226,0.509,0.565,0.462,0.587,0.517,0.468,0.68,0.502,0.46,0.406,0.722,0.275,0.188,0.501,0.576,0.263,0.531,0.296,0.712,0.564,0.549,0.366,0.621,0.573,0.18,0.18,0.238,0.238,1,0.205,0.14,1,1,0.163,0.147,0.613,0.216,0.573,0.634,0.638,0.505,0.59,0.564,0.625,0.204,0.564,0.56,1,0.514,0.586,0.524,0.467,0.448,0.539,0.069,0.083,0.493,0.119,0.306,0.617,0.601,0.141,0.559,0.586,1,0.58,0.732,0.62,1,0.627,0.5,0.177,0.571,0.52,0.426
"ATN1",0.124,0.655,0.487,0.461,0.293,0.657,0.59,1,0.502,0.705,0.567,0.47,0.502,0.602,0.354,0.617,0.604,0.519,0.539,0.607,0.099,0.747,0.566,0.517,0.592,0.475,1,0.198,0.625,0.56,0.672,0.501,0.502,0.204,0.524,0.604,0.481,0.575,0.677,0.466,0.698,0.518,0.471,0.421,0.754,0.278,0.261,0.477,0.622,0.134,0.531,0.099,0.747,0.625,0.594,0.38,0.498,0.618,0.208,0.208,0.238,0.238,1,0.306,0.226,1,1,0.182,0.147,0.865,0.275,0.573,0.697,0.713,0.517,0.666,0.527,0.62,0.28,0.625,0.619,1,0.537,0.655,0.593,0.467,0.513,0.584,0.069,0.088,0.52,0.203,0.306,0.698,0.663,0.113,0.597,0.655,1,0.528,0.56,0.589,1,0.481,0.575,0.11,0.45,0.551,0.464
"BDH2",0.372,0.51,0.407,0.437,0.349,0.552,0.509,0.502,1,0.523,0.469,0.388,0.454,0.438,0.253,0.513,0.48,0.42,0.437,0.524,0.137,0.559,0.461,0.517,0.441,0.398,1,0.439,0.457,0.464,0.477,0.368,0.367,0.219,0.467,0.472,0.401,0.428,0.431,0.43,0.56,0.432,0.376,0.339,0.591,0.262,0.199,0.417,0.522,0.184,0.531,0.137,0.559,0.457,0.484,0.322,0.474,0.493,0.199,0.199,0.256,0.256,1,0.194,0.129,1,1,0.166,0.147,0.527,0.244,0.573,0.562,0.556,0.423,0.513,0.409,0.49,0.218,0.457,0.452,1,0.45,0.51,0.439,0.467,0.392,0.45,0.069,0.074,0.391,0.119,0.306,0.518,0.499,0.233,0.516,0.51,1,0.417,0.496,0.529,1,0.36,0.428,0.151,0.408,0.464,0.373
"CADM3",0.122,0.725,0.519,0.491,0.491,0.71,0.642,0.705,0.523,1,0.6,0.486,0.51,0.66,0.382,0.661,0.642,0.522,0.563,0.63,0.099,0.876,0.594,0.517,0.585,0.492,1,0.194,0.688,0.592,0.67,0.452,0.47,0.21,0.504,0.639,0.512,0.716,0.525,0.478,0.773,0.543,0.485,0.408,0.859,0.275,0.193,0.504,0.664,0.132,0.531,0.099,0.876,0.688,0.639,0.382,0.51,0.659,0.226,0.226,0.238,0.238,1,0.219,0.145,1,1,0.192,0.147,0.679,0.238,0.573,0.752,0.781,0.541,0.686,0.559,0.67,0.209,0.688,0.681,1,0.57,0.725,0.586,0.467,0.466,0.598,0.069,0.084,0.549,0.119,0.306,0.78,0.721,0.112,0.63,0.725,1,0.559,0.664,0.741,1,0.528,0.646,0.11,0.46,0.581,0.435
"CAPN2",0.152,0.558,0.446,0.468,0.288,0.599,0.612,0.567,0.469,0.6,1,0.896,0.825,0.515,0.287,0.559,0.538,0.515,0.488,0.563,0.497,0.635,0.512,0.517,0.723,0.449,1,0.246,0.533,0.5,0.543,0.407,0.415,0.218,0.48,0.535,0.434,0.521,0.458,0.433,0.618,0.492,0.427,0.377,0.657,0.264,0.182,0.44,0.554,0.558,0.531,0.497,0.635,0.533,0.52,0.351,0.542,0.55,0.176,0.176,0.238,0.238,1,0.2,0.132,1,1,0.156,0.147,0.598,0.209,0.573,0.62,0.622,0.5,0.57,0.472,0.664,0.199,0.533,0.529,1,0.505,0.558,0.496,0.467,0.418,0.534,0.069,0.076,0.456,0.119,0.306,0.595,0.572,0.134,0.528,0.558,1,0.715,0.575,0.537,1,0.462,0.488,0.141,0.647,0.492,0.397
"CASP5",0.156,0.444,0.377,0.44,0.247,0.53,0.557,0.47,0.388,0.486,0.896,1,0.869,0.4,0.237,0.491,0.452,0.455,0.412,0.506,0.54,0.521,0.436,0.517,0.766,0.367,1,0.247,0.419,0.414,0.445,0.338,0.339,0.205,0.456,0.444,0.387,0.4,0.395,0.366,0.532,0.411,0.351,0.32,0.559,0.251,0.175,0.378,0.468,0.668,0.531,0.54,0.521,0.419,0.422,0.313,0.466,0.465,0.15,0.15,0.238,0.238,1,0.186,0.122,1,1,0.132,0.147,0.502,0.188,0.573,0.534,0.524,0.422,0.485,0.374,0.564,0.189,0.419,0.414,1,0.411,0.444,0.41,0.467,0.35,0.453,0.069,0.069,0.358,0.119,0.306,0.48,0.466,0.136,0.437,0.444,1,0.679,0.528,0.461,1,0.386,0.4,0.141,0.612,0.406,0.335
"CASP8",0.147,0.477,0.454,0.506,0.309,0.549,0.606,0.502,0.454,0.51,0.825,0.869,1,0.455,0.221,0.498,0.477,0.505,0.451,0.507,0.625,0.551,0.465,0.517,0.763,0.445,1,0.261,0.465,0.455,0.475,0.403,0.408,0.204,0.481,0.482,0.372,0.443,0.461,0.426,0.553,0.471,0.415,0.383,0.569,0.239,0.165,0.45,0.486,0.529,0.531,0.625,0.551,0.465,0.463,0.324,0.501,0.484,0.137,0.137,0.238,0.238,1,0.172,0.116,1,1,0.13,0.147,0.513,0.181,0.573,0.524,0.518,0.479,0.496,0.444,0.584,0.18,0.465,0.462,1,0.476,0.477,0.453,0.467,0.41,0.495,0.069,0.067,0.429,0.119,0.306,0.495,0.497,0.127,0.479,0.477,1,0.693,0.582,0.523,1,0.434,0.392,0.177,0.709,0.451,0.397
"CATSPER1",0.112,0.597,0.437,0.415,0.26,0.628,0.548,0.602,0.438,0.66,0.515,0.4,0.455,1,0.33,0.579,0.557,0.448,0.49,0.579,0.099,0.713,0.54,0.517,0.5,0.407,1,0.182,0.56,0.661,0.568,0.388,0.397,0.187,0.48,0.542,0.469,0.549,0.453,0.414,0.664,0.457,0.412,0.471,0.728,0.262,0.184,0.431,0.578,0.122,0.531,0.099,0.713,0.56,0.536,0.346,0.463,0.574,0.2,0.2,0.238,0.238,1,0.205,0.132,1,1,0.167,0.147,0.606,0.217,0.573,0.666,0.679,0.456,0.6,0.456,0.568,0.2,0.56,0.553,1,0.467,0.597,0.501,0.467,0.402,0.513,0.925,0.225,0.486,0.119,0.306,0.652,0.599,0.103,0.533,0.597,1,0.456,0.528,0.547,1,0.431,0.549,0.11,0.396,0.496,0.378
"CCL1",0.048,0.357,0.237,0.205,0.126,0.322,0.291,0.354,0.253,0.382,0.287,0.237,0.221,0.33,1,0.791,0.888,0.659,0.268,0.289,0.036,0.41,0.293,0.159,0.287,0.239,0.473,0.081,0.344,0.288,0.329,0.212,0.222,0.079,0.211,0.32,0.198,0.283,0.259,0.215,0.496,0.258,0.233,0.186,0.396,0.114,0.078,0.231,0.312,0.06,0.363,0.036,0.41,0.344,0.306,0.322,0.221,0.317,0.077,0.077,0.076,0.076,0.473,0.091,0.065,0.473,0.473,0.076,0.057,0.317,0.094,0.325,0.353,0.379,0.255,0.319,0.274,0.32,0.081,0.344,0.339,0.473,0.28,0.357,0.272,0.246,0.218,0.294,0.021,0.032,0.271,0.092,0.156,0.389,0.364,0.041,0.313,0.357,0.473,0.277,0.259,0.285,0.473,0.242,0.283,0.039,0.214,0.272,0.197
"CCL11",0.092,0.612,0.5,0.462,0.327,0.627,0.577,0.617,0.513,0.661,0.559,0.491,0.498,0.579,0.791,1,0.916,0.778,0.539,0.593,0.099,0.669,0.559,0.517,0.553,0.495,1,0.178,0.593,0.554,0.596,0.468,0.48,0.172,0.5,0.576,0.428,0.506,0.513,0.485,0.763,0.525,0.49,0.433,0.683,0.236,0.165,0.491,0.597,0.103,0.531,0.099,0.669,0.593,0.576,0.461,0.507,0.595,0.163,0.163,0.238,0.238,1,0.174,0.113,1,1,0.149,0.147,0.616,0.2,0.573,0.65,0.655,0.524,0.611,0.532,0.594,0.182,0.593,0.589,1,0.538,0.612,0.551,0.467,0.477,0.56,0.069,0.065,0.526,0.141,0.306,0.639,0.609,0.081,0.571,0.612,1,0.532,0.566,0.588,1,0.447,0.506,0.11,0.473,0.548,0.455
"CCL7",0.094,0.6,0.471,0.434,0.267,0.624,0.561,0.604,0.48,0.642,0.538,0.452,0.477,0.557,0.888,0.916,1,0.79,0.516,0.584,0.099,0.678,0.54,0.517,0.527,0.457,1,0.174,0.576,0.532,0.579,0.432,0.443,0.169,0.489,0.556,0.435,0.51,0.481,0.453,0.726,0.495,0.456,0.398,0.693,0.24,0.17,0.463,0.585,0.104,0.531,0.099,0.678,0.576,0.556,0.453,0.485,0.582,0.166,0.166,0.238,0.238,1,0.178,0.114,1,1,0.147,0.147,0.606,0.2,0.573,0.651,0.658,0.493,0.602,0.499,0.579,0.184,0.576,0.571,1,0.507,0.6,0.527,0.467,0.443,0.536,0.069,0.064,0.493,0.119,0.306,0.637,0.597,0.084,0.55,0.6,1,0.499,0.541,0.56,1,0.432,0.51,0.11,0.438,0.523,0.42
"CCL8",0.12,0.486,0.41,0.618,0.25,0.549,0.56,0.519,0.42,0.522,0.515,0.455,0.505,0.448,0.659,0.778,0.79,1,0.444,0.523,0.247,0.552,0.466,0.517,0.594,0.445,1,0.207,0.464,0.45,0.56,0.374,0.379,0.177,0.483,0.474,0.387,0.419,0.447,0.4,0.622,0.421,0.39,0.352,0.581,0.239,0.168,0.408,0.498,0.207,0.531,0.247,0.552,0.464,0.462,0.383,0.602,0.495,0.147,0.147,0.238,0.238,1,0.174,0.114,1,1,0.132,0.147,0.538,0.186,0.573,0.556,0.551,0.424,0.513,0.476,0.526,0.181,0.464,0.46,1,0.423,0.486,0.446,0.467,0.385,0.528,0.069,0.066,0.406,0.437,0.306,0.517,0.497,0.107,0.468,0.486,1,0.475,0.548,0.49,1,0.412,0.419,0.145,0.475,0.443,0.368
"CD1C",0.108,0.527,0.436,0.421,0.253,0.575,0.514,0.539,0.437,0.563,0.488,0.412,0.451,0.49,0.268,0.539,0.516,0.444,1,0.899,0.099,0.593,0.495,0.517,0.478,0.416,1,0.196,0.506,0.626,0.518,0.401,0.408,0.2,0.49,0.524,0.408,0.456,0.448,0.42,0.587,0.449,0.487,0.41,0.618,0.258,0.18,0.432,0.53,0.118,0.531,0.099,0.593,0.506,0.498,0.376,0.46,0.527,0.196,0.196,0.238,0.238,1,0.197,0.13,1,1,0.248,0.147,0.554,0.226,0.573,0.641,0.587,0.448,0.545,0.448,0.518,0.2,0.506,0.502,1,0.459,0.527,0.479,0.467,0.411,0.487,0.069,0.077,0.442,0.119,0.306,0.743,0.524,0.097,0.492,0.527,1,0.448,0.506,0.513,1,0.389,0.456,0.11,0.406,0.475,0.392
"CD1D",0.109,0.605,0.511,0.466,0.298,0.621,0.577,0.607,0.524,0.63,0.563,0.506,0.507,0.579,0.289,0.593,0.584,0.523,0.899,1,0.099,0.652,0.586,0.517,0.555,0.509,1,0.205,0.591,0.666,0.591,0.484,0.495,0.208,0.518,0.596,0.427,0.501,0.516,0.498,0.637,0.534,0.557,0.481,0.703,0.26,0.179,0.503,0.595,0.118,0.655,0.099,0.652,0.591,0.577,0.403,0.515,0.592,0.195,0.195,0.238,0.238,1,0.198,0.132,1,1,0.23,0.147,0.608,0.231,0.573,0.678,0.68,0.533,0.606,0.541,0.591,0.203,0.591,0.588,1,0.546,0.605,0.556,0.467,0.492,0.562,0.069,0.078,0.536,0.119,0.306,0.756,0.604,0.096,0.573,0.605,1,0.541,0.559,0.576,1,0.454,0.501,0.11,0.488,0.553,0.471
"CD5L",0.137,0.099,0.099,0.247,0.11,0.099,0.296,0.099,0.137,0.099,0.497,0.54,0.625,0.099,0.036,0.099,0.099,0.247,0.099,0.099,1,0.099,0.099,0.038,0.47,0.137,0.099,0.24,0.099,0.099,0.099,0.099,0.099,0.137,0.099,0.141,0.073,0.073,0.099,0.11,0.099,0.147,0.099,0.099,0.099,0.141,0.099,0.099,0.099,0.717,0.057,1,0.099,0.099,0.099,0.141,0.207,0.099,0.037,0.037,0.034,0.034,0.099,0.099,0.073,0.099,0.099,0.048,0.056,0.099,0.073,0.045,0.099,0.099,0.175,0.099,0.1,0.275,0.099,0.099,0.099,0.099,0.147,0.099,0.099,0.213,0.099,0.147,0.024,0.041,0.099,0.048,0.141,0.099,0.141,0.11,0.141,0.099,0.099,1,0.236,0.103,0.099,0.155,0.073,0.099,0.432,0.099,0.099
"CD84",0.13,0.778,0.581,0.487,0.397,0.772,0.712,0.747,0.559,0.876,0.635,0.521,0.551,0.713,0.41,0.669,0.678,0.552,0.593,0.652,0.099,1,0.624,0.517,0.62,0.527,1,0.202,0.741,0.627,0.713,0.479,0.5,0.225,0.523,0.681,0.533,0.84,0.58,0.505,0.855,0.578,0.516,0.429,0.958,0.287,0.198,0.559,0.699,0.14,0.531,0.099,1,0.741,0.681,0.403,0.529,0.695,0.242,0.242,0.238,0.238,1,0.232,0.154,1,1,0.206,0.147,0.709,0.25,0.573,0.787,0.824,0.576,0.721,0.601,0.713,0.217,0.741,0.734,1,0.612,0.778,0.622,0.467,0.493,0.634,0.069,0.091,0.592,0.119,0.306,0.833,0.774,0.119,0.672,0.778,1,0.601,0.657,0.731,1,0.571,0.689,0.11,0.487,0.616,0.459
"CDH17",0.099,0.558,0.456,0.428,0.263,0.72,0.536,0.566,0.461,0.594,0.512,0.436,0.465,0.54,0.293,0.559,0.54,0.466,0.495,0.586,0.099,0.624,1,0.517,0.502,0.44,1,0.182,0.537,0.545,0.545,0.42,0.429,0.287,0.483,0.529,0.419,0.477,0.466,0.509,0.611,0.473,0.44,0.412,0.645,0.418,0.173,0.468,0.554,0.11,1,0.099,0.624,0.537,0.525,0.355,0.472,0.551,0.172,0.172,0.238,0.238,1,0.27,0.12,1,1,0.155,0.147,0.576,0.206,0.573,0.613,0.614,0.472,0.569,0.475,0.544,0.247,0.537,0.533,1,0.482,0.558,0.503,0.467,0.431,0.511,0.131,0.172,0.528,0.119,0.306,0.589,0.56,0.088,0.524,0.558,1,0.475,0.523,0.585,1,0.41,0.477,0.11,0.426,0.499,0.453
"CEACAM4",0.061,0.517,0.517,0.608,0.245,0.517,0.517,0.517,0.517,0.517,0.517,0.517,0.517,0.517,0.159,0.517,0.517,0.517,0.517,0.517,0.038,0.517,0.517,1,0.517,0.517,0.517,0.137,0.517,0.517,0.517,0.517,0.517,0.116,0.833,0.517,1,0.368,0.517,0.517,0.517,0.517,0.517,0.517,0.517,0.172,0.116,0.517,0.517,0.073,0.247,0.038,0.517,0.517,0.517,0.274,0.517,0.517,0.09,0.09,0.081,0.081,0.517,0.116,0.082,0.517,0.517,0.098,0.061,0.608,0.137,0.213,0.517,0.517,0.517,0.517,0.517,0.517,0.116,0.517,0.517,0.517,0.517,0.517,0.833,0.275,0.517,0.517,0.022,0.042,0.517,0.051,0.172,0.517,0.517,0.048,0.517,0.517,0.517,0.517,0.833,0.517,0.517,0.608,0.368,0.042,0.517,0.517,0.517
"CFLAR",0.123,0.543,0.437,0.506,0.258,0.59,0.56,0.592,0.441,0.585,0.723,0.766,0.763,0.5,0.287,0.553,0.527,0.594,0.478,0.555,0.47,0.62,0.502,0.517,1,0.418,1,0.201,0.518,0.489,0.677,0.398,0.405,0.187,0.513,0.524,0.454,0.475,0.496,0.419,0.609,0.458,0.417,0.37,0.644,0.261,0.184,0.432,0.542,0.394,0.531,0.47,0.62,0.518,0.507,0.346,0.479,0.539,0.172,0.172,0.238,0.238,1,0.198,0.133,1,1,0.153,0.147,0.617,0.207,0.573,0.609,0.609,0.465,0.559,0.45,0.572,0.198,0.518,0.514,1,0.465,0.543,0.485,0.467,0.409,0.629,0.069,0.077,0.444,0.663,0.306,0.58,0.56,0.108,0.518,0.543,1,0.601,0.535,0.522,1,0.471,0.475,0.11,0.53,0.481,0.389
"COMT",0.17,0.45,0.381,0.454,0.258,0.534,0.573,0.475,0.398,0.492,0.449,0.367,0.445,0.407,0.239,0.495,0.457,0.445,0.416,0.509,0.137,0.527,0.44,0.517,0.418,1,1,0.265,0.426,0.419,0.45,0.342,0.343,0.217,0.458,0.452,0.39,0.404,0.399,0.371,0.537,0.385,0.355,0.323,0.565,0.259,0.179,0.381,0.473,0.197,0.531,0.137,0.527,0.426,0.428,0.32,0.461,0.47,0.152,0.152,0.238,0.238,1,0.191,0.126,1,1,0.135,0.147,0.506,0.192,0.573,0.539,0.53,0.389,0.489,0.441,0.465,0.192,0.426,0.421,1,0.382,0.45,0.415,0.467,0.353,0.427,0.069,0.072,0.364,0.119,0.306,0.487,0.476,0.148,0.446,0.45,1,0.391,0.54,0.466,1,0.399,0.404,0.151,0.395,0.411,0.338
"COX6C",0.147,1,1,1,0.576,1,1,1,1,1,1,1,1,1,0.473,1,1,1,1,1,0.099,1,1,0.517,1,1,1,0.325,1,1,1,1,1,0.311,1,1,0.657,0.788,1,1,1,1,1,1,1,0.357,0.238,1,1,0.154,0.531,0.099,1,1,1,0.657,1,1,0.269,0.269,0.238,0.238,1,0.281,0.176,1,1,0.258,0.147,1,0.325,0.573,1,1,1,1,1,1,0.292,1,1,1,1,1,1,0.467,1,1,0.069,0.11,1,0.119,0.306,1,1,0.128,1,1,1,1,1,1,1,0.788,0.788,0.11,1,1,1
"CYP2C9",0.416,0.245,0.204,0.232,0.372,0.21,0.261,0.198,0.439,0.194,0.246,0.247,0.261,0.182,0.081,0.178,0.174,0.207,0.196,0.205,0.24,0.202,0.182,0.137,0.201,0.265,0.325,1,0.194,0.24,0.188,0.22,0.202,0.234,0.208,0.244,0.146,0.149,0.223,0.298,0.195,0.258,0.184,0.163,0.206,0.217,0.203,0.227,0.259,0.254,0.184,0.24,0.202,0.194,0.261,0.211,0.212,0.177,0.158,0.158,0.321,0.321,0.325,0.16,0.123,0.325,0.325,0.094,0.147,0.194,0.219,0.16,0.205,0.214,0.253,0.198,0.218,0.224,0.201,0.194,0.191,0.325,0.21,0.245,0.196,0.467,0.245,0.203,0.069,0.071,0.174,0.119,0.306,0.211,0.251,0.366,0.31,0.245,0.325,0.229,0.223,0.402,0.325,0.179,0.149,0.268,0.277,0.274,0.23
"DCC",0.13,0.625,0.558,0.421,0.27,0.642,0.564,0.625,0.457,0.688,0.533,0.419,0.465,0.56,0.344,0.593,0.576,0.464,0.506,0.591,0.099,0.741,0.537,0.517,0.518,0.426,1,0.194,1,0.525,0.59,0.402,0.413,0.201,0.509,0.573,0.723,0.571,0.465,0.428,0.682,0.476,0.767,0.566,0.75,0.284,0.198,0.638,0.597,0.14,0.531,0.099,0.741,0.588,0.559,0.655,0.473,0.593,0.214,0.214,0.238,0.238,1,0.228,0.154,1,1,0.444,0.812,0.622,0.232,0.573,0.685,0.701,0.474,0.619,0.479,0.59,0.213,0.588,0.906,1,0.49,0.625,0.52,0.467,0.416,0.532,0.069,0.091,0.469,0.119,0.306,0.68,0.638,0.119,0.564,0.625,1,0.479,0.539,0.563,1,0.453,0.571,0.11,0.41,0.514,0.391
"DCD",0.117,0.775,0.497,0.432,0.259,0.594,0.528,0.56,0.464,0.592,0.5,0.414,0.455,0.661,0.288,0.554,0.532,0.45,0.626,0.666,0.099,0.627,0.545,0.517,0.489,0.419,1,0.24,0.525,1,0.536,0.48,0.463,0.205,0.518,0.561,0.43,0.484,0.576,0.422,0.612,0.677,0.422,0.55,0.65,0.271,0.283,0.466,0.753,0.127,0.531,0.099,0.627,0.525,0.785,0.336,0.469,0.544,0.456,0.456,0.67,0.67,1,0.212,0.14,1,1,0.247,0.147,0.573,0.391,0.573,0.613,0.615,0.649,0.564,0.456,0.536,0.294,0.525,0.52,1,0.472,0.775,0.517,0.467,0.527,0.499,0.556,0.253,0.528,0.119,0.306,0.739,0.554,0.105,0.544,0.673,1,0.456,0.516,0.526,1,0.405,0.484,0.11,0.408,0.793,0.496
"DLC1",0.114,0.62,0.468,0.464,0.276,0.637,0.569,0.672,0.477,0.67,0.543,0.445,0.475,0.568,0.329,0.596,0.579,0.56,0.518,0.591,0.099,0.713,0.545,0.517,0.677,0.45,1,0.188,0.59,0.536,1,0.424,0.436,0.19,0.506,0.573,0.464,0.546,0.503,0.447,0.671,0.494,0.45,0.389,0.725,0.264,0.186,0.459,0.597,0.124,0.531,0.099,0.713,0.59,0.566,0.36,0.484,0.594,0.194,0.194,0.238,0.238,1,0.205,0.136,1,1,0.168,0.147,0.635,0.22,0.573,0.673,0.684,0.492,0.616,0.499,0.592,0.202,0.59,0.585,1,0.508,0.62,0.531,0.467,0.437,0.793,0.069,0.079,0.491,1,0.306,0.664,0.626,0.103,0.566,0.62,1,0.499,0.544,0.567,1,0.452,0.546,0.11,0.431,0.526,0.412
"DLX2",0.101,0.518,0.523,0.384,0.207,0.5,0.438,0.501,0.368,0.452,0.407,0.338,0.403,0.388,0.212,0.468,0.432,0.374,0.401,0.484,0.099,0.479,0.42,0.517,0.398,0.342,1,0.22,0.402,0.48,0.424,1,0.914,0.159,0.734,0.424,0.355,0.366,0.521,0.358,0.496,0.455,0.351,0.324,0.513,0.243,0.896,0.399,0.639,0.111,0.531,0.099,0.479,0.402,0.502,0.297,0.405,0.442,0.238,0.238,0.289,0.289,1,0.536,0.484,1,1,0.136,0.147,0.522,0.86,0.573,0.498,0.486,0.422,0.458,0.362,0.424,0.782,0.402,0.399,1,0.368,0.518,0.877,0.467,0.957,0.406,0.069,0.072,0.357,0.119,0.306,0.448,0.438,0.09,0.434,0.607,1,0.362,0.447,0.437,1,0.307,0.366,0.11,0.346,0.488,0.867
"E2F6",0.098,0.503,0.475,0.387,0.21,0.516,0.449,0.502,0.367,0.47,0.415,0.339,0.408,0.397,0.222,0.48,0.443,0.379,0.408,0.495,0.099,0.5,0.429,0.517,0.405,0.343,1,0.202,0.413,0.463,0.436,0.914,1,0.156,0.701,0.432,0.369,0.382,0.489,0.36,0.515,0.432,0.353,0.324,0.536,0.241,0.889,0.394,0.589,0.108,0.531,0.099,0.5,0.413,0.482,0.3,0.41,0.455,0.205,0.205,0.255,0.255,1,0.529,0.614,1,1,0.134,0.147,0.524,0.799,0.573,0.516,0.505,0.405,0.472,0.366,0.436,0.794,0.413,0.408,1,0.373,0.503,0.902,0.467,0.878,0.414,0.069,0.069,0.36,0.119,0.306,0.465,0.449,0.087,0.435,0.567,1,0.366,0.456,0.447,1,0.314,0.382,0.11,0.347,0.466,0.869
"ENOSF1",0.163,0.211,0.164,0.197,0.16,0.316,0.226,0.204,0.219,0.21,0.218,0.205,0.204,0.187,0.079,0.172,0.169,0.177,0.2,0.208,0.137,0.225,0.287,0.116,0.187,0.217,0.311,0.234,0.201,0.205,0.19,0.159,0.156,1,0.16,0.247,0.136,0.159,0.183,0.313,0.202,0.186,0.169,0.138,0.225,0.56,0.112,0.205,0.202,0.19,0.169,0.137,0.225,0.201,0.198,0.17,0.178,0.174,0.085,0.085,0.1,0.1,0.311,0.272,0.097,0.311,0.311,0.087,0.087,0.192,0.116,0.139,0.218,0.239,0.188,0.199,0.199,0.214,0.201,0.201,0.197,0.311,0.198,0.211,0.175,0.329,0.166,0.19,0.036,0.051,0.165,0.071,0.21,0.242,0.246,0.143,0.227,0.211,0.311,0.208,0.19,0.28,0.311,0.164,0.159,0.151,0.22,0.188,0.221
"ESR1",0.093,0.517,0.551,0.548,0.265,0.525,0.509,0.524,0.467,0.504,0.48,0.456,0.481,0.48,0.211,0.5,0.489,0.483,0.49,0.518,0.099,0.523,0.483,0.833,0.513,0.458,1,0.208,0.509,0.518,0.506,0.734,0.701,0.16,1,0.501,0.413,0.405,0.576,0.456,0.526,0.495,0.486,0.462,0.532,0.229,0.478,0.52,0.58,0.103,0.531,0.099,0.523,0.484,0.511,0.355,0.47,0.554,0.165,0.165,0.285,0.285,1,0.323,0.268,1,1,0.158,0.387,0.553,0.467,0.573,0.511,0.541,0.482,0.498,0.468,0.488,0.469,0.484,0.501,1,0.472,0.517,0.717,0.467,0.73,0.497,0.069,0.067,0.467,0.401,0.306,0.515,0.503,0.079,0.501,0.543,1,0.468,0.561,0.507,1,0.409,0.405,0.11,0.455,0.507,0.701
"FABP1",0.164,0.588,0.465,0.468,0.295,0.62,0.565,0.604,0.472,0.639,0.535,0.444,0.482,0.542,0.32,0.576,0.556,0.474,0.524,0.596,0.141,0.681,0.529,0.517,0.524,0.452,1,0.244,0.573,0.561,0.573,0.424,0.432,0.247,0.501,1,0.469,0.528,0.475,0.436,0.648,0.479,0.451,0.393,0.699,0.328,0.229,0.46,0.575,0.171,0.531,0.141,0.681,0.573,0.539,0.398,0.489,0.571,0.217,0.217,0.238,0.238,1,0.273,0.19,1,1,0.223,0.21,0.607,0.251,0.573,0.65,0.658,0.476,0.605,0.489,0.573,0.252,0.573,0.565,1,0.505,0.588,0.518,0.63,0.436,0.533,0.101,0.116,0.477,0.166,0.412,0.69,0.627,0.152,0.567,0.588,1,0.487,0.539,0.554,1,0.443,0.528,0.159,0.437,0.504,0.408
"FCRL3",0.087,0.49,0.46,0.358,0.214,0.462,0.462,0.481,0.401,0.512,0.434,0.387,0.372,0.469,0.198,0.428,0.435,0.387,0.408,0.427,0.073,0.533,0.419,1,0.454,0.39,0.657,0.146,0.723,0.43,0.464,0.355,0.369,0.136,0.413,0.469,1,0.387,0.38,0.359,0.487,0.405,0.627,0.483,0.527,0.19,0.133,0.523,0.454,0.098,0.333,0.073,0.533,0.482,0.449,0.481,0.361,0.443,0.12,0.12,0.128,0.128,0.657,0.147,0.109,0.657,0.657,0.274,0.812,0.539,0.153,0.319,0.492,0.511,0.403,0.465,0.424,0.464,0.14,0.482,0.669,0.657,0.427,0.49,0.532,0.38,0.361,0.433,0.049,0.06,0.42,0.09,0.246,0.513,0.508,0.075,0.464,0.49,0.657,0.425,0.493,0.431,0.657,0.563,0.387,0.081,0.379,0.418,0.337
"FSD1",0.093,0.598,0.48,0.398,0.331,0.629,0.587,0.575,0.428,0.716,0.521,0.4,0.443,0.549,0.283,0.506,0.51,0.419,0.456,0.501,0.073,0.84,0.477,0.368,0.475,0.404,0.788,0.149,0.571,0.484,0.546,0.366,0.382,0.159,0.405,0.528,0.387,1,0.479,0.382,0.7,0.442,0.396,0.326,0.793,0.212,0.147,0.461,0.535,0.106,0.411,0.073,0.84,0.571,0.521,0.298,0.517,0.524,0.166,0.166,0.171,0.171,0.788,0.168,0.115,0.788,0.788,0.147,0.11,0.546,0.182,0.417,0.604,0.636,0.439,0.551,0.461,0.553,0.157,0.571,0.565,0.788,0.47,0.598,0.473,0.38,0.376,0.486,0.049,0.064,0.455,0.09,0.246,0.644,0.599,0.084,0.52,0.598,0.788,0.462,0.543,0.623,0.788,0.425,0.511,0.081,0.371,0.47,0.348
"FUS",0.109,0.632,0.494,0.471,0.279,0.569,0.517,0.677,0.431,0.525,0.458,0.395,0.461,0.453,0.259,0.513,0.481,0.447,0.448,0.516,0.099,0.58,0.466,0.517,0.496,0.399,1,0.223,0.465,0.576,0.503,0.521,0.489,0.183,0.576,0.475,0.38,0.479,1,0.405,0.582,0.587,0.403,0.367,0.601,0.253,0.335,0.47,0.642,0.117,0.531,0.099,0.58,0.465,0.653,0.321,0.445,0.49,0.339,0.339,0.67,0.67,1,0.288,0.213,1,1,0.157,0.147,0.667,0.378,0.573,0.54,0.625,0.566,0.504,0.423,0.478,0.352,0.465,0.462,1,0.434,0.632,0.517,0.467,0.558,0.479,0.069,0.078,0.418,0.259,0.306,0.506,0.494,0.097,0.493,0.564,1,0.423,0.519,0.528,1,0.359,0.411,0.11,0.393,0.671,0.511
"FXN",0.159,0.447,0.39,0.401,0.268,0.582,0.468,0.466,0.43,0.478,0.433,0.366,0.426,0.414,0.215,0.485,0.453,0.4,0.42,0.498,0.11,0.505,0.509,0.517,0.419,0.371,1,0.298,0.428,0.422,0.447,0.358,0.36,0.313,0.456,0.436,0.359,0.382,0.405,1,0.517,0.393,0.37,0.339,0.536,0.425,0.169,0.406,0.466,0.129,0.531,0.11,0.505,0.428,0.43,0.292,0.422,0.463,0.151,0.151,0.238,0.238,1,0.349,0.116,1,1,0.139,0.147,0.493,0.192,0.573,0.518,0.509,0.395,0.479,0.387,0.452,0.303,0.428,0.425,1,0.391,0.447,0.419,0.467,0.367,0.426,0.069,0.066,0.38,0.119,0.306,0.474,0.452,0.202,0.431,0.447,1,0.391,0.466,0.58,1,0.324,0.382,0.122,0.379,0.416,0.441
"GDF5",0.111,0.707,0.578,0.495,0.371,0.73,0.68,0.698,0.56,0.773,0.618,0.532,0.553,0.664,0.496,0.763,0.726,0.622,0.587,0.637,0.099,0.855,0.611,0.517,0.609,0.537,1,0.195,0.682,0.612,0.671,0.496,0.515,0.202,0.526,0.648,0.487,0.7,0.582,0.517,1,0.575,0.527,0.452,0.846,0.263,0.184,0.56,0.665,0.122,0.531,0.099,0.855,0.682,0.648,0.406,0.535,0.662,0.201,0.201,0.238,0.238,1,0.202,0.134,1,1,0.179,0.147,0.679,0.229,0.573,0.732,0.75,0.574,0.682,0.591,0.671,0.202,0.682,0.678,1,0.599,0.707,0.608,0.467,0.508,0.617,0.069,0.078,0.584,0.124,0.306,0.744,0.704,0.099,0.642,0.707,1,0.591,0.641,0.694,1,0.521,0.599,0.11,0.502,0.604,0.478
"GFM1",0.115,0.795,0.48,0.41,0.241,0.564,0.502,0.518,0.432,0.543,0.492,0.411,0.471,0.457,0.258,0.525,0.495,0.421,0.449,0.534,0.147,0.578,0.473,0.517,0.458,0.385,1,0.258,0.476,0.677,0.494,0.455,0.432,0.186,0.495,0.479,0.405,0.442,0.587,0.393,0.575,1,0.389,0.348,0.608,0.25,0.288,0.447,0.768,0.19,0.531,0.147,0.578,0.476,0.802,0.316,0.446,0.507,0.482,0.482,0.67,0.67,1,0.188,0.124,1,1,0.152,0.147,0.54,0.408,0.573,0.577,0.573,0.659,0.527,0.414,0.506,0.301,0.476,0.471,1,0.685,0.795,0.48,0.467,0.519,0.685,0.069,0.071,0.407,0.119,0.306,0.537,0.507,0.101,0.509,0.66,1,0.447,0.492,0.494,1,0.363,0.442,0.11,0.438,0.808,0.489
"GPR37L1",0.107,0.45,0.499,0.392,0.218,0.526,0.46,0.471,0.376,0.485,0.427,0.351,0.415,0.412,0.233,0.49,0.456,0.39,0.487,0.557,0.099,0.516,0.44,0.517,0.417,0.355,1,0.184,0.767,0.422,0.45,0.351,0.353,0.169,0.486,0.451,0.627,0.396,0.403,0.37,0.527,0.389,1,0.568,0.55,0.257,0.18,0.606,0.47,0.117,0.531,0.099,0.516,0.428,0.43,0.668,0.418,0.467,0.16,0.16,0.238,0.238,1,0.194,0.13,1,1,0.483,0.639,0.5,0.199,0.573,0.622,0.519,0.388,0.484,0.38,0.45,0.195,0.428,0.857,1,0.387,0.45,0.418,0.467,0.362,0.426,0.069,0.075,0.374,0.119,0.306,0.481,0.471,0.095,0.446,0.45,1,0.38,0.464,0.458,1,0.329,0.396,0.11,0.357,0.415,0.347
"GRIA1",0.086,0.382,0.44,0.371,0.192,0.461,0.406,0.421,0.339,0.408,0.377,0.32,0.383,0.471,0.186,0.433,0.398,0.352,0.41,0.481,0.099,0.429,0.412,0.517,0.37,0.323,1,0.163,0.566,0.55,0.389,0.324,0.324,0.138,0.462,0.393,0.483,0.326,0.367,0.339,0.452,0.348,0.568,1,0.461,0.22,0.156,0.527,0.409,0.096,0.531,0.099,0.429,0.368,0.374,0.553,0.384,0.407,0.124,0.124,0.238,0.238,1,0.159,0.106,1,1,0.244,0.639,0.437,0.167,0.573,0.56,0.439,0.347,0.42,0.338,0.389,0.17,0.368,0.509,1,0.343,0.382,0.37,0.467,0.332,0.376,0.376,0.158,0.368,0.119,0.306,0.404,0.402,0.074,0.389,0.382,1,0.338,0.419,0.405,1,0.279,0.326,0.11,0.329,0.367,0.323
"HJURP",0.126,0.78,0.604,0.502,0.402,0.773,0.722,0.754,0.591,0.859,0.657,0.559,0.569,0.728,0.396,0.683,0.693,0.581,0.618,0.703,0.099,0.958,0.645,0.517,0.644,0.565,1,0.206,0.75,0.65,0.725,0.513,0.536,0.225,0.532,0.699,0.527,0.793,0.601,0.536,0.846,0.608,0.55,0.461,1,0.284,0.196,0.582,0.712,0.136,0.531,0.099,0.958,0.75,0.699,0.414,0.551,0.708,0.232,0.232,0.238,0.238,1,0.227,0.15,1,1,0.203,0.147,0.719,0.249,0.573,0.787,0.889,0.606,0.731,0.632,0.725,0.216,0.75,0.745,1,0.641,0.78,0.645,0.467,0.526,0.656,0.069,0.089,0.624,0.119,0.306,0.824,0.776,0.114,0.692,0.78,1,0.632,0.668,0.738,1,0.578,0.672,0.11,0.52,0.641,0.492
"HMGCL",0.141,0.276,0.243,0.247,0.17,0.431,0.275,0.278,0.262,0.275,0.264,0.251,0.239,0.262,0.114,0.236,0.24,0.239,0.258,0.26,0.141,0.287,0.418,0.172,0.261,0.259,0.357,0.217,0.284,0.271,0.264,0.243,0.241,0.56,0.229,0.328,0.19,0.212,0.253,0.425,0.263,0.25,0.257,0.22,0.284,1,0.177,0.296,0.264,0.152,0.197,0.141,0.287,0.284,0.263,0.249,0.235,0.243,0.123,0.123,0.143,0.143,0.357,0.453,0.15,0.357,0.357,0.129,0.21,0.262,0.17,0.187,0.276,0.296,0.248,0.274,0.257,0.266,0.358,0.376,0.279,0.357,0.262,0.276,0.254,0.63,0.25,0.259,0.101,0.087,0.248,0.166,1,0.3,0.499,0.125,0.31,0.276,0.357,0.258,0.238,0.405,0.357,0.208,0.212,0.159,0.249,0.253,0.359
"HOXD9",0.092,0.311,0.332,0.162,0.111,0.189,0.188,0.261,0.199,0.193,0.182,0.175,0.165,0.184,0.078,0.165,0.17,0.168,0.18,0.179,0.099,0.198,0.173,0.116,0.184,0.179,0.238,0.203,0.198,0.283,0.186,0.896,0.889,0.112,0.478,0.229,0.133,0.147,0.335,0.169,0.184,0.288,0.18,0.156,0.196,0.177,1,0.219,0.41,0.103,0.133,0.099,0.198,0.198,0.317,0.188,0.169,0.172,0.204,0.204,0.277,0.277,0.238,0.567,0.622,0.238,0.238,0.092,0.147,0.239,0.9,0.128,0.191,0.203,0.254,0.193,0.181,0.186,0.861,0.198,0.195,0.238,0.185,0.311,0.734,0.467,0.871,0.181,0.069,0.065,0.176,0.119,0.306,0.206,0.24,0.081,0.256,0.399,0.238,0.181,0.166,0.177,0.238,0.144,0.147,0.11,0.173,0.323,0.818
"HTR2A",0.102,0.497,0.555,0.436,0.269,0.571,0.501,0.477,0.417,0.504,0.44,0.378,0.45,0.431,0.231,0.491,0.463,0.408,0.432,0.503,0.099,0.559,0.468,0.517,0.432,0.381,1,0.227,0.638,0.466,0.459,0.399,0.394,0.205,0.52,0.46,0.523,0.461,0.47,0.406,0.56,0.447,0.606,0.527,0.582,0.296,0.219,1,0.514,0.111,0.531,0.099,0.559,0.444,0.487,0.483,0.442,0.473,0.219,0.219,0.329,0.329,1,0.214,0.123,1,1,0.316,0.491,0.5,0.267,0.573,0.523,0.515,0.436,0.487,0.404,0.459,0.239,0.444,0.648,1,0.427,0.497,0.44,0.467,0.421,0.439,0.069,0.073,0.399,0.119,0.306,0.485,0.476,0.09,0.48,0.497,1,0.404,0.506,0.524,1,0.342,0.394,0.11,0.379,0.479,0.41
"IFI16",0.111,0.896,0.652,0.445,0.285,0.637,0.576,0.622,0.522,0.664,0.554,0.468,0.486,0.578,0.312,0.597,0.585,0.498,0.53,0.595,0.099,0.699,0.554,0.517,0.542,0.473,1,0.259,0.597,0.753,0.597,0.639,0.589,0.202,0.58,0.575,0.454,0.535,0.642,0.466,0.665,0.768,0.47,0.409,0.712,0.264,0.41,0.514,1,0.122,0.531,0.099,0.699,0.597,0.889,0.354,0.502,0.627,0.504,0.504,0.67,0.67,1,0.203,0.134,1,1,0.179,0.147,0.62,0.555,0.573,0.667,0.677,0.727,0.618,0.517,0.597,0.368,0.597,0.592,1,0.534,0.896,0.623,0.467,0.688,0.552,0.069,0.078,0.511,0.119,0.306,0.658,0.619,0.099,0.607,0.863,1,0.518,0.556,0.574,1,0.457,0.535,0.11,0.451,0.884,0.643
"IMMP2L",0.211,0.133,0.11,0.179,0.171,0.126,0.263,0.134,0.184,0.132,0.558,0.668,0.529,0.122,0.06,0.103,0.104,0.207,0.118,0.118,0.717,0.14,0.11,0.073,0.394,0.197,0.154,0.254,0.14,0.127,0.124,0.111,0.108,0.19,0.103,0.171,0.098,0.106,0.117,0.129,0.122,0.19,0.117,0.096,0.136,0.152,0.103,0.111,0.122,1,0.09,0.717,0.14,0.14,0.122,0.149,0.181,0.107,0.065,0.065,0.064,0.064,0.154,0.127,0.106,0.154,0.154,0.075,0.097,0.122,0.091,0.083,0.13,0.143,0.192,0.132,0.164,0.319,0.105,0.14,0.135,0.154,0.205,0.133,0.116,0.317,0.115,0.196,0.046,0.062,0.111,0.081,0.211,0.149,0.191,0.191,0.168,0.133,0.154,0.623,0.204,0.136,0.154,0.233,0.106,0.177,0.507,0.115,0.103
"ITGBL1",0.081,0.531,0.531,0.531,0.303,0.531,0.531,0.531,0.531,0.531,0.531,0.531,0.531,0.531,0.363,0.531,0.531,0.531,0.531,0.655,0.057,0.531,1,0.247,0.531,0.531,0.531,0.184,0.531,0.531,0.531,0.531,0.531,0.169,0.531,0.531,0.333,0.411,0.531,0.531,0.531,0.531,0.531,0.531,0.531,0.197,0.133,0.531,0.531,0.09,1,0.057,0.531,0.531,0.531,0.528,0.531,0.531,0.145,0.145,0.133,0.133,0.531,0.15,0.099,0.531,0.531,0.147,0.081,0.531,0.184,0.443,0.531,0.531,0.531,0.531,0.531,0.531,0.161,0.531,0.531,0.531,0.531,0.531,0.531,0.248,0.531,0.531,0.041,0.062,0.531,0.07,0.17,0.531,0.531,0.069,0.531,0.531,0.531,0.531,0.531,0.531,0.531,0.411,0.411,0.062,0.531,0.531,0.531
"KLK2",0.137,0.099,0.099,0.247,0.11,0.099,0.296,0.099,0.137,0.099,0.497,0.54,0.625,0.099,0.036,0.099,0.099,0.247,0.099,0.099,1,0.099,0.099,0.038,0.47,0.137,0.099,0.24,0.099,0.099,0.099,0.099,0.099,0.137,0.099,0.141,0.073,0.073,0.099,0.11,0.099,0.147,0.099,0.099,0.099,0.141,0.099,0.099,0.099,0.717,0.057,1,0.099,0.099,0.099,0.141,0.207,0.099,0.037,0.037,0.034,0.034,0.099,0.099,0.073,0.099,0.099,0.048,0.056,0.099,0.073,0.045,0.099,0.099,0.175,0.099,0.1,0.275,0.099,0.099,0.099,0.099,0.147,0.099,0.099,0.213,0.099,0.147,0.024,0.041,0.099,0.048,0.141,0.099,0.141,0.11,0.141,0.099,0.099,1,0.236,0.103,0.099,0.155,0.073,0.099,0.432,0.099,0.099
"LCE4A",0.13,0.778,0.581,0.487,0.397,0.772,0.712,0.747,0.559,0.876,0.635,0.521,0.551,0.713,0.41,0.669,0.678,0.552,0.593,0.652,0.099,1,0.624,0.517,0.62,0.527,1,0.202,0.741,0.627,0.713,0.479,0.5,0.225,0.523,0.681,0.533,0.84,0.58,0.505,0.855,0.578,0.516,0.429,0.958,0.287,0.198,0.559,0.699,0.14,0.531,0.099,1,0.741,0.681,0.403,0.529,0.695,0.242,0.242,0.238,0.238,1,0.232,0.154,1,1,0.206,0.147,0.709,0.25,0.573,0.787,0.824,0.576,0.721,0.601,0.713,0.217,0.741,0.734,1,0.612,0.778,0.622,0.467,0.493,0.634,0.069,0.091,0.592,0.119,0.306,0.833,0.774,0.119,0.672,0.778,1,0.601,0.657,0.731,1,0.571,0.689,0.11,0.487,0.616,0.459
"LRP1B",0.13,0.625,0.451,0.421,0.27,0.642,0.564,0.625,0.457,0.688,0.533,0.419,0.465,0.56,0.344,0.593,0.576,0.464,0.506,0.591,0.099,0.741,0.537,0.517,0.518,0.426,1,0.194,0.588,0.525,0.59,0.402,0.413,0.201,0.484,0.573,0.482,0.571,0.465,0.428,0.682,0.476,0.428,0.368,0.75,0.284,0.198,0.444,0.597,0.14,0.531,0.099,0.741,1,0.559,0.46,0.473,0.593,0.214,0.214,0.238,0.238,1,0.228,0.154,1,1,0.181,0.147,0.622,0.232,0.573,0.685,0.701,0.474,0.619,0.479,0.59,0.213,0.588,0.581,1,0.49,0.625,0.52,0.467,0.416,0.532,0.069,0.091,0.469,0.119,0.306,0.68,0.638,0.119,0.564,0.625,1,0.479,0.539,0.563,1,0.453,0.571,0.11,0.41,0.514,0.391
"LUC7L3",0.111,0.969,0.533,0.427,0.263,0.62,0.549,0.594,0.484,0.639,0.52,0.422,0.463,0.536,0.306,0.576,0.556,0.462,0.498,0.577,0.099,0.681,0.525,0.517,0.507,0.428,1,0.261,0.559,0.785,0.566,0.502,0.482,0.198,0.511,0.539,0.449,0.521,0.653,0.43,0.648,0.802,0.43,0.374,0.699,0.263,0.317,0.487,0.889,0.122,0.531,0.099,0.681,0.559,1,0.337,0.478,0.571,0.695,0.695,0.767,0.767,1,0.203,0.134,1,1,0.177,0.147,0.599,0.473,0.573,0.65,0.658,0.814,0.594,0.472,0.565,0.331,0.559,0.553,1,0.491,0.969,0.54,0.467,0.579,0.519,0.069,0.078,0.464,0.119,0.306,0.632,0.585,0.101,0.577,0.795,1,0.472,0.53,0.547,1,0.427,0.521,0.11,0.414,0.978,0.539
"MARCO",0.141,0.36,0.499,0.302,0.2,0.381,0.366,0.38,0.322,0.382,0.351,0.313,0.324,0.346,0.322,0.461,0.453,0.383,0.376,0.403,0.141,0.403,0.355,0.274,0.346,0.32,0.657,0.211,0.655,0.336,0.36,0.297,0.3,0.17,0.355,0.398,0.481,0.298,0.321,0.292,0.406,0.316,0.668,0.553,0.414,0.249,0.188,0.483,0.354,0.149,0.528,0.141,0.403,0.46,0.337,1,0.314,0.373,0.131,0.131,0.143,0.143,0.657,0.21,0.166,0.657,0.657,0.325,0.812,0.375,0.178,0.527,0.55,0.397,0.313,0.379,0.331,0.36,0.198,0.368,0.585,0.657,0.324,0.36,0.335,0.63,0.303,0.35,0.101,0.099,0.322,0.166,0.412,0.384,0.427,0.127,0.393,0.36,0.657,0.33,0.349,0.35,0.657,0.273,0.298,0.159,0.308,0.319,0.282
"MARK4",0.111,0.495,0.491,0.662,0.251,0.533,0.621,0.498,0.474,0.51,0.542,0.466,0.501,0.463,0.221,0.507,0.485,0.602,0.46,0.515,0.207,0.529,0.472,0.517,0.479,0.461,1,0.212,0.473,0.469,0.484,0.405,0.41,0.178,0.47,0.489,0.361,0.517,0.445,0.422,0.535,0.446,0.418,0.384,0.551,0.235,0.169,0.442,0.502,0.181,0.531,0.207,0.529,0.473,0.478,0.314,1,0.493,0.149,0.149,0.238,0.238,1,0.17,0.113,1,1,0.135,0.147,0.515,0.194,0.573,0.536,0.53,0.446,0.505,0.481,0.577,0.184,0.473,0.471,1,0.505,0.495,0.459,0.467,0.418,0.465,0.069,0.065,0.433,0.119,0.306,0.507,0.5,0.096,0.491,0.495,1,0.483,0.541,0.488,1,0.402,0.4,0.122,0.481,0.463,0.404
"MED25",0.096,0.618,0.481,0.439,0.275,0.634,0.573,0.618,0.493,0.659,0.55,0.465,0.484,0.574,0.317,0.595,0.582,0.495,0.527,0.592,0.099,0.695,0.551,0.517,0.539,0.47,1,0.177,0.593,0.544,0.594,0.442,0.455,0.174,0.554,0.571,0.443,0.524,0.49,0.463,0.662,0.507,0.467,0.407,0.708,0.243,0.172,0.473,0.627,0.107,0.531,0.099,0.695,0.593,0.571,0.373,0.493,1,0.171,0.171,0.238,0.238,1,0.181,0.117,1,1,0.151,0.147,0.618,0.204,0.573,0.664,0.673,0.506,0.615,0.514,0.594,0.186,0.593,0.588,1,0.522,0.618,0.54,0.467,0.454,0.549,0.069,0.066,0.507,0.119,0.306,0.654,0.614,0.086,0.565,0.618,1,0.514,0.606,0.571,1,0.445,0.524,0.11,0.448,0.536,0.429
"MIR134",0.052,0.605,0.226,0.138,0.084,0.211,0.18,0.208,0.199,0.226,0.176,0.15,0.137,0.2,0.077,0.163,0.166,0.147,0.196,0.195,0.037,0.242,0.172,0.09,0.172,0.152,0.269,0.158,0.214,0.456,0.194,0.238,0.205,0.085,0.165,0.217,0.12,0.166,0.339,0.151,0.201,0.482,0.16,0.124,0.232,0.123,0.204,0.219,0.504,0.065,0.145,0.037,0.242,0.214,0.695,0.131,0.149,0.171,1,1,1,1,0.269,0.098,0.071,0.269,0.269,0.082,0.059,0.185,0.35,0.111,0.217,0.247,0.544,0.196,0.17,0.194,0.206,0.214,0.209,0.269,0.192,0.605,0.199,0.26,0.31,0.175,0.021,0.034,0.167,0.049,0.164,0.261,0.235,0.045,0.262,0.44,0.269,0.172,0.151,0.175,0.269,0.147,0.166,0.04,0.139,0.677,0.279
"MIR379",0.052,0.605,0.226,0.138,0.084,0.211,0.18,0.208,0.199,0.226,0.176,0.15,0.137,0.2,0.077,0.163,0.166,0.147,0.196,0.195,0.037,0.242,0.172,0.09,0.172,0.152,0.269,0.158,0.214,0.456,0.194,0.238,0.205,0.085,0.165,0.217,0.12,0.166,0.339,0.151,0.201,0.482,0.16,0.124,0.232,0.123,0.204,0.219,0.504,0.065,0.145,0.037,0.242,0.214,0.695,0.131,0.149,0.171,1,1,1,1,0.269,0.098,0.071,0.269,0.269,0.082,0.059,0.185,0.35,0.111,0.217,0.247,0.544,0.196,0.17,0.194,0.206,0.214,0.209,0.269,0.192,0.605,0.199,0.26,0.31,0.175,0.021,0.034,0.167,0.049,0.164,0.261,0.235,0.045,0.262,0.44,0.269,0.172,0.151,0.175,0.269,0.147,0.166,0.04,0.139,0.677,0.279
"MIR488",0.053,0.67,0.37,0.238,0.116,0.238,0.238,0.238,0.256,0.238,0.238,0.238,0.238,0.238,0.076,0.238,0.238,0.238,0.238,0.238,0.034,0.238,0.238,0.081,0.238,0.238,0.238,0.321,0.238,0.67,0.238,0.289,0.255,0.1,0.285,0.238,0.128,0.171,0.67,0.238,0.238,0.67,0.238,0.238,0.238,0.143,0.277,0.329,0.67,0.064,0.133,0.034,0.238,0.238,0.767,0.143,0.238,0.238,1,1,1,1,0.238,0.098,0.071,0.238,0.238,0.087,0.053,0.238,0.464,0.1,0.238,0.238,0.767,0.238,0.238,0.238,0.37,0.238,0.238,0.238,0.238,0.67,0.238,0.224,0.464,0.238,0.02,0.037,0.238,0.045,0.143,0.238,0.238,0.041,0.276,0.464,0.238,0.238,0.238,0.238,0.238,0.171,0.171,0.037,0.238,0.767,0.464
"MIR758",0.053,0.67,0.37,0.238,0.116,0.238,0.238,0.238,0.256,0.238,0.238,0.238,0.238,0.238,0.076,0.238,0.238,0.238,0.238,0.238,0.034,0.238,0.238,0.081,0.238,0.238,0.238,0.321,0.238,0.67,0.238,0.289,0.255,0.1,0.285,0.238,0.128,0.171,0.67,0.238,0.238,0.67,0.238,0.238,0.238,0.143,0.277,0.329,0.67,0.064,0.133,0.034,0.238,0.238,0.767,0.143,0.238,0.238,1,1,1,1,0.238,0.098,0.071,0.238,0.238,0.087,0.053,0.238,0.464,0.1,0.238,0.238,0.767,0.238,0.238,0.238,0.37,0.238,0.238,0.238,0.238,0.67,0.238,0.224,0.464,0.238,0.02,0.037,0.238,0.045,0.143,0.238,0.238,0.041,0.276,0.464,0.238,0.238,0.238,0.238,0.238,0.171,0.171,0.037,0.238,0.767,0.464
"MUC16",0.147,1,1,1,0.576,1,1,1,1,1,1,1,1,1,0.473,1,1,1,1,1,0.099,1,1,0.517,1,1,1,0.325,1,1,1,1,1,0.311,1,1,0.657,0.788,1,1,1,1,1,1,1,0.357,0.238,1,1,0.154,0.531,0.099,1,1,1,0.657,1,1,0.269,0.269,0.238,0.238,1,0.281,0.176,1,1,0.258,0.147,1,0.325,0.573,1,1,1,1,1,1,0.292,1,1,1,1,1,1,0.467,1,1,0.069,0.11,1,0.119,0.306,1,1,0.128,1,1,1,1,1,1,1,0.788,0.788,0.11,1,1,1
"MYT1",0.116,0.22,0.182,0.178,0.123,0.29,0.205,0.306,0.194,0.219,0.2,0.186,0.172,0.205,0.091,0.174,0.178,0.174,0.197,0.198,0.099,0.232,0.27,0.116,0.198,0.191,0.281,0.16,0.228,0.212,0.205,0.536,0.529,0.272,0.323,0.273,0.147,0.168,0.288,0.349,0.202,0.188,0.194,0.159,0.227,0.453,0.567,0.214,0.203,0.127,0.15,0.099,0.232,0.228,0.203,0.21,0.17,0.181,0.098,0.098,0.098,0.098,0.281,1,0.717,0.281,0.281,0.106,0.147,0.264,0.463,0.128,0.216,0.241,0.186,0.212,0.196,0.205,0.764,0.228,0.222,0.281,0.201,0.22,0.508,0.467,0.542,0.198,0.069,0.081,0.189,0.119,0.306,0.249,0.284,0.105,0.256,0.22,0.281,0.197,0.172,0.31,0.281,0.163,0.168,0.11,0.18,0.191,0.61
"MYT1L",0.095,0.146,0.122,0.113,0.089,0.14,0.14,0.226,0.129,0.145,0.132,0.122,0.116,0.132,0.065,0.113,0.114,0.114,0.13,0.132,0.073,0.154,0.12,0.082,0.133,0.126,0.176,0.123,0.154,0.14,0.136,0.484,0.614,0.097,0.268,0.19,0.109,0.115,0.213,0.116,0.134,0.124,0.13,0.106,0.15,0.15,0.622,0.123,0.134,0.106,0.099,0.073,0.154,0.154,0.134,0.166,0.113,0.117,0.071,0.071,0.071,0.071,0.176,0.717,1,0.176,0.176,0.081,0.11,0.19,0.491,0.093,0.144,0.158,0.122,0.146,0.128,0.136,0.638,0.154,0.148,0.176,0.122,0.146,0.507,0.38,0.489,0.13,0.049,0.066,0.121,0.09,0.246,0.164,0.212,0.086,0.187,0.146,0.176,0.129,0.116,0.126,0.176,0.11,0.115,0.081,0.122,0.126,0.498
"NIPSNAP1",0.147,1,1,1,0.576,1,1,1,1,1,1,1,1,1,0.473,1,1,1,1,1,0.099,1,1,0.517,1,1,1,0.325,1,1,1,1,1,0.311,1,1,0.657,0.788,1,1,1,1,1,1,1,0.357,0.238,1,1,0.154,0.531,0.099,1,1,1,0.657,1,1,0.269,0.269,0.238,0.238,1,0.281,0.176,1,1,0.258,0.147,1,0.325,0.573,1,1,1,1,1,1,0.292,1,1,1,1,1,1,0.467,1,1,0.069,0.11,1,0.119,0.306,1,1,0.128,1,1,1,1,1,1,1,0.788,0.788,0.11,1,1,1
"NUP43",0.147,1,1,1,0.576,1,1,1,1,1,1,1,1,1,0.473,1,1,1,1,1,0.099,1,1,0.517,1,1,1,0.325,1,1,1,1,1,0.311,1,1,0.657,0.788,1,1,1,1,1,1,1,0.357,0.238,1,1,0.154,0.531,0.099,1,1,1,0.657,1,1,0.269,0.269,0.238,0.238,1,0.281,0.176,1,1,0.258,0.147,1,0.325,0.573,1,1,1,1,1,1,0.292,1,1,1,1,1,1,0.467,1,1,0.069,0.11,1,0.119,0.306,1,1,0.128,1,1,1,1,1,1,1,0.788,0.788,0.11,1,1,1
"OPN5",0.063,0.193,0.214,0.134,0.083,0.192,0.163,0.182,0.166,0.192,0.156,0.132,0.13,0.167,0.076,0.149,0.147,0.132,0.248,0.23,0.048,0.206,0.155,0.098,0.153,0.135,0.258,0.094,0.444,0.247,0.168,0.136,0.134,0.087,0.158,0.223,0.274,0.147,0.157,0.139,0.179,0.152,0.483,0.244,0.203,0.129,0.092,0.316,0.179,0.075,0.147,0.048,0.206,0.181,0.177,0.325,0.135,0.151,0.082,0.082,0.087,0.087,0.258,0.106,0.081,0.258,0.258,1,0.495,0.167,0.101,0.117,0.194,0.217,0.15,0.174,0.147,0.168,0.095,0.181,0.503,0.258,0.161,0.193,0.152,0.25,0.142,0.155,0.032,0.044,0.143,0.061,0.166,0.323,0.212,0.056,0.26,0.193,0.258,0.149,0.141,0.159,0.258,0.129,0.147,0.053,0.128,0.166,0.131
"OR10A4",0.087,0.147,0.491,0.147,0.077,0.147,0.147,0.147,0.147,0.147,0.147,0.147,0.147,0.147,0.057,0.147,0.147,0.147,0.147,0.147,0.056,0.147,0.147,0.061,0.147,0.147,0.147,0.147,0.812,0.147,0.147,0.147,0.147,0.087,0.387,0.21,0.812,0.11,0.147,0.147,0.147,0.147,0.639,0.639,0.147,0.21,0.147,0.491,0.147,0.097,0.081,0.056,0.147,0.147,0.147,0.812,0.147,0.147,0.059,0.059,0.053,0.053,0.147,0.147,0.11,0.147,0.147,0.495,1,0.147,0.11,0.071,0.147,0.147,0.147,0.147,0.147,0.147,0.147,0.147,0.639,0.147,0.147,0.147,0.147,0.329,0.147,0.147,0.036,0.062,0.147,0.071,0.21,0.147,0.21,0.071,0.21,0.147,0.147,0.147,0.147,0.147,0.147,0.11,0.11,0.062,0.147,0.147,0.147
"PAWR",0.111,0.643,0.51,0.496,0.297,0.649,0.613,0.865,0.527,0.679,0.598,0.502,0.513,0.606,0.317,0.616,0.606,0.538,0.554,0.608,0.099,0.709,0.576,0.608,0.617,0.506,1,0.194,0.622,0.573,0.635,0.522,0.524,0.192,0.553,0.607,0.539,0.546,0.667,0.493,0.679,0.54,0.5,0.437,0.719,0.262,0.239,0.5,0.62,0.122,0.531,0.099,0.709,0.622,0.599,0.375,0.515,0.618,0.185,0.185,0.238,0.238,1,0.264,0.19,1,1,0.167,0.147,1,0.253,0.573,0.679,0.689,0.539,0.635,0.549,0.619,0.258,0.622,0.618,1,0.556,0.643,0.611,0.467,0.532,0.591,0.069,0.079,0.543,0.203,0.306,0.674,0.649,0.099,0.601,0.643,1,0.549,0.591,0.594,1,0.56,0.541,0.11,0.491,0.565,0.489
"PAX4",0.079,0.454,0.402,0.184,0.115,0.241,0.216,0.275,0.244,0.238,0.209,0.188,0.181,0.217,0.094,0.2,0.2,0.186,0.226,0.231,0.073,0.25,0.206,0.137,0.207,0.192,0.325,0.219,0.232,0.391,0.22,0.86,0.799,0.116,0.467,0.251,0.153,0.182,0.378,0.192,0.229,0.408,0.199,0.167,0.249,0.17,0.9,0.267,0.555,0.091,0.184,0.073,0.25,0.232,0.473,0.178,0.194,0.204,0.35,0.35,0.464,0.464,0.325,0.463,0.491,0.325,0.325,0.101,0.11,0.253,1,0.16,0.242,0.261,0.366,0.227,0.202,0.22,0.77,0.232,0.228,0.325,0.222,0.454,0.704,0.38,0.911,0.208,0.049,0.055,0.197,0.09,0.246,0.264,0.262,0.07,0.304,0.613,0.325,0.203,0.192,0.211,0.325,0.167,0.182,0.081,0.182,0.487,0.834
"PDGFD",0.071,0.573,0.573,0.573,0.284,0.573,0.573,0.573,0.573,0.573,0.573,0.573,0.573,0.573,0.325,0.573,0.573,0.573,0.573,0.573,0.045,0.573,0.573,0.213,0.573,0.573,0.573,0.16,0.573,0.573,0.573,0.573,0.573,0.139,0.573,0.573,0.319,0.417,0.573,0.573,0.573,0.573,0.573,0.573,0.573,0.187,0.128,0.573,0.573,0.083,0.443,0.045,0.573,0.573,0.573,0.527,0.573,0.573,0.111,0.111,0.1,0.1,0.573,0.128,0.093,0.573,0.573,0.117,0.071,0.573,0.16,1,0.573,0.573,0.573,0.573,0.573,0.573,0.131,0.573,0.573,0.573,0.573,0.573,0.573,0.296,0.573,0.573,0.028,0.05,0.573,0.059,0.187,0.573,0.573,0.057,0.573,0.573,0.573,0.573,0.573,0.573,0.573,0.417,0.417,0.05,0.573,0.573,0.573
"PFDN4",0.12,0.71,0.536,0.467,0.322,0.732,0.634,0.697,0.562,0.752,0.62,0.534,0.524,0.666,0.353,0.65,0.651,0.556,0.641,0.678,0.099,0.787,0.613,0.517,0.609,0.539,1,0.205,0.685,0.613,0.673,0.498,0.516,0.218,0.511,0.65,0.492,0.604,0.54,0.518,0.732,0.577,0.622,0.56,0.787,0.276,0.191,0.523,0.667,0.13,0.531,0.099,0.787,0.685,0.65,0.55,0.536,0.664,0.217,0.217,0.238,0.238,1,0.216,0.144,1,1,0.194,0.147,0.679,0.242,0.573,1,0.752,0.575,0.684,0.593,0.673,0.212,0.685,0.68,1,0.601,0.71,0.609,0.467,0.509,0.618,0.069,0.084,0.586,0.119,0.306,0.746,0.707,0.107,0.644,0.71,1,0.593,0.595,0.633,1,0.526,0.604,0.11,0.504,0.605,0.48
"PHC3",0.133,0.731,0.529,0.46,0.324,0.699,0.638,0.713,0.556,0.781,0.622,0.524,0.518,0.679,0.379,0.655,0.658,0.551,0.587,0.68,0.099,0.824,0.614,0.517,0.609,0.53,1,0.214,0.701,0.615,0.684,0.486,0.505,0.239,0.541,0.658,0.511,0.636,0.625,0.509,0.75,0.573,0.519,0.439,0.889,0.296,0.203,0.515,0.677,0.143,0.531,0.099,0.824,0.701,0.658,0.397,0.53,0.673,0.247,0.247,0.238,0.238,1,0.241,0.158,1,1,0.217,0.147,0.689,0.261,0.573,0.752,1,0.571,0.696,0.591,0.684,0.224,0.701,0.696,1,0.6,0.731,0.61,0.467,0.499,0.621,0.069,0.095,0.584,0.119,0.306,0.775,0.727,0.121,0.651,0.731,1,0.592,0.595,0.637,1,0.542,0.636,0.11,0.493,0.606,0.467
"PIWIL1",0.118,0.757,0.462,0.412,0.242,0.563,0.505,0.517,0.423,0.541,0.5,0.422,0.479,0.456,0.255,0.524,0.493,0.424,0.448,0.533,0.175,0.576,0.472,0.517,0.465,0.389,1,0.253,0.474,0.649,0.492,0.422,0.405,0.188,0.482,0.476,0.403,0.439,0.566,0.395,0.574,0.659,0.388,0.347,0.606,0.248,0.254,0.436,0.727,0.192,0.531,0.175,0.576,0.474,0.814,0.313,0.446,0.506,0.544,0.544,0.767,0.767,1,0.186,0.122,1,1,0.15,0.147,0.539,0.366,0.573,0.575,0.571,1,0.526,0.457,0.532,0.277,0.474,0.469,1,0.436,0.757,0.463,0.467,0.485,0.472,0.069,0.07,0.406,0.119,0.306,0.535,0.503,0.104,0.492,0.633,1,0.455,0.496,0.495,1,0.365,0.439,0.219,0.444,0.799,0.458
"PMEPA1",0.122,0.644,0.497,0.447,0.293,0.65,0.59,0.666,0.513,0.686,0.57,0.485,0.496,0.6,0.319,0.611,0.602,0.513,0.545,0.606,0.099,0.721,0.569,0.517,0.559,0.489,1,0.198,0.619,0.564,0.616,0.458,0.472,0.199,0.498,0.605,0.465,0.551,0.504,0.479,0.682,0.527,0.484,0.42,0.731,0.274,0.193,0.487,0.618,0.132,0.531,0.099,0.721,0.619,0.594,0.379,0.505,0.615,0.196,0.196,0.238,0.238,1,0.212,0.146,1,1,0.174,0.147,0.635,0.227,0.573,0.684,0.696,0.526,1,0.536,0.616,0.208,0.619,0.614,1,0.544,0.644,0.56,0.467,0.469,0.569,0.069,0.086,0.53,0.119,0.306,0.68,0.654,0.109,0.724,0.644,1,0.537,0.562,0.589,1,0.473,0.551,0.11,0.464,0.556,0.444
"POLR3A",0.141,0.508,0.405,0.467,0.25,0.575,0.564,0.527,0.409,0.559,0.472,0.374,0.444,0.456,0.274,0.532,0.499,0.476,0.448,0.541,0.1,0.601,0.475,0.517,0.45,0.441,1,0.218,0.479,0.456,0.499,0.362,0.366,0.199,0.468,0.489,0.424,0.461,0.423,0.387,0.591,0.414,0.38,0.338,0.632,0.257,0.181,0.404,0.517,0.164,0.531,0.1,0.601,0.479,0.472,0.331,0.481,0.514,0.17,0.17,0.238,0.238,1,0.196,0.128,1,1,0.147,0.147,0.549,0.202,0.573,0.593,0.591,0.457,0.536,1,0.505,0.195,0.479,0.473,1,0.415,0.508,0.451,0.467,0.375,0.462,0.069,0.073,0.398,0.119,0.306,0.552,0.524,0.123,0.482,0.508,1,0.412,0.53,0.498,1,0.399,0.461,0.201,0.389,0.447,0.356
"PPP2CB",0.14,0.62,0.467,0.466,0.293,0.637,0.625,0.62,0.49,0.67,0.664,0.564,0.584,0.568,0.32,0.594,0.579,0.526,0.518,0.591,0.275,0.713,0.544,0.517,0.572,0.465,1,0.224,0.59,0.536,0.592,0.424,0.436,0.214,0.488,0.573,0.464,0.553,0.478,0.452,0.671,0.506,0.45,0.389,0.725,0.266,0.186,0.459,0.597,0.319,0.531,0.275,0.713,0.59,0.565,0.36,0.577,0.594,0.194,0.194,0.238,0.238,1,0.205,0.136,1,1,0.168,0.147,0.619,0.22,0.573,0.673,0.684,0.532,0.616,0.505,1,0.202,0.59,0.584,1,0.522,0.62,0.531,0.467,0.437,0.554,0.069,0.079,0.491,0.119,0.306,0.664,0.626,0.126,0.566,0.62,1,0.606,0.586,0.571,1,0.495,0.546,0.127,0.588,0.526,0.412
"PRDM2",0.094,0.314,0.293,0.188,0.115,0.264,0.204,0.28,0.218,0.209,0.199,0.189,0.18,0.2,0.081,0.182,0.184,0.181,0.2,0.203,0.099,0.217,0.247,0.116,0.198,0.192,0.292,0.201,0.213,0.294,0.202,0.782,0.794,0.201,0.469,0.252,0.14,0.157,0.352,0.303,0.202,0.301,0.195,0.17,0.216,0.358,0.861,0.239,0.368,0.105,0.161,0.099,0.217,0.213,0.331,0.198,0.184,0.186,0.206,0.206,0.37,0.37,0.292,0.764,0.638,0.292,0.292,0.095,0.147,0.258,0.77,0.131,0.212,0.224,0.277,0.208,0.195,0.202,1,0.213,0.209,0.292,0.203,0.314,0.647,0.467,0.778,0.198,0.069,0.067,0.191,0.119,0.306,0.225,0.256,0.083,0.274,0.389,0.292,0.196,0.181,0.273,0.292,0.154,0.157,0.11,0.185,0.345,0.851
"PRG2",0.13,0.625,0.451,0.421,0.27,0.642,0.564,0.625,0.457,0.688,0.533,0.419,0.465,0.56,0.344,0.593,0.576,0.464,0.506,0.591,0.099,0.741,0.537,0.517,0.518,0.426,1,0.194,0.588,0.525,0.59,0.402,0.413,0.201,0.484,0.573,0.482,0.571,0.465,0.428,0.682,0.476,0.428,0.368,0.75,0.376,0.198,0.444,0.597,0.14,0.531,0.099,0.741,0.588,0.559,0.368,0.473,0.593,0.214,0.214,0.238,0.238,1,0.228,0.154,1,1,0.181,0.147,0.622,0.232,0.573,0.685,0.701,0.474,0.619,0.479,0.59,0.213,1,0.581,1,0.49,0.625,0.52,0.467,0.416,0.532,0.069,0.091,0.469,0.119,0.598,0.68,0.799,0.119,0.564,0.625,1,0.479,0.539,0.563,1,0.453,0.571,0.11,0.41,0.514,0.391
"PROKR2",0.124,0.618,0.53,0.42,0.267,0.639,0.56,0.619,0.452,0.681,0.529,0.414,0.462,0.553,0.339,0.589,0.571,0.46,0.502,0.588,0.099,0.734,0.533,0.517,0.514,0.421,1,0.191,0.906,0.52,0.585,0.399,0.408,0.197,0.501,0.565,0.669,0.565,0.462,0.425,0.678,0.471,0.857,0.509,0.745,0.279,0.195,0.648,0.592,0.135,0.531,0.099,0.734,0.581,0.553,0.585,0.471,0.588,0.209,0.209,0.238,0.238,1,0.222,0.148,1,1,0.503,0.639,0.618,0.228,0.573,0.68,0.696,0.469,0.614,0.473,0.584,0.209,0.581,1,1,0.484,0.618,0.515,0.467,0.413,0.527,0.069,0.086,0.463,0.119,0.306,0.673,0.629,0.114,0.557,0.618,1,0.473,0.536,0.558,1,0.447,0.565,0.11,0.406,0.509,0.388
"PSMD8",0.147,1,1,1,0.576,1,1,1,1,1,1,1,1,1,0.473,1,1,1,1,1,0.099,1,1,0.517,1,1,1,0.325,1,1,1,1,1,0.311,1,1,0.657,0.788,1,1,1,1,1,1,1,0.357,0.238,1,1,0.154,0.531,0.099,1,1,1,0.657,1,1,0.269,0.269,0.238,0.238,1,0.281,0.176,1,1,0.258,0.147,1,0.325,0.573,1,1,1,1,1,1,0.292,1,1,1,1,1,1,0.467,1,1,0.069,0.11,1,0.119,0.306,1,1,0.128,1,1,1,1,1,1,1,0.788,0.788,0.11,1,1,1
"RAB17",0.117,0.531,0.414,0.446,0.246,0.581,0.514,0.537,0.45,0.57,0.505,0.411,0.476,0.467,0.28,0.538,0.507,0.423,0.459,0.546,0.147,0.612,0.482,0.517,0.465,0.382,1,0.21,0.49,0.472,0.508,0.368,0.373,0.198,0.472,0.505,0.427,0.47,0.434,0.391,0.599,0.685,0.387,0.343,0.641,0.262,0.185,0.427,0.534,0.205,0.531,0.147,0.612,0.49,0.491,0.324,0.505,0.522,0.192,0.192,0.238,0.238,1,0.201,0.122,1,1,0.161,0.147,0.556,0.222,0.573,0.601,0.6,0.436,0.544,0.415,0.522,0.203,0.49,0.484,1,1,0.531,0.459,0.467,0.387,0.725,0.069,0.07,0.407,0.119,0.306,0.563,0.527,0.104,0.499,0.531,1,0.453,0.5,0.504,1,0.376,0.47,0.11,0.442,0.463,0.367
"RBM45",0.122,1,0.539,0.434,0.283,0.661,0.586,0.655,0.51,0.725,0.558,0.444,0.477,0.597,0.357,0.612,0.6,0.486,0.527,0.605,0.099,0.778,0.558,0.517,0.543,0.45,1,0.245,0.625,0.775,0.62,0.518,0.503,0.211,0.517,0.588,0.49,0.598,0.632,0.447,0.707,0.795,0.45,0.382,0.78,0.276,0.311,0.497,0.896,0.133,0.531,0.099,0.778,0.625,0.969,0.36,0.495,0.618,0.605,0.605,0.67,0.67,1,0.22,0.146,1,1,0.193,0.147,0.643,0.454,0.573,0.71,0.731,0.757,0.644,0.508,0.62,0.314,0.625,0.618,1,0.531,1,0.581,0.467,0.578,0.557,0.069,0.085,0.499,0.119,0.306,0.717,0.658,0.112,0.623,0.847,1,0.509,0.554,0.584,1,0.481,0.598,0.11,0.429,0.949,0.534
"RELB",0.105,0.581,0.497,0.423,0.25,0.59,0.524,0.593,0.439,0.586,0.496,0.41,0.453,0.501,0.272,0.551,0.527,0.446,0.479,0.556,0.099,0.622,0.503,0.833,0.485,0.415,1,0.196,0.52,0.517,0.531,0.877,0.902,0.175,0.717,0.518,0.532,0.473,0.517,0.419,0.608,0.48,0.418,0.37,0.645,0.254,0.734,0.44,0.623,0.116,0.531,0.099,0.622,0.52,0.54,0.335,0.459,0.54,0.199,0.199,0.238,0.238,1,0.508,0.507,1,1,0.152,0.147,0.611,0.704,0.573,0.609,0.61,0.463,0.56,0.451,0.531,0.647,0.52,0.515,1,0.459,0.581,1,0.467,0.851,0.495,0.069,0.074,0.445,0.119,0.306,0.581,0.553,0.094,0.516,0.628,1,0.451,0.584,0.523,1,0.44,0.473,0.11,0.405,0.509,0.793
"RETNLB",0.329,0.467,0.467,0.467,0.296,0.467,0.467,0.467,0.467,0.467,0.467,0.467,0.467,0.467,0.246,0.467,0.467,0.467,0.467,0.467,0.213,0.467,0.467,0.275,0.467,0.467,0.467,0.467,0.467,0.467,0.467,0.467,0.467,0.329,0.467,0.63,0.38,0.38,0.467,0.467,0.467,0.467,0.467,0.467,0.467,0.63,0.467,0.467,0.467,0.317,0.248,0.213,0.467,0.467,0.467,0.63,0.467,0.467,0.26,0.26,0.224,0.224,0.467,0.467,0.38,0.467,0.467,0.25,0.329,0.467,0.38,0.296,0.467,0.467,0.467,0.467,0.467,0.467,0.467,0.467,0.467,0.467,0.467,0.467,0.467,1,0.467,0.467,0.153,0.245,0.467,0.25,0.63,0.467,0.63,0.296,0.63,0.467,0.467,0.467,0.467,0.467,0.467,0.38,0.38,0.245,0.467,0.467,0.467
"RFX2",0.105,0.578,0.545,0.393,0.213,0.51,0.448,0.513,0.392,0.466,0.418,0.35,0.41,0.402,0.218,0.477,0.443,0.385,0.411,0.492,0.099,0.493,0.431,0.517,0.409,0.353,1,0.245,0.416,0.527,0.437,0.957,0.878,0.166,0.73,0.436,0.361,0.376,0.558,0.367,0.508,0.519,0.362,0.332,0.526,0.25,0.871,0.421,0.688,0.115,0.531,0.099,0.493,0.416,0.579,0.303,0.418,0.454,0.31,0.31,0.464,0.464,1,0.542,0.489,1,1,0.142,0.147,0.532,0.911,0.573,0.509,0.499,0.485,0.469,0.375,0.437,0.778,0.416,0.413,1,0.387,0.578,0.851,0.467,1,0.417,0.069,0.075,0.37,0.119,0.306,0.462,0.452,0.093,0.463,0.697,1,0.375,0.455,0.447,1,0.318,0.376,0.11,0.355,0.58,0.907
"RGS10",0.12,0.557,0.445,0.455,0.265,0.598,0.539,0.584,0.45,0.598,0.534,0.453,0.495,0.513,0.294,0.56,0.536,0.528,0.487,0.562,0.147,0.634,0.511,0.517,0.629,0.427,1,0.203,0.532,0.499,0.793,0.406,0.414,0.19,0.497,0.533,0.433,0.486,0.479,0.426,0.617,0.685,0.426,0.376,0.656,0.259,0.181,0.439,0.552,0.196,0.531,0.147,0.634,0.532,0.519,0.35,0.465,0.549,0.175,0.175,0.238,0.238,1,0.198,0.13,1,1,0.155,0.147,0.591,0.208,0.573,0.618,0.621,0.472,0.569,0.462,0.554,0.198,0.532,0.527,1,0.725,0.557,0.495,0.467,0.417,1,0.069,0.075,0.455,1,0.306,0.593,0.57,0.106,0.527,0.557,1,0.494,0.52,0.531,1,0.408,0.486,0.11,0.472,0.49,0.396
"SCN7A",0.036,0.069,0.069,0.069,0.034,0.069,0.069,0.069,0.069,0.069,0.069,0.069,0.069,0.925,0.021,0.069,0.069,0.069,0.069,0.069,0.024,0.069,0.131,0.022,0.069,0.069,0.069,0.069,0.069,0.556,0.069,0.069,0.069,0.036,0.069,0.101,0.049,0.049,0.069,0.069,0.069,0.069,0.069,0.376,0.069,0.101,0.069,0.069,0.069,0.046,0.041,0.024,0.069,0.069,0.069,0.101,0.069,0.069,0.021,0.021,0.02,0.02,0.069,0.069,0.049,0.069,0.069,0.032,0.036,0.069,0.049,0.028,0.069,0.069,0.069,0.069,0.069,0.069,0.069,0.069,0.069,0.069,0.069,0.069,0.069,0.153,0.069,0.069,1,0.251,0.134,0.032,0.101,0.069,0.101,0.028,0.101,0.069,0.069,0.069,0.069,0.069,0.069,0.049,0.049,0.025,0.069,0.069,0.069
"SLC12A5",0.05,0.085,0.072,0.066,0.048,0.083,0.083,0.088,0.074,0.084,0.076,0.069,0.067,0.225,0.032,0.065,0.064,0.066,0.077,0.078,0.041,0.091,0.172,0.042,0.077,0.072,0.11,0.071,0.091,0.253,0.079,0.072,0.069,0.051,0.067,0.116,0.06,0.064,0.078,0.066,0.078,0.071,0.075,0.158,0.089,0.087,0.065,0.073,0.078,0.062,0.062,0.041,0.091,0.091,0.078,0.099,0.065,0.066,0.034,0.034,0.037,0.037,0.11,0.081,0.066,0.11,0.11,0.044,0.062,0.079,0.055,0.05,0.084,0.095,0.07,0.086,0.073,0.079,0.067,0.091,0.086,0.11,0.07,0.085,0.074,0.245,0.075,0.075,0.251,1,0.261,0.053,0.159,0.098,0.13,0.044,0.114,0.085,0.11,0.075,0.066,0.073,0.11,0.061,0.064,0.045,0.071,0.073,0.065
"SLC35B4",0.1,0.499,0.4,0.399,0.23,0.57,0.493,0.52,0.391,0.549,0.456,0.358,0.429,0.486,0.271,0.526,0.493,0.406,0.442,0.536,0.099,0.592,0.528,0.517,0.444,0.364,1,0.174,0.469,0.528,0.491,0.357,0.36,0.165,0.467,0.477,0.42,0.455,0.418,0.38,0.584,0.407,0.374,0.368,0.624,0.248,0.176,0.399,0.511,0.111,0.531,0.099,0.592,0.469,0.464,0.322,0.433,0.507,0.167,0.167,0.238,0.238,1,0.189,0.121,1,1,0.143,0.147,0.543,0.197,0.573,0.586,0.584,0.406,0.53,0.398,0.491,0.191,0.469,0.463,1,0.407,0.499,0.445,0.467,0.37,0.455,0.134,0.261,1,0.119,0.306,0.543,0.51,0.091,0.47,0.499,1,0.398,0.489,0.492,1,0.36,0.455,0.11,0.364,0.44,0.351
"SMAP1",0.071,0.119,0.119,0.401,0.065,0.119,0.119,0.203,0.119,0.119,0.119,0.119,0.119,0.119,0.092,0.141,0.119,0.437,0.119,0.119,0.048,0.119,0.119,0.051,0.663,0.119,0.119,0.119,0.119,0.119,1,0.119,0.119,0.071,0.401,0.166,0.09,0.09,0.259,0.119,0.124,0.119,0.119,0.119,0.119,0.166,0.119,0.119,0.119,0.081,0.07,0.048,0.119,0.119,0.119,0.166,0.119,0.119,0.049,0.049,0.045,0.045,0.119,0.119,0.09,0.119,0.119,0.061,0.071,0.203,0.09,0.059,0.119,0.119,0.119,0.119,0.119,0.119,0.119,0.119,0.119,0.119,0.119,0.119,0.119,0.25,0.119,1,0.032,0.053,0.119,1,0.166,0.119,0.166,0.059,0.166,0.119,0.119,0.119,0.119,0.119,0.119,0.09,0.09,0.053,0.119,0.119,0.119
"SPRR1B",0.21,0.306,0.306,0.306,0.187,0.306,0.306,0.306,0.306,0.306,0.306,0.306,0.306,0.306,0.156,0.306,0.306,0.306,0.306,0.306,0.141,0.306,0.306,0.172,0.306,0.306,0.306,0.306,0.306,0.306,0.306,0.306,0.306,0.21,0.306,0.412,0.246,0.246,0.306,0.306,0.306,0.306,0.306,0.306,0.306,1,0.306,0.306,0.306,0.211,0.17,0.141,0.306,0.306,0.306,0.412,0.306,0.306,0.164,0.164,0.143,0.143,0.306,0.306,0.246,0.306,0.306,0.166,0.21,0.306,0.246,0.187,0.306,0.306,0.306,0.306,0.306,0.306,0.306,0.598,0.306,0.306,0.306,0.306,0.306,0.63,0.306,0.306,0.101,0.159,0.306,0.166,1,0.306,1,0.187,0.412,0.306,0.306,0.306,0.306,0.306,0.306,0.246,0.246,0.159,0.306,0.306,0.306
"SPRR2A",0.139,0.717,0.497,0.452,0.306,0.688,0.617,0.698,0.518,0.78,0.595,0.48,0.495,0.652,0.389,0.639,0.637,0.517,0.743,0.756,0.099,0.833,0.589,0.517,0.58,0.487,1,0.211,0.68,0.739,0.664,0.448,0.465,0.242,0.515,0.69,0.513,0.644,0.506,0.474,0.744,0.537,0.481,0.404,0.824,0.3,0.206,0.485,0.658,0.149,0.531,0.099,0.833,0.68,0.632,0.384,0.507,0.654,0.261,0.261,0.238,0.238,1,0.249,0.164,1,1,0.323,0.147,0.674,0.264,0.573,0.746,0.775,0.535,0.68,0.552,0.664,0.225,0.68,0.673,1,0.563,0.717,0.581,0.467,0.462,0.593,0.069,0.098,0.543,0.119,0.306,1,0.712,0.128,0.623,0.717,1,0.552,0.576,0.615,1,0.526,0.644,0.11,0.456,0.575,0.432
"SPRR3",0.185,0.658,0.485,0.448,0.314,0.658,0.601,0.663,0.499,0.721,0.572,0.466,0.497,0.599,0.364,0.609,0.597,0.497,0.524,0.604,0.141,0.774,0.56,0.517,0.56,0.476,1,0.251,0.638,0.554,0.626,0.438,0.449,0.246,0.503,0.627,0.508,0.599,0.494,0.452,0.704,0.507,0.471,0.402,0.776,0.499,0.24,0.476,0.619,0.191,0.531,0.141,0.774,0.638,0.585,0.427,0.5,0.614,0.235,0.235,0.238,0.238,1,0.284,0.212,1,1,0.212,0.21,0.649,0.262,0.573,0.707,0.727,0.503,0.654,0.524,0.626,0.256,0.799,0.629,1,0.527,0.658,0.553,0.63,0.452,0.57,0.101,0.13,0.51,0.166,1,0.712,1,0.172,0.618,0.658,1,0.523,0.562,0.589,1,0.493,0.599,0.159,0.453,0.536,0.419
"STEAP2",0.292,0.112,0.09,0.104,0.216,0.103,0.141,0.113,0.233,0.112,0.134,0.136,0.127,0.103,0.041,0.081,0.084,0.107,0.097,0.096,0.11,0.119,0.088,0.048,0.108,0.148,0.128,0.366,0.119,0.105,0.103,0.09,0.087,0.143,0.079,0.152,0.075,0.084,0.097,0.202,0.099,0.101,0.095,0.074,0.114,0.125,0.081,0.09,0.099,0.191,0.069,0.11,0.119,0.119,0.101,0.127,0.096,0.086,0.045,0.045,0.041,0.041,0.128,0.105,0.086,0.128,0.128,0.056,0.071,0.099,0.07,0.057,0.107,0.121,0.104,0.109,0.123,0.126,0.083,0.119,0.114,0.128,0.104,0.112,0.094,0.296,0.093,0.106,0.028,0.044,0.091,0.059,0.187,0.128,0.172,1,0.149,0.112,0.128,0.134,0.104,0.149,0.128,0.1,0.084,0.122,0.155,0.093,0.081
"TCN1",0.161,0.623,0.475,0.446,0.29,0.615,0.559,0.597,0.516,0.63,0.528,0.437,0.479,0.533,0.313,0.571,0.55,0.468,0.492,0.573,0.141,0.672,0.524,0.517,0.518,0.446,1,0.31,0.564,0.544,0.566,0.434,0.435,0.227,0.501,0.567,0.464,0.52,0.493,0.431,0.642,0.509,0.446,0.389,0.692,0.31,0.256,0.48,0.607,0.168,0.531,0.141,0.672,0.564,0.577,0.393,0.491,0.565,0.262,0.262,0.276,0.276,1,0.256,0.187,1,1,0.26,0.21,0.601,0.304,0.573,0.644,0.651,0.492,0.724,0.482,0.566,0.274,0.564,0.557,1,0.499,0.623,0.516,0.63,0.463,0.527,0.101,0.114,0.47,0.166,0.412,0.623,0.618,0.149,1,0.623,1,0.48,0.535,0.548,1,0.435,0.52,0.159,0.432,0.543,0.432
"TIPIN",0.122,0.847,0.604,0.434,0.283,0.661,0.586,0.655,0.51,0.725,0.558,0.444,0.477,0.597,0.357,0.612,0.6,0.486,0.527,0.605,0.099,0.778,0.558,0.517,0.543,0.45,1,0.245,0.625,0.673,0.62,0.607,0.567,0.211,0.543,0.588,0.49,0.598,0.564,0.447,0.707,0.66,0.45,0.382,0.78,0.276,0.399,0.497,0.863,0.133,0.531,0.099,0.778,0.625,0.795,0.36,0.495,0.618,0.44,0.44,0.464,0.464,1,0.22,0.146,1,1,0.193,0.147,0.643,0.613,0.573,0.71,0.731,0.633,0.644,0.508,0.62,0.389,0.625,0.618,1,0.531,0.847,0.628,0.467,0.697,0.557,0.069,0.085,0.499,0.119,0.306,0.717,0.658,0.112,0.623,1,1,0.509,0.554,0.584,1,0.481,0.598,0.11,0.429,0.761,0.641
"TM9SF4",0.147,1,1,1,0.576,1,1,1,1,1,1,1,1,1,0.473,1,1,1,1,1,0.099,1,1,0.517,1,1,1,0.325,1,1,1,1,1,0.311,1,1,0.657,0.788,1,1,1,1,1,1,1,0.357,0.238,1,1,0.154,0.531,0.099,1,1,1,0.657,1,1,0.269,0.269,0.238,0.238,1,0.281,0.176,1,1,0.258,0.147,1,0.325,0.573,1,1,1,1,1,1,0.292,1,1,1,1,1,1,0.467,1,1,0.069,0.11,1,0.119,0.306,1,1,0.128,1,1,1,1,1,1,1,0.788,0.788,0.11,1,1,1
"TMPRSS2",0.151,0.509,0.406,0.445,0.26,0.575,0.58,0.528,0.417,0.559,0.715,0.679,0.693,0.456,0.277,0.532,0.499,0.475,0.448,0.541,1,0.601,0.475,0.517,0.601,0.391,1,0.229,0.479,0.456,0.499,0.362,0.366,0.208,0.468,0.487,0.425,0.462,0.423,0.391,0.591,0.447,0.38,0.338,0.632,0.258,0.181,0.404,0.518,0.623,0.531,1,0.601,0.479,0.472,0.33,0.483,0.514,0.172,0.172,0.238,0.238,1,0.197,0.129,1,1,0.149,0.147,0.549,0.203,0.573,0.593,0.592,0.455,0.537,0.412,0.606,0.196,0.479,0.473,1,0.453,0.509,0.451,0.467,0.375,0.494,0.069,0.075,0.398,0.119,0.306,0.552,0.523,0.134,0.48,0.509,1,1,0.548,0.502,1,0.429,0.462,0.128,0.604,0.447,0.356
"TRIM68",0.121,0.554,0.515,0.573,0.403,0.624,0.732,0.56,0.496,0.664,0.575,0.528,0.582,0.528,0.259,0.566,0.541,0.548,0.506,0.559,0.236,0.657,0.523,0.833,0.535,0.54,1,0.223,0.539,0.516,0.544,0.447,0.456,0.19,0.561,0.539,0.493,0.543,0.519,0.466,0.641,0.492,0.464,0.419,0.668,0.238,0.166,0.506,0.556,0.204,0.531,0.236,0.657,0.539,0.53,0.349,0.541,0.606,0.151,0.151,0.238,0.238,1,0.172,0.116,1,1,0.141,0.147,0.591,0.192,0.573,0.595,0.595,0.496,0.562,0.53,0.586,0.181,0.539,0.536,1,0.5,0.554,0.584,0.467,0.455,0.52,0.069,0.066,0.489,0.119,0.306,0.576,0.562,0.104,0.535,0.554,1,0.548,1,0.638,1,0.684,0.454,0.141,0.543,0.51,0.437
"TYR",0.169,0.584,0.524,0.503,0.481,0.709,0.62,0.589,0.529,0.741,0.537,0.461,0.523,0.547,0.285,0.588,0.56,0.49,0.513,0.576,0.103,0.731,0.585,0.517,0.522,0.466,1,0.402,0.563,0.526,0.567,0.437,0.447,0.28,0.507,0.554,0.431,0.623,0.528,0.58,0.694,0.494,0.458,0.405,0.738,0.405,0.177,0.524,0.574,0.136,0.531,0.103,0.731,0.563,0.547,0.35,0.488,0.571,0.175,0.175,0.238,0.238,1,0.31,0.126,1,1,0.159,0.147,0.594,0.211,0.573,0.633,0.637,0.495,0.589,0.498,0.571,0.273,0.563,0.558,1,0.504,0.584,0.523,0.467,0.447,0.531,0.069,0.073,0.492,0.119,0.306,0.615,0.589,0.149,0.548,0.584,1,0.502,0.638,1,1,0.43,0.496,0.113,0.456,0.519,0.491
"UBE2V2",0.147,1,1,1,0.576,1,1,1,1,1,1,1,1,1,0.473,1,1,1,1,1,0.099,1,1,0.517,1,1,1,0.325,1,1,1,1,1,0.311,1,1,0.657,0.788,1,1,1,1,1,1,1,0.357,0.238,1,1,0.154,0.531,0.099,1,1,1,0.657,1,1,0.269,0.269,0.238,0.238,1,0.281,0.176,1,1,0.258,0.147,1,0.325,0.573,1,1,1,1,1,1,0.292,1,1,1,1,1,1,0.467,1,1,0.069,0.11,1,0.119,0.306,1,1,0.128,1,1,1,1,1,1,1,0.788,0.788,0.11,1,1,1
"UBE4B",0.114,0.481,0.346,0.406,0.21,0.494,0.627,0.481,0.36,0.528,0.462,0.386,0.434,0.431,0.242,0.447,0.432,0.412,0.389,0.454,0.155,0.571,0.41,0.608,0.471,0.399,0.788,0.179,0.453,0.405,0.452,0.307,0.314,0.164,0.409,0.443,0.563,0.425,0.359,0.324,0.521,0.363,0.329,0.279,0.578,0.208,0.144,0.342,0.457,0.233,0.411,0.155,0.571,0.453,0.427,0.273,0.402,0.445,0.147,0.147,0.171,0.171,0.788,0.163,0.11,0.788,0.788,0.129,0.11,0.56,0.167,0.417,0.526,0.542,0.365,0.473,0.399,0.495,0.154,0.453,0.447,0.788,0.376,0.481,0.44,0.38,0.318,0.408,0.049,0.061,0.36,0.09,0.246,0.526,0.493,0.1,0.435,0.481,0.788,0.429,0.684,0.43,0.788,1,0.425,0.092,0.437,0.391,0.296
"UNC13C",0.093,0.598,0.405,0.382,0.237,0.553,0.5,0.575,0.428,0.646,0.488,0.4,0.392,0.549,0.283,0.506,0.51,0.419,0.456,0.501,0.073,0.689,0.477,0.368,0.475,0.404,0.788,0.149,0.571,0.484,0.546,0.366,0.382,0.159,0.405,0.528,0.387,0.511,0.411,0.382,0.599,0.442,0.396,0.326,0.672,0.212,0.147,0.394,0.535,0.106,0.411,0.073,0.689,0.571,0.521,0.298,0.4,0.524,0.166,0.166,0.171,0.171,0.788,0.168,0.115,0.788,0.788,0.147,0.11,0.541,0.182,0.417,0.604,0.636,0.439,0.551,0.461,0.546,0.157,0.571,0.565,0.788,0.47,0.598,0.473,0.38,0.376,0.486,0.049,0.064,0.455,0.09,0.246,0.644,0.599,0.084,0.52,0.598,0.788,0.462,0.454,0.496,0.788,0.425,1,0.081,0.371,0.47,0.348
"WARS2",0.151,0.11,0.11,0.151,0.122,0.11,0.177,0.11,0.151,0.11,0.141,0.141,0.177,0.11,0.039,0.11,0.11,0.145,0.11,0.11,0.099,0.11,0.11,0.042,0.11,0.151,0.11,0.268,0.11,0.11,0.11,0.11,0.11,0.151,0.11,0.159,0.081,0.081,0.11,0.122,0.11,0.11,0.11,0.11,0.11,0.159,0.11,0.11,0.11,0.177,0.062,0.099,0.11,0.11,0.11,0.159,0.122,0.11,0.04,0.04,0.037,0.037,0.11,0.11,0.081,0.11,0.11,0.053,0.062,0.11,0.081,0.05,0.11,0.11,0.219,0.11,0.201,0.127,0.11,0.11,0.11,0.11,0.11,0.11,0.11,0.245,0.11,0.11,0.025,0.045,0.11,0.053,0.159,0.11,0.159,0.122,0.159,0.11,0.11,0.128,0.141,0.113,0.11,0.092,0.081,1,0.177,0.11,0.11
"YOD1",0.177,0.429,0.378,0.465,0.267,0.506,0.571,0.45,0.408,0.46,0.647,0.612,0.709,0.396,0.214,0.473,0.438,0.475,0.406,0.488,0.432,0.487,0.426,0.517,0.53,0.395,1,0.277,0.41,0.408,0.431,0.346,0.347,0.22,0.455,0.437,0.379,0.371,0.393,0.379,0.502,0.438,0.357,0.329,0.52,0.249,0.173,0.379,0.451,0.507,0.531,0.432,0.487,0.41,0.414,0.308,0.481,0.448,0.139,0.139,0.238,0.238,1,0.18,0.122,1,1,0.128,0.147,0.491,0.182,0.573,0.504,0.493,0.444,0.464,0.389,0.588,0.185,0.41,0.406,1,0.442,0.429,0.405,0.467,0.355,0.472,0.069,0.071,0.364,0.119,0.306,0.456,0.453,0.155,0.432,0.429,1,0.604,0.543,0.456,1,0.437,0.371,0.177,1,0.401,0.342
"YTHDC1",0.104,0.949,0.528,0.42,0.249,0.587,0.52,0.551,0.464,0.581,0.492,0.406,0.451,0.496,0.272,0.548,0.523,0.443,0.475,0.553,0.099,0.616,0.499,0.517,0.481,0.411,1,0.274,0.514,0.793,0.526,0.488,0.466,0.188,0.507,0.504,0.418,0.47,0.671,0.416,0.604,0.808,0.415,0.367,0.641,0.253,0.323,0.479,0.884,0.115,0.531,0.099,0.616,0.514,0.978,0.319,0.463,0.536,0.677,0.677,0.767,0.767,1,0.191,0.126,1,1,0.166,0.147,0.565,0.487,0.573,0.605,0.606,0.799,0.556,0.447,0.526,0.345,0.514,0.509,1,0.463,0.949,0.509,0.467,0.58,0.49,0.069,0.073,0.44,0.119,0.306,0.575,0.536,0.093,0.543,0.761,1,0.447,0.51,0.519,1,0.391,0.47,0.11,0.401,1,0.544
"ZBTB32",0.092,0.534,0.517,0.384,0.2,0.524,0.426,0.464,0.373,0.435,0.397,0.335,0.397,0.378,0.197,0.455,0.42,0.368,0.392,0.471,0.099,0.459,0.453,0.517,0.389,0.338,1,0.23,0.391,0.496,0.412,0.867,0.869,0.221,0.701,0.408,0.337,0.348,0.511,0.441,0.478,0.489,0.347,0.323,0.492,0.359,0.818,0.41,0.643,0.103,0.531,0.099,0.459,0.391,0.539,0.282,0.404,0.429,0.279,0.279,0.464,0.464,1,0.61,0.498,1,1,0.131,0.147,0.489,0.834,0.573,0.48,0.467,0.458,0.444,0.356,0.412,0.851,0.391,0.388,1,0.367,0.534,0.793,0.467,0.907,0.396,0.069,0.065,0.351,0.119,0.306,0.432,0.419,0.081,0.432,0.641,1,0.356,0.437,0.491,1,0.296,0.348,0.11,0.342,0.544,1
