"","ADHFE1","AGFG1","AIM2","AKT1","ALDH1A3","APCS","ATG16L1","ATN1","BCAS1","BDH2","CADM3","CAPN2","CASP5","CASP8","CATSPER1","CCDC80","CCL1","CCL11","CCL7","CCL8","CD1C","CD1D","CD5L","CD84","CDH17","CEACAM4","CFLAR","COMT","COX6C","CYP2C9","DCC","DCD","DLC1","DLX2","E2F6","ENOSF1","ESR1","FABP1","FCRL3","FSD1","FUS","FXN","GDF5","GFM1","GPR37L1","GRIA1","HJURP","HMGCL","HOXD9","HTR2A","IFI16","IMMP2L","ITGBL1","LRP1B","LUC7L3","MARCO","MARK4","MED25","MIR134","MIR377","MIR379","MIR488","MIR758","MUC16","MYT1","MYT1L","NIPSNAP1","NUP43","OPN5","OR10A4","PAWR","PAX4","PDGFD","PFDN4","PHC3","PIWIL1","PMEPA1","POLR3A","PPP2CB","PRDM2","PROKR2","PSMD8","RAB17","RBM45","RELB","RETNLB","RFX2","RGS10","SCN7A","SLC12A5","SLC35B4","SMAP1","SPRR1B","SPRR2A","SPRR3","STEAP2","TCN1","TIPIN","TM9SF4","TMPRSS2","TRIM68","TYR","UBE2V2","UBE4B","UNC13C","WARS2","YOD1","YTHDC1","ZBTB32"
"ADHFE1",1,0.076,0.073,0.083,0.204,0.085,0.158,0.079,0.104,0.209,0.079,0.182,0.056,0.105,0.05,0.073,0.06,0.077,0.069,0.069,0.057,0.06,0.112,0.074,0.096,0.119,0.06,0.194,0.254,0.327,0.073,0.049,0.07,0.082,0.084,0.267,0.075,0.066,0.063,0.093,0.133,0.098,0.084,0.135,0.055,0.091,0.125,0.416,0.064,0.066,0.077,0.169,0.119,0.078,0.134,0.094,0.096,0.069,0.09,0.018,0.054,0.076,0.07,0.214,0.093,0.079,0.038,0.079,0.068,0.027,0.086,0.085,0.078,0.183,0.077,0.079,0.047,0.103,0.117,0.086,0.099,0.238,0.077,0.045,0.086,0.169,0.07,0.076,0.038,0.058,0.037,0.047,0.127,0.028,0.048,0.09,0.029,0.11,0.1,0.142,0.09,0.158,0.131,0.159,0.064,0.209,0.159,0.103,0.091
"AGFG1",0.076,1,0.112,0.117,0.132,0.107,0.164,0.136,0.176,0.154,0.093,0.217,0.106,0.143,0.28,0.178,0.086,0.146,0.144,0.096,0.065,0.095,0.09,0.11,0.208,0.136,0.17,0.117,0.123,0.105,0.206,0.063,0.175,0.198,0.084,0.108,0.138,0.105,0.105,0.262,0.191,0.131,0.156,0.152,0.075,0.108,0.176,0.099,0.124,0.088,0.121,0.212,0.13,0.224,0.159,0.133,0.248,0.119,0.113,0.135,0.109,0.111,0.1,0.221,0.136,0.216,0.078,0.367,0.106,0.057,0.23,0.171,0.087,0.176,0.115,0.455,0.062,0.103,0.125,0.095,0.102,0.103,0.252,0.176,0.139,0.185,0.567,0.09,0.101,0.173,0.133,0.179,0.156,0.034,0.133,0.124,0.267,0.117,0.192,0.09,0.09,0.083,0.095,0.089,0.202,0.091,0.129,0.304,0.115
"AIM2",0.073,0.112,1,0.4,0.166,0.339,0.133,0.241,0.417,0.14,0.085,0.199,0.187,0.512,0.116,0.142,0.443,0.402,0.4,0.401,0.24,0.314,0.167,0.272,0.274,0.342,0.347,0.151,0.138,0.219,0.157,0.176,0.367,0.304,0.18,0.149,0.456,0.215,0.312,0.206,0.293,0.266,0.297,0.314,0.246,0.293,0.22,0.113,0.215,0.326,0.544,0.103,0.231,0.092,0.126,0.298,0.315,0.257,0.179,0.202,0.263,0.242,0.28,0.313,0.873,0.262,0.113,0.148,0.294,0.183,0.191,0.242,0.265,0.199,0.664,0.147,0.208,0.31,0.317,0.234,0.253,0.232,0.202,0.668,0.465,0.267,0.193,0.272,0.076,0.207,0.049,0.225,0.132,0.195,0.154,0.155,0.082,0.237,0.221,0.134,0.362,0.159,0.213,0.213,0.151,0.092,0.226,0.189,0.299
"AKT1",0.083,0.117,0.4,1,0.121,0.269,0.158,0.174,0.291,0.166,0.08,0.229,0.105,0.431,0.13,0.152,0.368,0.451,0.374,0.357,0.134,0.173,0.121,0.233,0.267,0.31,0.349,0.141,0.153,0.195,0.185,0.083,0.361,0.271,0.145,0.214,0.432,0.254,0.334,0.214,0.217,0.349,0.301,0.33,0.233,0.301,0.187,0.119,0.158,0.313,0.396,0.138,0.26,0.105,0.098,0.351,0.401,0.235,0.2,0.456,0.294,0.146,0.197,0.469,0.889,0.195,0.215,0.462,0.275,0.212,0.173,0.171,0.366,0.216,0.698,0.165,0.195,0.16,0.304,0.171,0.255,0.614,0.212,0.38,0.352,0.788,0.164,0.268,0.061,0.167,0.054,0.304,0.158,0.075,0.106,0.166,0.306,0.255,0.221,0.142,0.325,0.137,0.218,0.269,0.122,0.092,0.291,0.164,0.208
"ALDH1A3",0.204,0.132,0.166,0.121,1,0.146,0.168,0.199,0.262,0.216,0.073,0.144,0.161,0.167,0.103,0.106,0.083,0.119,0.107,0.087,0.063,0.099,0.088,0.086,0.21,0.118,0.152,0.189,0.206,0.37,0.145,0.052,0.192,0.247,0.094,0.249,0.116,0.078,0.106,0.121,0.248,0.137,0.164,0.191,0.08,0.103,0.198,0.268,0.253,0.101,0.132,0.132,0.109,0.075,0.17,0.131,0.212,0.132,0.108,0.165,0.115,0.098,0.084,0.19,0.155,0.222,0.087,0.094,0.212,0.056,0.136,0.288,0.094,0.148,0.13,0.124,0.056,0.117,0.141,0.105,0.1,0.19,0.146,0.425,0.131,0.158,0.158,0.088,0.067,0.128,0.043,0.102,0.218,0.051,0.148,0.09,0.035,0.124,0.137,0.116,0.119,0.149,0.161,0.129,0.143,0.135,0.173,0.15,0.114
"APCS",0.085,0.107,0.339,0.269,0.146,1,0.185,0.167,0.29,0.132,0.097,0.164,0.108,0.293,0.102,0.13,0.308,0.298,0.278,0.296,0.172,0.237,0.186,0.277,0.22,0.223,0.228,0.157,0.144,0.167,0.173,0.229,0.217,0.236,0.136,0.155,0.246,0.207,0.207,0.177,0.237,0.219,0.219,0.27,0.13,0.182,0.236,0.106,0.145,0.177,0.387,0.11,0.181,0.091,0.123,0.202,0.22,0.231,0.206,0.21,0.218,0.289,0.285,0.469,0.345,0.179,0.128,0.254,0.166,0.103,0.155,0.163,0.179,0.346,0.418,0.144,0.126,0.253,0.231,0.157,0.156,0.274,0.2,0.209,0.345,0.428,0.146,0.179,0.069,0.165,0.055,0.166,0.135,0.243,0.164,0.145,0.089,0.222,0.237,0.241,0.348,0.143,0.201,0.162,0.166,0.08,0.204,0.181,0.23
"ATG16L1",0.158,0.164,0.133,0.158,0.168,0.185,1,0.129,0.144,0.195,0.1,0.245,0.074,0.154,0.069,0.122,0.129,0.15,0.119,0.134,0.078,0.093,0.114,0.099,0.164,0.138,0.123,0.198,0.291,0.262,0.116,0.095,0.145,0.139,0.141,0.219,0.159,0.093,0.106,0.158,0.209,0.189,0.117,0.455,0.078,0.12,0.214,0.221,0.118,0.099,0.203,0.213,0.145,0.1,0.167,0.155,0.219,0.163,0.134,0.028,0.096,0.085,0.106,0.25,0.262,0.133,0.057,0.119,0.094,0.041,0.184,0.135,0.135,0.213,0.221,0.113,0.062,0.179,0.231,0.165,0.118,0.261,0.175,0.062,0.131,0.211,0.217,0.098,0.054,0.097,0.055,0.116,0.226,0.074,0.066,0.118,0.044,0.17,0.154,0.252,0.28,0.144,0.234,0.215,0.138,0.207,0.443,0.129,0.121
"ATN1",0.079,0.136,0.241,0.174,0.199,0.167,0.129,1,0.571,0.158,0.101,0.113,0.308,0.279,0.109,0.101,0.095,0.126,0.111,0.101,0.079,0.118,0.092,0.149,0.222,0.148,0.334,0.183,0.139,0.129,0.262,0.063,0.293,0.536,0.576,0.099,0.359,0.185,0.132,0.126,0.376,0.136,0.194,0.279,0.096,0.125,0.145,0.131,0.554,0.109,0.309,0.131,0.147,0.092,0.162,0.165,0.248,0.431,0.225,0.253,0.192,0.162,0.109,0.259,0.781,0.654,0.137,0.123,0.164,0.086,0.353,0.556,0.111,0.246,0.931,0.157,0.079,0.258,0.219,0.62,0.129,0.113,0.16,0.874,0.251,0.218,0.328,0.101,0.088,0.144,0.056,0.082,0.239,0.042,0.204,0.111,0.045,0.243,0.127,0.095,0.167,0.15,0.179,0.158,0.104,0.193,0.112,0.205,0.431
"BCAS1",0.104,0.176,0.417,0.291,0.262,0.29,0.144,0.571,1,0.249,0.139,0.11,0.334,0.377,0.148,0.131,0.173,0.26,0.214,0.214,0.107,0.221,0.072,0.146,0.574,0.188,0.399,0.366,0.204,0.155,0.316,0.092,0.414,0.436,0.05,0.057,0.173,0.105,0.153,0.177,0.105,0.15,0.321,0.065,0.12,0.173,0.29,0.092,0.288,0.134,0.311,0.076,0.204,0.156,0.085,0.253,0.664,0.115,0.115,0.15,0.216,0.105,0.121,0.26,0.048,0.664,0.112,0.123,0.259,0.066,0.174,0.444,0.15,0.29,0.038,0.185,0.085,0.068,0.219,0.05,0.152,0.062,0.265,0.664,0.23,0.219,0.185,0.152,0.14,0.35,0.077,0.082,0.285,0.047,0.285,0.188,0.045,0.204,0.26,0.065,0.087,0.167,0.087,0.109,0.203,0.052,0.144,0.068,0.11
"BDH2",0.209,0.154,0.14,0.166,0.216,0.132,0.195,0.158,0.249,1,0.1,0.195,0.109,0.178,0.109,0.096,0.132,0.145,0.135,0.129,0.074,0.113,0.129,0.109,0.164,0.145,0.211,0.269,0.239,0.324,0.203,0.066,0.141,0.278,0.139,0.281,0.158,0.099,0.116,0.125,0.21,0.235,0.2,0.455,0.091,0.126,0.161,0.283,0.162,0.159,0.157,0.205,0.146,0.111,0.2,0.124,0.155,0.145,0.152,0.101,0.171,0.106,0.099,0.235,0.202,0.285,0.057,0.19,0.116,0.043,0.112,0.241,0.116,0.196,0.169,0.165,0.069,0.159,0.175,0.152,0.117,0.213,0.151,0.242,0.153,0.197,0.19,0.107,0.098,0.199,0.063,0.108,0.337,0.067,0.249,0.124,0.071,0.164,0.178,0.168,0.157,0.211,0.22,0.167,0.129,0.241,0.21,0.174,0.136
"CADM3",0.079,0.093,0.085,0.08,0.073,0.097,0.1,0.101,0.139,0.1,1,0.079,0.087,0.091,0.072,0.214,0.082,0.139,0.097,0.097,0.081,0.207,0.061,0.234,0.377,0.163,0.082,0.117,0.159,0.1,0.282,0.074,0.098,0.103,0.039,0.053,0.072,0.075,0.074,0.134,0.064,0.079,0.117,0.055,0.086,0.13,0.184,0.078,0.049,0.086,0.061,0.061,0.352,0.122,0.068,0.113,0.11,0.059,0.08,0.025,0.056,0.058,0.08,0.639,0.04,0.089,0.055,0.112,0.096,0.037,0.134,0.095,0.088,0.232,0.031,0.079,0.069,0.052,0.099,0.038,0.139,0.051,0.109,0.06,0.1,0.217,0.068,0.11,0.06,0.085,0.065,0.07,0.077,0.041,0.072,0.13,0.04,0.133,0.256,0.052,0.065,0.099,0.064,0.073,0.094,0.042,0.081,0.048,0.077
"CAPN2",0.182,0.217,0.199,0.229,0.144,0.164,0.245,0.113,0.11,0.195,0.079,1,0.086,0.303,0.084,0.15,0.188,0.247,0.227,0.182,0.09,0.091,0.343,0.169,0.149,0.214,0.146,0.211,0.168,0.247,0.146,0.064,0.261,0.146,0.138,0.335,0.233,0.237,0.185,0.294,0.292,0.262,0.199,0.349,0.186,0.177,0.221,0.286,0.109,0.218,0.191,0.366,0.152,0.081,0.218,0.206,0.338,0.172,0.189,0.067,0.195,0.139,0.183,0.199,0.181,0.117,0.055,0.088,0.153,0.097,0.175,0.126,0.206,0.238,0.151,0.125,0.175,0.164,0.275,0.147,0.177,0.812,0.18,0.06,0.188,0.162,0.164,0.222,0.051,0.102,0.044,0.322,0.25,0.053,0.066,0.146,0.042,0.195,0.133,0.45,0.262,0.134,0.315,0.488,0.136,0.215,0.52,0.196,0.19
"CASP5",0.056,0.106,0.187,0.105,0.161,0.108,0.074,0.308,0.334,0.109,0.087,0.086,1,0.194,0.09,0.08,0.155,0.167,0.166,0.16,0.111,0.132,0.091,0.08,0.191,0.178,0.153,0.139,0.105,0.101,0.177,0.136,0.198,0.288,0.032,0.047,0.1,0.122,0.12,0.095,0.057,0.076,0.199,0.051,0.137,0.146,0.116,0.067,0.179,0.13,0.15,0.046,0.15,0.08,0.052,0.162,0.179,0.048,0.07,0.167,0.113,0.088,0.138,0.194,0.039,0.272,0.088,0.09,0.336,0.086,0.091,0.299,0.107,0.144,0.031,0.1,0.114,0.104,0.083,0.034,0.173,0.047,0.12,0.581,0.188,0.159,0.099,0.15,0.072,0.13,0.05,0.062,0.203,0.103,0.23,0.106,0.037,0.105,0.121,0.046,0.093,0.111,0.088,0.116,0.087,0.035,0.085,0.044,0.076
"CASP8",0.105,0.143,0.512,0.431,0.167,0.293,0.154,0.279,0.377,0.178,0.091,0.303,0.194,1,0.121,0.14,0.36,0.37,0.339,0.332,0.186,0.249,0.207,0.337,0.307,0.313,0.448,0.187,0.159,0.202,0.168,0.106,0.457,0.284,0.118,0.335,0.361,0.255,0.399,0.196,0.232,0.314,0.331,0.404,0.219,0.284,0.188,0.157,0.175,0.277,0.506,0.179,0.245,0.098,0.127,0.345,0.379,0.18,0.21,0.603,0.259,0.222,0.203,0.36,0.336,0.218,0.126,0.204,0.298,0.171,0.298,0.213,0.31,0.237,0.259,0.194,0.186,0.208,0.314,0.136,0.247,0.812,0.178,0.583,0.429,0.323,0.16,0.259,0.07,0.158,0.052,0.199,0.207,0.094,0.137,0.15,0.074,0.219,0.188,0.243,0.317,0.145,0.233,0.371,0.126,0.11,0.347,0.187,0.26
"CATSPER1",0.05,0.28,0.116,0.13,0.103,0.102,0.069,0.109,0.148,0.109,0.072,0.084,0.09,0.121,1,0.098,0.142,0.155,0.171,0.219,0.081,0.088,0.055,0.158,0.169,0.223,0.117,0.141,0.093,0.087,0.154,0.055,0.159,0.146,0.055,0.055,0.102,0.12,0.184,0.163,0.079,0.097,0.138,0.05,0.107,0.132,0.134,0.067,0.112,0.142,0.094,0.07,0.233,0.177,0.047,0.179,0.162,0.085,0.103,0.097,0.145,0.081,0.088,0.165,0.091,0.122,0.102,0.221,0.131,0.067,0.098,0.15,0.173,0.134,0.07,0.37,0.086,0.061,0.088,0.062,0.141,0.047,0.178,0.199,0.113,0.137,0.284,0.123,0.269,0.218,0.116,0.164,0.097,0.073,0.096,0.212,0.305,0.131,0.157,0.065,0.121,0.096,0.067,0.076,0.118,0.032,0.079,0.085,0.126
"CCDC80",0.073,0.178,0.142,0.152,0.106,0.13,0.122,0.101,0.131,0.096,0.214,0.15,0.08,0.14,0.098,1,0.125,0.165,0.16,0.123,0.104,0.147,0.053,0.13,0.238,0.241,0.139,0.102,0.14,0.095,0.181,0.07,0.183,0.181,0.084,0.05,0.143,0.105,0.164,0.279,0.156,0.169,0.187,0.054,0.151,0.194,0.209,0.074,0.071,0.155,0.111,0.087,0.298,0.108,0.112,0.201,0.268,0.149,0.14,0.065,0.112,0.094,0.091,0.454,0.106,0.097,0.051,0.105,0.151,0.035,0.245,0.1,0.24,0.217,0.081,0.102,0.13,0.077,0.11,0.101,0.198,0.051,0.16,0.056,0.136,0.201,0.139,0.182,0.057,0.121,0.062,0.187,0.072,0.05,0.068,0.117,0.038,0.23,0.225,0.082,0.138,0.086,0.103,0.096,0.167,0.044,0.093,0.105,0.156
"CCL1",0.06,0.086,0.443,0.368,0.083,0.308,0.129,0.095,0.173,0.132,0.082,0.188,0.155,0.36,0.142,0.125,1,0.759,0.861,0.849,0.191,0.222,0.168,0.286,0.244,0.338,0.234,0.126,0.121,0.189,0.188,0.167,0.258,0.166,0.071,0.123,0.413,0.188,0.343,0.189,0.13,0.284,0.316,0.12,0.321,0.341,0.181,0.081,0.083,0.507,0.377,0.057,0.33,0.093,0.061,0.352,0.271,0.147,0.154,0.11,0.23,0.218,0.252,0.259,0.237,0.104,0.093,0.153,0.319,0.227,0.127,0.109,0.363,0.171,0.179,0.113,0.24,0.232,0.241,0.087,0.302,0.093,0.162,0.095,0.451,0.229,0.082,0.39,0.113,0.193,0.051,0.272,0.07,0.172,0.129,0.18,0.066,0.194,0.214,0.146,0.308,0.121,0.148,0.207,0.133,0.042,0.22,0.121,0.214
"CCL11",0.077,0.146,0.402,0.451,0.119,0.298,0.15,0.126,0.26,0.145,0.139,0.247,0.167,0.37,0.155,0.165,0.759,1,0.847,0.764,0.189,0.252,0.158,0.24,0.366,0.32,0.278,0.152,0.148,0.207,0.279,0.161,0.383,0.225,0.068,0.197,0.37,0.186,0.33,0.233,0.143,0.322,0.338,0.33,0.295,0.316,0.22,0.099,0.099,0.44,0.316,0.094,0.369,0.108,0.081,0.364,0.404,0.167,0.143,0.308,0.249,0.148,0.259,1,0.172,0.166,0.406,0.228,0.331,0.23,0.176,0.142,0.403,0.202,0.142,0.134,0.214,0.186,0.292,0.077,0.279,0.333,0.212,0.351,0.396,0.406,0.118,0.35,0.11,0.219,0.059,0.272,0.139,0.158,0.146,0.191,0.082,0.229,0.272,0.122,0.314,0.18,0.196,0.275,0.168,0.062,0.309,0.107,0.166
"CCL7",0.069,0.144,0.4,0.374,0.107,0.278,0.119,0.111,0.214,0.135,0.097,0.227,0.166,0.339,0.171,0.16,0.861,0.847,1,0.849,0.193,0.21,0.151,0.212,0.308,0.366,0.26,0.139,0.138,0.2,0.225,0.155,0.378,0.187,0.066,0.093,0.401,0.194,0.351,0.249,0.131,0.298,0.366,0.099,0.345,0.394,0.212,0.078,0.09,0.51,0.303,0.065,0.374,0.11,0.067,0.374,0.364,0.147,0.136,0.278,0.25,0.147,0.239,0.346,0.172,0.115,0.104,0.185,0.346,0.227,0.176,0.136,0.423,0.196,0.136,0.124,0.253,0.175,0.237,0.076,0.323,0.098,0.201,0.206,0.424,0.307,0.108,0.414,0.1,0.226,0.059,0.272,0.085,0.155,0.139,0.197,0.077,0.213,0.234,0.082,0.299,0.126,0.148,0.223,0.221,0.039,0.235,0.1,0.174
"CCL8",0.069,0.096,0.401,0.357,0.087,0.296,0.134,0.101,0.214,0.129,0.097,0.182,0.16,0.332,0.219,0.123,0.849,0.764,0.849,1,0.194,0.227,0.156,0.243,0.275,0.386,0.235,0.135,0.137,0.195,0.195,0.191,0.253,0.162,0.06,0.093,0.375,0.203,0.372,0.187,0.11,0.272,0.357,0.099,0.325,0.377,0.2,0.081,0.077,0.512,0.326,0.065,0.345,0.153,0.06,0.395,0.28,0.133,0.126,0.107,0.212,0.141,0.294,0.346,0.172,0.105,0.104,0.334,0.328,0.227,0.134,0.109,0.341,0.193,0.136,0.107,0.244,0.192,0.233,0.069,0.312,0.098,0.234,0.105,0.431,0.307,0.078,0.4,0.151,0.264,0.08,0.295,0.076,0.196,0.133,0.301,0.305,0.194,0.252,0.102,0.313,0.132,0.14,0.216,0.238,0.039,0.227,0.096,0.154
"CD1C",0.057,0.065,0.24,0.134,0.063,0.172,0.078,0.079,0.107,0.074,0.081,0.09,0.111,0.186,0.081,0.104,0.191,0.189,0.193,0.194,1,0.686,0.144,0.215,0.133,0.252,0.127,0.137,0.103,0.109,0.092,0.12,0.107,0.118,0.04,0.099,0.123,0.102,0.177,0.113,0.075,0.12,0.135,0.05,0.135,0.143,0.136,0.083,0.074,0.157,0.148,0.042,0.139,0.084,0.051,0.153,0.138,0.078,0.074,0.05,0.1,0.08,0.23,0.181,0.063,0.078,0.113,0.094,0.153,0.183,0.108,0.117,0.144,0.142,0.049,0.067,0.096,0.229,0.117,0.048,0.171,0.052,0.14,0.112,0.25,0.154,0.055,0.138,0.078,0.112,0.047,0.08,0.079,0.185,0.141,0.137,0.082,0.13,0.15,0.084,0.186,0.145,0.098,0.124,0.079,0.031,0.089,0.061,0.222
"CD1D",0.06,0.095,0.314,0.173,0.099,0.237,0.093,0.118,0.221,0.113,0.207,0.091,0.132,0.249,0.088,0.147,0.222,0.252,0.21,0.227,0.686,1,0.126,0.258,0.288,0.247,0.187,0.146,0.116,0.119,0.225,0.212,0.159,0.195,0.041,0.099,0.128,0.098,0.252,0.125,0.085,0.142,0.19,0.07,0.128,0.146,0.153,0.081,0.101,0.153,0.257,0.046,0.227,0.088,0.053,0.158,0.169,0.087,0.085,0.111,0.117,0.121,0.261,0.717,0.063,0.16,0.113,0.137,0.163,0.183,0.119,0.159,0.162,0.162,0.049,0.102,0.09,0.239,0.128,0.048,0.151,0.066,0.161,0.339,0.322,0.251,0.088,0.132,0.075,0.137,0.049,0.089,0.118,0.224,0.164,0.147,0.082,0.165,0.225,0.094,0.207,0.14,0.105,0.119,0.095,0.033,0.103,0.064,0.212
"CD5L",0.112,0.09,0.167,0.121,0.088,0.186,0.114,0.092,0.072,0.129,0.061,0.343,0.091,0.207,0.055,0.053,0.168,0.158,0.151,0.156,0.144,0.126,1,0.22,0.087,0.126,0.102,0.174,0.106,0.166,0.056,0.272,0.083,0.087,0.115,0.246,0.133,0.149,0.095,0.062,0.212,0.163,0.08,0.267,0.112,0.093,0.09,0.229,0.1,0.107,0.183,0.408,0.101,0.062,0.203,0.122,0.102,0.099,0.114,0.031,0.094,0.189,0.201,0.129,0.158,0.09,0.071,0.059,0.107,0.115,0.062,0.136,0.101,0.175,0.127,0.082,0.067,0.276,0.193,0.125,0.136,0.314,0.06,0.075,0.281,0.11,0.076,0.099,0.061,0.104,0.032,0.038,0.176,0.216,0.19,0.109,0.051,0.111,0.127,0.417,0.186,0.141,0.201,0.238,0.053,0.182,0.3,0.188,0.165
"CD84",0.074,0.11,0.272,0.233,0.086,0.277,0.099,0.149,0.146,0.109,0.234,0.169,0.08,0.337,0.158,0.13,0.286,0.24,0.212,0.243,0.215,0.258,0.22,1,0.286,0.255,0.186,0.137,0.117,0.124,0.183,0.133,0.18,0.196,0.152,0.146,0.259,0.185,0.35,0.179,0.204,0.161,0.185,0.203,0.133,0.171,0.154,0.12,0.146,0.168,0.316,0.122,0.198,0.1,0.11,0.183,0.172,0.182,0.342,0.175,0.206,0.399,0.248,0.639,0.281,0.152,0.093,0.152,0.152,0.148,0.114,0.158,0.173,0.241,0.302,0.196,0.111,0.292,0.284,0.168,0.154,0.192,0.161,0.095,0.413,0.223,0.13,0.148,0.127,0.161,0.056,0.187,0.099,0.136,0.118,0.153,0.214,0.199,0.221,0.147,0.212,0.125,0.167,0.145,0.108,0.087,0.166,0.224,0.429
"CDH17",0.096,0.208,0.274,0.267,0.21,0.22,0.164,0.222,0.574,0.164,0.377,0.149,0.191,0.307,0.169,0.238,0.244,0.366,0.308,0.275,0.133,0.288,0.087,0.286,1,0.324,0.272,0.221,0.185,0.168,0.385,0.091,0.338,0.304,0.059,0.099,0.239,0.171,0.279,0.22,0.157,0.195,0.35,0.12,0.21,0.281,0.306,0.099,0.214,0.271,0.194,0.118,0.469,0.254,0.117,0.34,0.351,0.174,0.134,0.315,0.159,0.113,0.15,1,0.116,0.267,0.253,0.228,0.314,0.16,0.212,0.266,0.235,0.262,0.087,0.163,0.178,0.084,0.199,0.065,0.258,0.12,0.29,0.757,0.27,0.373,0.164,0.249,0.154,0.275,0.186,0.208,0.182,0.059,0.182,0.198,0.586,0.21,0.372,0.082,0.17,0.163,0.122,0.171,0.228,0.05,0.199,0.149,0.142
"CEACAM4",0.119,0.136,0.342,0.31,0.118,0.223,0.138,0.148,0.188,0.145,0.163,0.214,0.178,0.313,0.223,0.241,0.338,0.32,0.366,0.386,0.252,0.247,0.126,0.255,0.324,1,0.256,0.16,0.19,0.171,0.183,0.134,0.279,0.214,0.142,0.093,0.316,0.244,0.455,0.331,0.166,0.212,0.432,0.094,0.428,0.517,0.277,0.117,0.124,0.449,0.272,0.12,0.426,0.36,0.104,0.565,0.318,0.192,0.234,0.157,0.257,0.192,0.217,0.311,0.172,0.15,0.104,0.407,0.445,0.114,0.224,0.16,0.42,0.269,0.136,0.138,0.412,0.154,0.231,0.148,0.497,0.093,0.367,0.105,0.37,0.271,0.131,0.513,0.201,0.255,0.185,0.344,0.121,0.128,0.135,0.411,0.303,0.3,0.356,0.128,0.308,0.147,0.189,0.272,0.262,0.068,0.219,0.196,0.476
"CFLAR",0.06,0.17,0.347,0.349,0.152,0.228,0.123,0.334,0.399,0.211,0.082,0.146,0.153,0.448,0.117,0.139,0.234,0.278,0.26,0.235,0.127,0.187,0.102,0.186,0.272,0.256,1,0.176,0.125,0.138,0.266,0.086,0.396,0.362,0.156,0.149,0.364,0.301,0.278,0.214,0.234,0.309,0.337,0.314,0.206,0.241,0.191,0.092,0.223,0.234,0.327,0.075,0.198,0.088,0.089,0.262,0.36,0.254,0.175,0.223,0.251,0.129,0.129,0.313,0.873,0.402,0.159,0.144,0.244,0.132,0.366,0.283,0.276,0.189,0.664,0.169,0.192,0.15,0.238,0.216,0.21,0.131,0.21,0.584,0.326,0.286,0.233,0.21,0.087,0.209,0.046,0.202,0.252,0.089,0.334,0.126,0.051,0.233,0.186,0.09,0.282,0.137,0.148,0.21,0.127,0.074,0.155,0.144,0.203
"COMT",0.194,0.117,0.151,0.141,0.189,0.157,0.198,0.183,0.366,0.269,0.117,0.211,0.139,0.187,0.141,0.102,0.126,0.152,0.139,0.135,0.137,0.146,0.174,0.137,0.221,0.16,0.176,1,0.268,0.28,0.158,0.085,0.159,0.245,0.112,0.267,0.135,0.098,0.105,0.12,0.188,0.173,0.147,0.167,0.094,0.127,0.18,0.266,0.218,0.12,0.148,0.177,0.156,0.115,0.194,0.157,0.167,0.122,0.126,0.177,0.118,0.123,0.128,0.259,0.147,0.234,0.187,0.149,0.139,0.115,0.125,0.326,0.1,0.203,0.119,0.164,0.062,0.162,0.171,0.119,0.173,0.214,0.133,0.43,0.17,0.246,0.139,0.106,0.111,0.152,0.064,0.098,0.27,0.082,0.216,0.144,0.126,0.158,0.156,0.2,0.149,0.273,0.199,0.187,0.147,0.14,0.186,0.177,0.159
"COX6C",0.254,0.123,0.138,0.153,0.206,0.144,0.291,0.139,0.204,0.239,0.159,0.168,0.105,0.159,0.093,0.14,0.121,0.148,0.138,0.137,0.103,0.116,0.106,0.117,0.185,0.19,0.125,0.268,1,0.347,0.14,0.089,0.131,0.15,0.126,0.189,0.142,0.114,0.116,0.166,0.185,0.187,0.154,0.219,0.113,0.167,0.221,0.302,0.107,0.128,0.138,0.184,0.212,0.144,0.213,0.164,0.172,0.124,0.144,0.039,0.089,0.122,0.124,0.342,0.155,0.138,0.086,0.174,0.128,0.058,0.167,0.129,0.14,0.276,0.123,0.126,0.087,0.14,0.2,0.133,0.157,0.214,0.151,0.088,0.15,0.3,0.116,0.134,0.077,0.121,0.087,0.115,0.193,0.053,0.093,0.165,0.062,0.195,0.189,0.125,0.177,0.163,0.239,0.196,0.133,0.137,0.272,0.168,0.119
"CYP2C9",0.327,0.105,0.219,0.195,0.37,0.167,0.262,0.129,0.155,0.324,0.1,0.247,0.101,0.202,0.087,0.095,0.189,0.207,0.2,0.195,0.109,0.119,0.166,0.124,0.168,0.171,0.138,0.28,0.347,1,0.129,0.079,0.137,0.146,0.149,0.371,0.196,0.154,0.138,0.129,0.239,0.207,0.161,0.362,0.134,0.155,0.188,0.436,0.139,0.2,0.177,0.237,0.161,0.108,0.236,0.162,0.175,0.144,0.154,0.041,0.129,0.133,0.154,0.273,0.194,0.142,0.093,0.129,0.145,0.146,0.12,0.153,0.139,0.213,0.157,0.15,0.103,0.192,0.213,0.155,0.153,0.27,0.127,0.095,0.19,0.231,0.137,0.143,0.065,0.114,0.057,0.091,0.213,0.059,0.081,0.145,0.066,0.177,0.166,0.215,0.207,0.222,0.253,0.215,0.101,0.224,0.279,0.195,0.141
"DCC",0.073,0.206,0.157,0.185,0.145,0.173,0.116,0.262,0.316,0.203,0.282,0.146,0.177,0.168,0.154,0.181,0.188,0.279,0.225,0.195,0.092,0.225,0.056,0.183,0.385,0.183,0.266,0.158,0.14,0.129,1,0.075,0.228,0.324,0.066,0.078,0.126,0.124,0.141,0.173,0.109,0.143,0.265,0.09,0.109,0.164,0.216,0.076,0.145,0.133,0.155,0.068,0.366,0.108,0.084,0.153,0.253,0.12,0.141,0.249,0.221,0.108,0.109,0.831,0.08,0.438,0.086,0.174,0.16,0.1,0.141,0.226,0.161,0.239,0.098,0.171,0.113,0.074,0.134,0.068,0.145,0.088,0.341,0.48,0.167,0.3,0.202,0.132,0.072,0.278,0.065,0.196,0.202,0.055,0.197,0.14,0.073,0.163,0.225,0.064,0.104,0.098,0.094,0.103,0.147,0.044,0.122,0.08,0.114
"DCD",0.049,0.063,0.176,0.083,0.052,0.229,0.095,0.063,0.092,0.066,0.074,0.064,0.136,0.106,0.055,0.07,0.167,0.161,0.155,0.191,0.12,0.212,0.272,0.133,0.091,0.134,0.086,0.085,0.089,0.079,0.075,1,0.066,0.067,0.03,0.049,0.073,0.107,0.072,0.083,0.052,0.07,0.091,0.045,0.106,0.11,0.101,0.063,0.043,0.094,0.156,0.042,0.111,0.071,0.046,0.098,0.084,0.044,0.056,0.026,0.061,0.124,0.366,0.159,0.036,0.063,0.049,0.076,0.122,0.079,0.078,0.072,0.074,0.122,0.029,0.054,0.075,0.392,0.074,0.031,0.124,0.042,0.076,0.054,0.258,0.129,0.05,0.105,0.049,0.094,0.044,0.054,0.059,0.663,0.153,0.104,0.039,0.094,0.126,0.118,0.221,0.082,0.083,0.083,0.065,0.032,0.077,0.041,0.062
"DLC1",0.07,0.175,0.367,0.361,0.192,0.217,0.145,0.293,0.414,0.141,0.098,0.261,0.198,0.457,0.159,0.183,0.258,0.383,0.378,0.253,0.107,0.159,0.083,0.18,0.338,0.279,0.396,0.159,0.131,0.137,0.228,0.066,1,0.324,0.096,0.154,0.265,0.203,0.316,0.267,0.171,0.267,0.345,0.198,0.211,0.262,0.222,0.095,0.192,0.255,0.262,0.107,0.283,0.093,0.09,0.317,0.444,0.221,0.216,0.278,0.286,0.127,0.121,0.427,0.232,0.247,0.105,0.148,0.285,0.069,0.348,0.258,0.353,0.209,0.183,0.156,0.189,0.089,0.234,0.112,0.229,0.219,0.228,0.663,0.255,0.382,0.165,0.242,0.069,0.178,0.051,0.284,0.183,0.065,0.146,0.115,0.062,0.239,0.192,0.126,0.222,0.113,0.172,0.206,0.163,0.063,0.211,0.127,0.176
"DLX2",0.082,0.198,0.304,0.271,0.247,0.236,0.139,0.536,0.436,0.278,0.103,0.146,0.288,0.284,0.146,0.181,0.166,0.225,0.187,0.162,0.118,0.195,0.087,0.196,0.304,0.214,0.362,0.245,0.15,0.146,0.324,0.067,0.324,1,0.411,0.105,0.414,0.14,0.233,0.206,0.356,0.183,0.373,0.291,0.156,0.194,0.183,0.12,0.513,0.186,0.379,0.112,0.182,0.099,0.137,0.242,0.326,0.483,0.242,0.308,0.33,0.175,0.128,0.342,0.808,0.657,0.197,0.174,0.236,0.122,0.171,0.538,0.236,0.233,0.931,0.222,0.122,0.249,0.241,0.511,0.179,0.118,0.232,0.668,0.357,0.3,0.388,0.162,0.101,0.212,0.06,0.189,0.29,0.054,0.262,0.126,0.062,0.307,0.192,0.119,0.237,0.16,0.197,0.128,0.148,0.148,0.135,0.192,0.382
"E2F6",0.084,0.084,0.18,0.145,0.094,0.136,0.141,0.576,0.05,0.139,0.039,0.138,0.032,0.118,0.055,0.084,0.071,0.068,0.066,0.06,0.04,0.041,0.115,0.152,0.059,0.142,0.156,0.112,0.126,0.149,0.066,0.03,0.096,0.411,1,0.125,0.429,0.11,0.12,0.127,0.55,0.107,0.099,0.326,0.069,0.112,0.085,0.187,0.58,0.104,0.286,0.214,0.084,0.04,0.275,0.115,0.099,0.592,0.287,0.039,0.192,0.193,0.112,0.093,0.939,0.467,0.019,0.039,0.085,0.016,0.065,0.575,0.127,0.194,0.931,0.12,0.087,0.441,0.288,0.963,0.112,0.135,0.064,0.022,0.274,0.072,0.485,0.106,0.023,0.039,0.022,0.079,0.113,0.027,0.026,0.046,0.016,0.281,0.061,0.126,0.264,0.138,0.259,0.11,0.04,0.335,0.132,0.309,0.654
"ENOSF1",0.267,0.108,0.149,0.214,0.249,0.155,0.219,0.099,0.057,0.281,0.053,0.335,0.047,0.335,0.055,0.05,0.123,0.197,0.093,0.093,0.099,0.099,0.246,0.146,0.099,0.093,0.149,0.267,0.189,0.371,0.078,0.049,0.154,0.105,0.125,1,0.181,0.11,0.117,0.068,0.279,0.246,0.093,0.158,0.046,0.068,0.11,0.494,0.125,0.104,0.166,0.196,0.078,0.06,0.232,0.111,0.197,0.128,0.141,0.028,0.1,0.141,0.141,0.099,0.118,0.125,0.055,0.048,0.059,0.04,0.066,0.125,0.114,0.145,0.093,0.174,0.033,0.164,0.198,0.125,0.11,0.293,0.072,0.06,0.184,0.083,0.125,0.059,0.066,0.066,0.03,0.032,0.228,0.044,0.066,0.072,0.042,0.135,0.099,0.335,0.212,0.153,0.216,0.315,0.065,0.135,0.233,0.194,0.167
"ESR1",0.075,0.138,0.456,0.432,0.116,0.246,0.159,0.359,0.173,0.158,0.072,0.233,0.1,0.361,0.102,0.143,0.413,0.37,0.401,0.375,0.123,0.128,0.133,0.259,0.239,0.316,0.364,0.135,0.142,0.196,0.126,0.073,0.265,0.414,0.429,0.181,1,0.2,0.334,0.22,0.434,0.3,0.303,0.342,0.253,0.319,0.191,0.141,0.395,0.474,0.475,0.147,0.235,0.088,0.183,0.312,0.306,0.501,0.29,0.107,0.339,0.238,0.242,0.259,1,0.391,0.071,0.19,0.289,0.178,0.135,0.387,0.272,0.216,0.931,0.219,0.307,0.336,0.442,0.492,0.269,0.144,0.179,0.074,0.529,0.229,0.381,0.32,0.076,0.162,0.043,0.272,0.111,0.066,0.077,0.213,0.069,0.299,0.2,0.129,0.472,0.169,0.235,0.208,0.153,0.177,0.224,0.281,0.42
"FABP1",0.066,0.105,0.215,0.254,0.078,0.207,0.093,0.185,0.105,0.099,0.075,0.237,0.122,0.255,0.12,0.105,0.188,0.186,0.194,0.203,0.102,0.098,0.149,0.185,0.171,0.244,0.301,0.098,0.114,0.154,0.124,0.107,0.203,0.14,0.11,0.11,0.2,1,0.172,0.164,0.156,0.321,0.178,0.163,0.31,0.181,0.14,0.101,0.094,0.174,0.236,0.156,0.155,0.198,0.068,0.194,0.197,0.138,0.186,0.077,0.17,0.125,0.206,0.177,0.204,0.108,0.042,0.185,0.174,0.121,0.296,0.103,0.162,0.217,0.226,0.094,0.155,0.119,0.179,0.125,0.178,0.184,0.163,0.047,0.237,0.146,0.087,0.196,0.111,0.178,0.15,0.13,0.099,0.085,0.108,0.18,0.446,0.199,0.229,0.126,0.16,0.103,0.18,0.212,0.087,0.081,0.208,0.126,0.151
"FCRL3",0.063,0.105,0.312,0.334,0.106,0.207,0.106,0.132,0.153,0.116,0.074,0.185,0.12,0.399,0.184,0.164,0.343,0.33,0.351,0.372,0.177,0.252,0.095,0.35,0.279,0.455,0.278,0.105,0.116,0.138,0.141,0.072,0.316,0.233,0.12,0.117,0.334,0.172,1,0.246,0.171,0.221,0.402,0.172,0.358,0.391,0.16,0.091,0.128,0.394,0.301,0.105,0.301,0.101,0.073,0.458,0.311,0.177,0.225,0.172,0.262,0.204,0.182,0.243,0.225,0.162,0.061,0.152,0.338,0.097,0.137,0.143,0.472,0.184,0.225,0.157,0.293,0.126,0.317,0.138,0.33,0.169,0.175,0.226,0.376,0.21,0.121,0.367,0.11,0.168,0.058,0.225,0.134,0.07,0.101,0.13,0.214,0.245,0.163,0.125,0.299,0.094,0.191,0.235,0.135,0.068,0.245,0.16,0.296
"FSD1",0.093,0.262,0.206,0.214,0.121,0.177,0.158,0.126,0.177,0.125,0.134,0.294,0.095,0.196,0.163,0.279,0.189,0.233,0.249,0.187,0.113,0.125,0.062,0.179,0.22,0.331,0.214,0.12,0.166,0.129,0.173,0.083,0.267,0.206,0.127,0.068,0.22,0.164,0.246,1,0.202,0.205,0.256,0.083,0.218,0.291,0.271,0.089,0.107,0.239,0.168,0.104,0.256,0.126,0.111,0.266,0.441,0.196,0.26,0.114,0.168,0.147,0.133,0.291,0.173,0.134,0.073,0.152,0.237,0.052,0.297,0.126,0.268,0.24,0.134,0.146,0.194,0.086,0.184,0.137,0.277,0.081,0.223,0.076,0.206,0.252,0.18,0.274,0.071,0.152,0.079,0.296,0.09,0.071,0.083,0.144,0.055,0.341,0.201,0.093,0.184,0.105,0.137,0.158,0.186,0.054,0.148,0.15,0.234
"FUS",0.133,0.191,0.293,0.217,0.248,0.237,0.209,0.376,0.105,0.21,0.064,0.292,0.057,0.232,0.079,0.156,0.13,0.143,0.131,0.11,0.075,0.085,0.212,0.204,0.157,0.166,0.234,0.188,0.185,0.239,0.109,0.052,0.171,0.356,0.55,0.279,0.434,0.156,0.171,0.202,1,0.21,0.136,0.342,0.103,0.15,0.212,0.241,0.434,0.132,0.306,0.28,0.129,0.07,0.496,0.19,0.217,0.497,0.263,0.048,0.2,0.219,0.169,0.21,1,0.397,0.045,0.086,0.116,0.034,0.168,0.443,0.187,0.291,0.817,0.197,0.088,0.374,0.393,0.622,0.133,0.365,0.15,0.049,0.316,0.165,0.452,0.126,0.039,0.101,0.036,0.156,0.204,0.043,0.05,0.087,0.036,0.291,0.157,0.264,0.359,0.166,0.471,0.223,0.143,0.288,0.292,0.501,0.416
"FXN",0.098,0.131,0.266,0.349,0.137,0.219,0.189,0.136,0.15,0.235,0.079,0.262,0.076,0.314,0.097,0.169,0.284,0.322,0.298,0.272,0.12,0.142,0.163,0.161,0.195,0.212,0.309,0.173,0.187,0.207,0.143,0.07,0.267,0.183,0.107,0.246,0.3,0.321,0.221,0.205,0.21,1,0.202,0.29,0.207,0.186,0.253,0.151,0.107,0.273,0.217,0.163,0.157,0.085,0.14,0.198,0.288,0.263,0.164,0.088,0.17,0.116,0.122,0.241,0.294,0.117,0.064,0.129,0.159,0.171,0.244,0.125,0.263,0.185,0.25,0.122,0.141,0.141,0.307,0.127,0.163,0.314,0.187,0.068,0.213,0.382,0.147,0.27,0.071,0.171,0.045,0.304,0.15,0.073,0.079,0.129,0.048,0.244,0.205,0.223,0.233,0.178,0.198,0.215,0.135,0.102,0.263,0.161,0.177
"GDF5",0.084,0.156,0.297,0.301,0.164,0.219,0.117,0.194,0.321,0.2,0.117,0.199,0.199,0.331,0.138,0.187,0.316,0.338,0.366,0.357,0.135,0.19,0.08,0.185,0.35,0.432,0.337,0.147,0.154,0.161,0.265,0.091,0.345,0.373,0.099,0.093,0.303,0.178,0.402,0.256,0.136,0.202,1,0.099,0.327,0.496,0.208,0.085,0.178,0.379,0.263,0.066,0.362,0.116,0.073,0.393,0.332,0.199,0.227,0.305,0.346,0.154,0.166,0.346,0.13,0.269,0.104,0.185,0.383,0.095,0.175,0.22,0.393,0.215,0.131,0.173,0.453,0.105,0.221,0.105,0.383,0.098,0.214,0.415,0.334,0.49,0.164,0.381,0.077,0.226,0.071,0.199,0.219,0.065,0.229,0.185,0.077,0.272,0.194,0.092,0.258,0.111,0.153,0.242,0.252,0.05,0.23,0.103,0.184
"GFM1",0.135,0.152,0.314,0.33,0.191,0.27,0.455,0.279,0.065,0.455,0.055,0.349,0.051,0.404,0.05,0.054,0.12,0.33,0.099,0.099,0.05,0.07,0.267,0.203,0.12,0.094,0.314,0.167,0.219,0.362,0.09,0.045,0.198,0.291,0.326,0.158,0.342,0.163,0.172,0.083,0.342,0.29,0.099,1,0.051,0.094,0.128,0.283,0.326,0.143,0.291,0.528,0.09,0.067,0.263,0.198,0.33,0.323,0.435,0.015,0.435,0.139,0.139,0.12,0.342,0.326,0.023,0.051,0.076,0.019,0.071,0.326,0.185,0.191,0.291,0.197,0.042,0.504,0.33,0.342,0.076,0.264,0.086,0.028,0.291,0.094,0.326,0.076,0.029,0.074,0.031,0.036,0.364,0.022,0.038,0.086,0.02,0.295,0.12,0.349,0.314,0.223,0.285,0.272,0.062,0.657,0.316,0.202,0.279
"GPR37L1",0.055,0.075,0.246,0.233,0.08,0.13,0.078,0.096,0.12,0.091,0.086,0.186,0.137,0.219,0.107,0.151,0.321,0.295,0.345,0.325,0.135,0.128,0.112,0.133,0.21,0.428,0.206,0.094,0.113,0.134,0.109,0.106,0.211,0.156,0.069,0.046,0.253,0.31,0.358,0.218,0.103,0.207,0.327,0.051,1,0.396,0.17,0.066,0.083,0.407,0.168,0.047,0.278,0.085,0.049,0.49,0.246,0.113,0.134,0.066,0.216,0.107,0.147,0.221,0.098,0.093,0.162,0.096,0.346,0.116,0.13,0.091,0.435,0.169,0.071,0.086,0.288,0.099,0.145,0.076,0.419,0.047,0.128,0.107,0.306,0.18,0.072,0.439,0.093,0.127,0.047,0.158,0.061,0.108,0.109,0.123,0.035,0.2,0.157,0.07,0.256,0.098,0.139,0.2,0.122,0.033,0.167,0.078,0.168
"GRIA1",0.091,0.108,0.293,0.301,0.103,0.182,0.12,0.125,0.173,0.126,0.13,0.177,0.146,0.284,0.132,0.194,0.341,0.316,0.394,0.377,0.143,0.146,0.093,0.171,0.281,0.517,0.241,0.127,0.167,0.155,0.164,0.11,0.262,0.194,0.112,0.068,0.319,0.181,0.391,0.291,0.15,0.186,0.496,0.094,0.396,1,0.236,0.09,0.101,0.588,0.234,0.072,0.382,0.124,0.08,0.424,0.32,0.169,0.199,0.107,0.236,0.14,0.171,0.259,0.172,0.132,0.071,0.153,0.441,0.114,0.187,0.125,0.394,0.237,0.136,0.119,0.391,0.097,0.207,0.125,0.478,0.093,0.191,0.074,0.344,0.229,0.113,0.495,0.073,0.356,0.078,0.272,0.088,0.084,0.101,0.154,0.057,0.271,0.202,0.085,0.264,0.119,0.171,0.272,0.537,0.055,0.221,0.126,0.196
"HJURP",0.125,0.176,0.22,0.187,0.198,0.236,0.214,0.145,0.29,0.161,0.184,0.221,0.116,0.188,0.134,0.209,0.181,0.22,0.212,0.2,0.136,0.153,0.09,0.154,0.306,0.277,0.191,0.18,0.221,0.188,0.216,0.101,0.222,0.183,0.085,0.11,0.191,0.14,0.16,0.271,0.212,0.253,0.208,0.128,0.17,0.236,1,0.119,0.098,0.188,0.184,0.101,0.264,0.158,0.221,0.215,0.307,0.296,0.156,0.074,0.127,0.115,0.137,0.469,0.118,0.154,0.128,0.254,0.187,0.082,0.281,0.143,0.177,0.323,0.091,0.162,0.131,0.088,0.218,0.091,0.212,0.128,0.302,0.126,0.182,0.428,0.187,0.217,0.098,0.179,0.103,0.346,0.127,0.085,0.117,0.194,0.089,0.228,0.282,0.098,0.157,0.156,0.146,0.151,0.249,0.065,0.174,0.175,0.172
"HMGCL",0.416,0.099,0.113,0.119,0.268,0.106,0.221,0.131,0.092,0.283,0.078,0.286,0.067,0.157,0.067,0.074,0.081,0.099,0.078,0.081,0.083,0.081,0.229,0.12,0.099,0.117,0.092,0.266,0.302,0.436,0.076,0.063,0.095,0.12,0.187,0.494,0.141,0.101,0.091,0.089,0.241,0.151,0.085,0.283,0.066,0.09,0.119,1,0.144,0.099,0.131,0.228,0.105,0.082,0.252,0.111,0.122,0.155,0.154,0.038,0.099,0.15,0.116,0.153,0.222,0.134,0.083,0.077,0.076,0.056,0.086,0.164,0.103,0.169,0.187,0.113,0.052,0.207,0.204,0.194,0.118,0.321,0.077,0.085,0.138,0.126,0.132,0.081,0.065,0.076,0.047,0.056,0.21,0.05,0.075,0.095,0.061,0.157,0.098,0.272,0.184,0.222,0.259,0.249,0.071,0.252,0.275,0.213,0.178
"HOXD9",0.064,0.124,0.215,0.158,0.253,0.145,0.118,0.554,0.288,0.162,0.049,0.109,0.179,0.175,0.112,0.071,0.083,0.099,0.09,0.077,0.074,0.101,0.1,0.146,0.214,0.124,0.223,0.218,0.107,0.139,0.145,0.043,0.192,0.513,0.58,0.125,0.395,0.094,0.128,0.107,0.434,0.107,0.178,0.326,0.083,0.101,0.098,0.144,1,0.106,0.3,0.134,0.087,0.054,0.172,0.174,0.182,0.467,0.225,0.165,0.204,0.159,0.104,0.114,0.939,0.557,0.153,0.053,0.162,0.093,0.068,0.678,0.109,0.168,0.931,0.164,0.066,0.306,0.249,0.648,0.122,0.135,0.1,0.454,0.278,0.096,0.397,0.089,0.096,0.114,0.027,0.079,0.228,0.041,0.18,0.065,0.047,0.227,0.078,0.108,0.223,0.167,0.207,0.099,0.076,0.2,0.117,0.242,0.453
"HTR2A",0.066,0.088,0.326,0.313,0.101,0.177,0.099,0.109,0.134,0.159,0.086,0.218,0.13,0.277,0.142,0.155,0.507,0.44,0.51,0.512,0.157,0.153,0.107,0.168,0.271,0.449,0.234,0.12,0.128,0.2,0.133,0.094,0.255,0.186,0.104,0.104,0.474,0.174,0.394,0.239,0.132,0.273,0.379,0.143,0.407,0.588,0.188,0.099,0.106,1,0.233,0.069,0.319,0.103,0.059,0.45,0.321,0.187,0.161,0.073,0.262,0.107,0.191,0.231,0.242,0.114,0.093,0.2,0.396,0.273,0.138,0.123,0.407,0.181,0.193,0.111,0.296,0.106,0.228,0.128,0.438,0.076,0.167,0.095,0.372,0.193,0.097,0.485,0.173,0.289,0.066,0.187,0.073,0.09,0.107,0.184,0.13,0.218,0.206,0.086,0.279,0.135,0.135,0.257,0.287,0.054,0.225,0.1,0.186
"IFI16",0.077,0.121,0.544,0.396,0.132,0.387,0.203,0.309,0.311,0.157,0.061,0.191,0.15,0.506,0.094,0.111,0.377,0.316,0.303,0.326,0.148,0.257,0.183,0.316,0.194,0.272,0.327,0.148,0.138,0.177,0.155,0.156,0.262,0.379,0.286,0.166,0.475,0.236,0.301,0.168,0.306,0.217,0.263,0.291,0.168,0.234,0.184,0.131,0.3,0.233,1,0.148,0.168,0.068,0.124,0.244,0.241,0.366,0.258,0.15,0.256,0.29,0.29,0.199,0.817,0.351,0.1,0.098,0.273,0.118,0.143,0.293,0.207,0.206,1,0.213,0.142,0.362,0.32,0.346,0.196,0.239,0.137,0.412,0.514,0.166,0.253,0.216,0.054,0.135,0.035,0.157,0.16,0.153,0.138,0.109,0.043,0.237,0.143,0.187,0.379,0.144,0.209,0.209,0.089,0.123,0.232,0.23,0.394
"IMMP2L",0.169,0.212,0.103,0.138,0.132,0.11,0.213,0.131,0.076,0.205,0.061,0.366,0.046,0.179,0.07,0.087,0.057,0.094,0.065,0.065,0.042,0.046,0.408,0.122,0.118,0.12,0.075,0.177,0.184,0.237,0.068,0.042,0.107,0.112,0.214,0.196,0.147,0.156,0.105,0.104,0.28,0.163,0.066,0.528,0.047,0.072,0.101,0.228,0.134,0.069,0.148,1,0.087,0.268,0.277,0.144,0.17,0.165,0.191,0.017,0.124,0.124,0.096,0.133,0.251,0.128,0.028,0.224,0.056,0.023,0.093,0.148,0.136,0.195,0.213,0.102,0.043,0.218,0.251,0.223,0.072,0.431,0.181,0.032,0.109,0.107,0.152,0.061,0.092,0.091,0.132,0.124,0.282,0.023,0.038,0.118,0.246,0.138,0.159,0.371,0.195,0.109,0.338,0.31,0.112,0.416,0.409,0.261,0.159
"ITGBL1",0.119,0.13,0.231,0.26,0.109,0.181,0.145,0.147,0.204,0.146,0.352,0.152,0.15,0.245,0.233,0.298,0.33,0.369,0.374,0.345,0.139,0.227,0.101,0.198,0.469,0.426,0.198,0.156,0.212,0.161,0.366,0.111,0.283,0.182,0.084,0.078,0.235,0.155,0.301,0.256,0.129,0.157,0.362,0.09,0.278,0.382,0.264,0.105,0.087,0.319,0.168,0.087,1,0.185,0.101,0.364,0.256,0.13,0.157,0.073,0.206,0.119,0.151,0.831,0.116,0.135,0.086,0.202,0.324,0.084,0.2,0.13,0.37,0.298,0.087,0.119,0.278,0.093,0.199,0.089,0.359,0.088,0.197,0.088,0.272,0.3,0.106,0.358,0.101,0.153,0.108,0.187,0.11,0.072,0.115,0.204,0.117,0.239,0.34,0.086,0.197,0.139,0.141,0.2,0.173,0.062,0.187,0.105,0.167
"LRP1B",0.078,0.224,0.092,0.105,0.075,0.091,0.1,0.092,0.156,0.111,0.122,0.081,0.08,0.098,0.177,0.108,0.093,0.108,0.11,0.153,0.084,0.088,0.062,0.1,0.254,0.36,0.088,0.115,0.144,0.108,0.108,0.071,0.093,0.099,0.04,0.06,0.088,0.198,0.101,0.126,0.07,0.085,0.116,0.067,0.085,0.124,0.158,0.082,0.054,0.103,0.068,0.268,0.185,1,0.069,0.365,0.125,0.062,0.081,0.03,0.065,0.057,0.136,0.276,0.049,0.093,0.063,0.336,0.096,0.044,0.125,0.092,0.095,0.199,0.038,0.074,0.068,0.056,0.097,0.042,0.132,0.064,0.394,0.067,0.099,0.234,0.069,0.1,0.224,0.203,0.315,0.518,0.082,0.045,0.076,0.455,0.534,0.128,0.307,0.056,0.125,0.097,0.073,0.078,0.185,0.044,0.133,0.154,0.077
"LUC7L3",0.134,0.159,0.126,0.098,0.17,0.123,0.167,0.162,0.085,0.2,0.068,0.218,0.052,0.127,0.047,0.112,0.061,0.081,0.067,0.06,0.051,0.053,0.203,0.11,0.117,0.104,0.089,0.194,0.213,0.236,0.084,0.046,0.09,0.137,0.275,0.232,0.183,0.068,0.073,0.111,0.496,0.14,0.073,0.263,0.049,0.08,0.221,0.252,0.172,0.059,0.124,0.277,0.101,0.069,1,0.095,0.151,0.258,0.142,0.018,0.072,0.149,0.1,0.17,0.329,0.158,0.035,0.065,0.061,0.026,0.149,0.191,0.077,0.168,0.272,0.12,0.043,0.295,0.186,0.289,0.088,0.19,0.115,0.04,0.133,0.132,0.207,0.069,0.035,0.065,0.034,0.092,0.154,0.027,0.043,0.078,0.027,0.159,0.13,0.214,0.141,0.124,0.3,0.144,0.142,0.328,0.186,0.578,0.201
"MARCO",0.094,0.133,0.298,0.351,0.131,0.202,0.155,0.165,0.253,0.124,0.113,0.206,0.162,0.345,0.179,0.201,0.352,0.364,0.374,0.395,0.153,0.158,0.122,0.183,0.34,0.565,0.262,0.157,0.164,0.162,0.153,0.098,0.317,0.242,0.115,0.111,0.312,0.194,0.458,0.266,0.19,0.198,0.393,0.198,0.49,0.424,0.215,0.111,0.174,0.45,0.244,0.144,0.364,0.365,0.095,1,0.369,0.184,0.194,0.123,0.233,0.14,0.16,0.276,0.232,0.178,0.311,0.336,0.387,0.184,0.18,0.168,0.575,0.249,0.183,0.144,0.296,0.12,0.273,0.143,0.415,0.196,0.335,0.306,0.338,0.234,0.136,0.4,0.182,0.207,0.112,0.518,0.165,0.072,0.119,0.354,0.257,0.245,0.273,0.134,0.289,0.162,0.236,0.271,0.212,0.09,0.281,0.14,0.201
"MARK4",0.096,0.248,0.315,0.401,0.212,0.22,0.219,0.248,0.664,0.155,0.11,0.338,0.179,0.379,0.162,0.268,0.271,0.404,0.364,0.28,0.138,0.169,0.102,0.172,0.351,0.318,0.36,0.167,0.172,0.175,0.253,0.084,0.444,0.326,0.099,0.197,0.306,0.197,0.311,0.441,0.217,0.288,0.332,0.33,0.246,0.32,0.307,0.122,0.182,0.321,0.241,0.17,0.256,0.125,0.151,0.369,1,0.256,0.209,0.266,0.199,0.12,0.136,0.281,0.172,0.3,0.151,0.148,0.325,0.097,0.35,0.211,0.385,0.226,0.142,0.17,0.2,0.118,0.303,0.118,0.275,0.333,0.323,1,0.3,0.244,0.264,0.284,0.079,0.209,0.066,0.297,0.221,0.063,0.14,0.142,0.055,0.319,0.291,0.162,0.297,0.131,0.251,0.277,0.248,0.096,0.344,0.16,0.178
"MED25",0.069,0.119,0.257,0.235,0.132,0.231,0.163,0.431,0.115,0.145,0.059,0.172,0.048,0.18,0.085,0.149,0.147,0.167,0.147,0.133,0.078,0.087,0.099,0.182,0.174,0.192,0.254,0.122,0.124,0.144,0.12,0.044,0.221,0.483,0.592,0.128,0.501,0.138,0.177,0.196,0.497,0.263,0.199,0.323,0.113,0.169,0.296,0.155,0.467,0.187,0.366,0.165,0.13,0.062,0.258,0.184,0.256,1,0.308,0.098,0.227,0.159,0.121,0.194,0.808,0.425,0.048,0.096,0.137,0.034,0.148,0.448,0.217,0.192,0.931,0.142,0.117,0.394,0.339,0.679,0.146,0.127,0.16,0.053,0.372,0.297,0.44,0.174,0.037,0.091,0.034,0.213,0.112,0.044,0.044,0.08,0.036,0.339,0.156,0.131,0.291,0.162,0.24,0.122,0.136,0.24,0.133,0.279,0.494
"MIR134",0.09,0.113,0.179,0.2,0.108,0.206,0.134,0.225,0.115,0.152,0.08,0.189,0.07,0.21,0.103,0.14,0.154,0.143,0.136,0.126,0.074,0.085,0.114,0.342,0.134,0.234,0.175,0.126,0.144,0.154,0.141,0.056,0.216,0.242,0.287,0.141,0.29,0.186,0.225,0.26,0.263,0.164,0.227,0.435,0.134,0.199,0.156,0.154,0.225,0.161,0.258,0.191,0.157,0.081,0.142,0.194,0.209,0.308,1,0.175,0.353,0.564,0.345,0.194,0.445,0.207,0.083,0.096,0.158,0.059,0.119,0.2,0.216,0.252,0.513,0.277,0.16,0.226,0.341,0.312,0.183,0.168,0.127,0.093,0.272,0.245,0.181,0.179,0.058,0.087,0.047,0.166,0.118,0.051,0.056,0.095,0.036,0.392,0.126,0.144,0.176,0.107,0.173,0.146,0.081,0.217,0.161,0.28,0.427
"MIR377",0.018,0.135,0.202,0.456,0.165,0.21,0.028,0.253,0.15,0.101,0.025,0.067,0.167,0.603,0.097,0.065,0.11,0.308,0.278,0.107,0.05,0.111,0.031,0.175,0.315,0.157,0.223,0.177,0.039,0.041,0.249,0.026,0.278,0.308,0.039,0.028,0.107,0.077,0.172,0.114,0.048,0.088,0.305,0.015,0.066,0.107,0.074,0.038,0.165,0.073,0.15,0.017,0.073,0.03,0.018,0.123,0.266,0.098,0.175,1,0.327,0.175,0.064,0.05,0.04,0.266,0.056,0.023,0.205,0.039,0.053,0.294,0.088,0.056,0.041,0.097,0.07,0.091,0.096,0.04,0.088,0.015,0.231,0.266,0.143,0.04,0.135,0.088,0.071,0.165,0.015,0.051,0.151,0.044,0.151,0.037,0.022,0.088,0.059,0.069,0.11,0.073,0.044,0.065,0.084,0.012,0.068,0.07,0.184
"MIR379",0.054,0.109,0.263,0.294,0.115,0.218,0.096,0.192,0.216,0.171,0.056,0.195,0.113,0.259,0.145,0.112,0.23,0.249,0.25,0.212,0.1,0.117,0.094,0.206,0.159,0.257,0.251,0.118,0.089,0.129,0.221,0.061,0.286,0.33,0.192,0.1,0.339,0.17,0.262,0.168,0.2,0.17,0.346,0.435,0.216,0.236,0.127,0.099,0.204,0.262,0.256,0.124,0.206,0.065,0.072,0.233,0.199,0.227,0.353,0.327,1,0.24,0.221,0.13,0.445,0.252,0.104,0.08,0.206,0.13,0.096,0.207,0.308,0.173,0.513,0.16,0.265,0.176,0.227,0.228,0.205,0.168,0.136,0.278,0.276,0.107,0.16,0.218,0.076,0.149,0.037,0.141,0.164,0.091,0.146,0.173,0.052,0.218,0.125,0.119,0.225,0.113,0.146,0.175,0.086,0.149,0.175,0.145,0.258
"MIR488",0.076,0.111,0.242,0.146,0.098,0.289,0.085,0.162,0.105,0.106,0.058,0.139,0.088,0.222,0.081,0.094,0.218,0.148,0.147,0.141,0.08,0.121,0.189,0.399,0.113,0.192,0.129,0.123,0.122,0.133,0.108,0.124,0.127,0.175,0.193,0.141,0.238,0.125,0.204,0.147,0.219,0.116,0.154,0.139,0.107,0.14,0.115,0.15,0.159,0.107,0.29,0.124,0.119,0.057,0.149,0.14,0.12,0.159,0.564,0.175,0.24,1,0.385,0.191,0.246,0.149,0.083,0.085,0.133,0.069,0.084,0.162,0.12,0.202,0.239,0.292,0.128,0.289,0.32,0.205,0.13,0.103,0.097,0.093,0.344,0.155,0.143,0.123,0.067,0.084,0.033,0.092,0.09,0.115,0.084,0.085,0.031,0.165,0.114,0.136,0.169,0.091,0.143,0.099,0.065,0.099,0.117,0.307,0.461
"MIR758",0.07,0.1,0.28,0.197,0.084,0.285,0.106,0.109,0.121,0.099,0.08,0.183,0.138,0.203,0.088,0.091,0.252,0.259,0.239,0.294,0.23,0.261,0.201,0.248,0.15,0.217,0.129,0.128,0.124,0.154,0.109,0.366,0.121,0.128,0.112,0.141,0.242,0.206,0.182,0.133,0.169,0.122,0.166,0.139,0.147,0.171,0.137,0.116,0.104,0.191,0.29,0.096,0.151,0.136,0.1,0.16,0.136,0.121,0.345,0.064,0.221,0.385,1,0.206,0.246,0.116,0.061,0.101,0.179,0.136,0.096,0.126,0.136,0.174,0.224,0.19,0.153,0.402,0.221,0.137,0.171,0.103,0.139,0.065,0.394,0.172,0.094,0.175,0.085,0.139,0.091,0.123,0.084,0.332,0.128,0.2,0.248,0.149,0.165,0.132,0.319,0.113,0.128,0.154,0.084,0.066,0.158,0.221,0.23
"MUC16",0.214,0.221,0.313,0.469,0.19,0.469,0.25,0.259,0.26,0.235,0.639,0.199,0.194,0.36,0.165,0.454,0.259,1,0.346,0.346,0.181,0.717,0.129,0.639,1,0.311,0.313,0.259,0.342,0.273,0.831,0.159,0.427,0.342,0.093,0.099,0.259,0.177,0.243,0.291,0.21,0.241,0.346,0.12,0.221,0.259,0.469,0.153,0.114,0.231,0.199,0.133,0.831,0.276,0.17,0.276,0.281,0.194,0.194,0.05,0.13,0.191,0.206,1,0.084,0.215,0.113,0.228,0.243,0.075,0.313,0.193,0.241,0.469,0.067,0.237,0.15,0.118,0.373,0.093,0.243,0.12,0.311,0.112,0.306,0.373,0.155,0.243,0.129,0.235,0.153,0.154,0.177,0.086,0.157,0.311,0.082,0.342,1,0.115,0.185,0.259,0.187,0.185,0.248,0.097,0.25,0.138,0.156
"MYT1",0.093,0.136,0.873,0.889,0.155,0.345,0.262,0.781,0.048,0.202,0.04,0.181,0.039,0.336,0.091,0.106,0.237,0.172,0.172,0.172,0.063,0.063,0.158,0.281,0.116,0.172,0.873,0.147,0.155,0.194,0.08,0.036,0.232,0.808,0.939,0.118,1,0.204,0.225,0.173,1,0.294,0.13,0.342,0.098,0.172,0.118,0.222,0.939,0.242,0.817,0.251,0.116,0.049,0.329,0.232,0.172,0.808,0.445,0.04,0.445,0.246,0.246,0.084,1,0.939,0.018,0.038,0.14,0.016,0.087,0.939,0.218,0.244,0.817,0.301,0.087,0.705,0.873,1,0.14,0.144,0.115,0.022,0.808,0.066,0.939,0.14,0.029,0.075,0.025,0.082,0.185,0.036,0.03,0.062,0.016,0.493,0.098,0.176,0.873,0.256,0.43,0.148,0.05,0.38,0.164,0.466,0.781
"MYT1L",0.079,0.216,0.262,0.195,0.222,0.179,0.133,0.654,0.664,0.285,0.089,0.117,0.272,0.218,0.122,0.097,0.104,0.166,0.115,0.105,0.078,0.16,0.09,0.152,0.267,0.15,0.402,0.234,0.138,0.142,0.438,0.063,0.247,0.657,0.467,0.125,0.391,0.108,0.162,0.134,0.397,0.117,0.269,0.326,0.093,0.132,0.154,0.134,0.557,0.114,0.351,0.128,0.135,0.093,0.158,0.178,0.3,0.425,0.207,0.266,0.252,0.149,0.116,0.215,0.939,1,0.151,0.105,0.186,0.092,0.108,0.604,0.122,0.222,0.931,0.244,0.076,0.256,0.256,0.544,0.129,0.135,0.23,1,0.323,0.18,0.453,0.111,0.094,0.27,0.052,0.079,0.316,0.04,0.278,0.109,0.046,0.238,0.13,0.098,0.207,0.158,0.194,0.104,0.119,0.172,0.125,0.219,0.377
"NIPSNAP1",0.038,0.078,0.113,0.215,0.087,0.128,0.057,0.137,0.112,0.057,0.055,0.055,0.088,0.126,0.102,0.051,0.093,0.406,0.104,0.104,0.113,0.113,0.071,0.093,0.253,0.104,0.159,0.187,0.086,0.093,0.086,0.049,0.105,0.197,0.019,0.055,0.071,0.042,0.061,0.073,0.045,0.064,0.104,0.023,0.162,0.071,0.128,0.083,0.153,0.093,0.1,0.028,0.086,0.063,0.035,0.311,0.151,0.048,0.083,0.056,0.104,0.083,0.061,0.113,0.018,0.151,1,0.048,0.092,0.339,0.071,0.128,0.061,0.128,0.013,0.102,0.031,0.07,0.093,0.019,0.128,0.025,0.078,0.151,0.167,0.093,0.071,0.061,0.319,0.084,0.027,0.03,0.076,0.044,0.076,0.078,0.041,0.086,0.113,0.064,0.068,0.55,0.031,0.057,0.069,0.018,0.057,0.046,0.126
"NUP43",0.079,0.367,0.148,0.462,0.094,0.254,0.119,0.123,0.123,0.19,0.112,0.088,0.09,0.204,0.221,0.105,0.153,0.228,0.185,0.334,0.094,0.137,0.059,0.152,0.228,0.407,0.144,0.149,0.174,0.129,0.174,0.076,0.148,0.174,0.039,0.048,0.19,0.185,0.152,0.152,0.086,0.129,0.185,0.051,0.096,0.153,0.254,0.077,0.053,0.2,0.098,0.224,0.202,0.336,0.065,0.336,0.148,0.096,0.096,0.023,0.08,0.085,0.101,0.228,0.038,0.105,0.048,1,0.13,0.034,0.144,0.104,0.129,0.254,0.03,0.127,0.069,0.055,0.187,0.039,0.13,0.048,0.562,0.053,0.159,0.187,0.073,0.13,0.26,0.402,0.174,0.178,0.073,0.038,0.068,0.407,0.241,0.174,0.407,0.054,0.143,0.149,0.066,0.091,0.239,0.041,0.174,0.367,0.088
"OPN5",0.068,0.106,0.294,0.275,0.212,0.166,0.094,0.164,0.259,0.116,0.096,0.153,0.336,0.298,0.131,0.151,0.319,0.331,0.346,0.328,0.153,0.163,0.107,0.152,0.314,0.445,0.244,0.139,0.128,0.145,0.16,0.122,0.285,0.236,0.085,0.059,0.289,0.174,0.338,0.237,0.116,0.159,0.383,0.076,0.346,0.441,0.187,0.076,0.162,0.396,0.273,0.056,0.324,0.096,0.061,0.387,0.325,0.137,0.158,0.205,0.206,0.133,0.179,0.243,0.14,0.186,0.092,0.13,1,0.12,0.144,0.228,0.309,0.18,0.108,0.127,0.287,0.116,0.172,0.093,0.483,0.073,0.165,0.428,0.344,0.21,0.113,0.451,0.07,0.172,0.058,0.225,0.134,0.098,0.169,0.131,0.048,0.214,0.174,0.077,0.223,0.231,0.145,0.344,0.161,0.041,0.199,0.102,0.176
"OR10A4",0.027,0.057,0.183,0.212,0.056,0.103,0.041,0.086,0.066,0.043,0.037,0.097,0.086,0.171,0.067,0.035,0.227,0.23,0.227,0.227,0.183,0.183,0.115,0.148,0.16,0.114,0.132,0.115,0.058,0.146,0.1,0.079,0.069,0.122,0.016,0.04,0.178,0.121,0.097,0.052,0.034,0.171,0.095,0.019,0.116,0.114,0.082,0.056,0.093,0.273,0.118,0.023,0.084,0.044,0.026,0.184,0.097,0.034,0.059,0.039,0.13,0.069,0.136,0.075,0.016,0.092,0.339,0.034,0.12,1,0.047,0.082,0.065,0.082,0.011,0.067,0.086,0.103,0.171,0.016,0.097,0.02,0.072,0.092,0.212,0.061,0.05,0.097,0.177,0.109,0.021,0.023,0.049,0.07,0.115,0.217,0.031,0.058,0.125,0.044,0.103,0.269,0.056,0.093,0.05,0.015,0.102,0.033,0.088
"PAWR",0.086,0.23,0.191,0.173,0.136,0.155,0.184,0.353,0.174,0.112,0.134,0.175,0.091,0.298,0.098,0.245,0.127,0.176,0.176,0.134,0.108,0.119,0.062,0.114,0.212,0.224,0.366,0.125,0.167,0.12,0.141,0.078,0.348,0.171,0.065,0.066,0.135,0.296,0.137,0.297,0.168,0.244,0.175,0.071,0.13,0.187,0.281,0.086,0.068,0.138,0.143,0.093,0.2,0.125,0.149,0.18,0.35,0.148,0.119,0.053,0.096,0.084,0.096,0.313,0.087,0.108,0.071,0.144,0.144,0.047,1,0.104,0.195,0.253,0.065,0.112,0.104,0.074,0.124,0.076,0.179,0.068,0.212,0.075,0.136,0.267,0.194,0.157,0.064,0.122,0.072,0.153,0.086,0.05,0.08,0.143,0.051,0.207,0.221,0.081,0.122,0.107,0.104,0.202,0.176,0.047,0.111,0.114,0.132
"PAX4",0.085,0.171,0.242,0.171,0.288,0.163,0.135,0.556,0.444,0.241,0.095,0.126,0.299,0.213,0.15,0.1,0.109,0.142,0.136,0.109,0.117,0.159,0.136,0.158,0.266,0.16,0.283,0.326,0.129,0.153,0.226,0.072,0.258,0.538,0.575,0.125,0.387,0.103,0.143,0.126,0.443,0.125,0.22,0.326,0.091,0.125,0.143,0.164,0.678,0.123,0.293,0.148,0.13,0.092,0.191,0.168,0.211,0.448,0.2,0.294,0.207,0.162,0.126,0.193,0.939,0.604,0.128,0.104,0.228,0.082,0.104,1,0.118,0.202,0.746,0.193,0.07,0.308,0.257,0.665,0.172,0.135,0.141,0.595,0.306,0.176,0.426,0.109,0.107,0.169,0.053,0.079,0.425,0.074,0.394,0.111,0.089,0.226,0.118,0.132,0.218,0.206,0.216,0.119,0.126,0.219,0.126,0.258,0.404
"PDGFD",0.078,0.087,0.265,0.366,0.094,0.179,0.135,0.111,0.15,0.116,0.088,0.206,0.107,0.31,0.173,0.24,0.363,0.403,0.423,0.341,0.144,0.162,0.101,0.173,0.235,0.42,0.276,0.1,0.14,0.139,0.161,0.074,0.353,0.236,0.127,0.114,0.272,0.162,0.472,0.268,0.187,0.263,0.393,0.185,0.435,0.394,0.177,0.103,0.109,0.407,0.207,0.136,0.37,0.095,0.077,0.575,0.385,0.217,0.216,0.088,0.308,0.12,0.136,0.241,0.218,0.122,0.061,0.129,0.309,0.065,0.195,0.118,1,0.214,0.168,0.113,0.278,0.119,0.248,0.157,0.354,0.182,0.16,0.064,0.276,0.382,0.114,0.354,0.052,0.114,0.054,0.223,0.148,0.059,0.078,0.119,0.062,0.357,0.202,0.156,0.346,0.097,0.238,0.242,0.114,0.092,0.258,0.125,0.204
"PFDN4",0.183,0.176,0.199,0.216,0.148,0.346,0.213,0.246,0.29,0.196,0.232,0.238,0.144,0.237,0.134,0.217,0.171,0.202,0.196,0.193,0.142,0.162,0.175,0.241,0.262,0.269,0.189,0.203,0.276,0.213,0.239,0.122,0.209,0.233,0.194,0.145,0.216,0.217,0.184,0.24,0.291,0.185,0.215,0.191,0.169,0.237,0.323,0.169,0.168,0.181,0.206,0.195,0.298,0.199,0.168,0.249,0.226,0.192,0.252,0.056,0.173,0.202,0.174,0.469,0.244,0.222,0.128,0.254,0.18,0.082,0.253,0.202,0.214,1,0.289,0.165,0.137,0.128,0.261,0.202,0.224,0.207,0.228,0.126,0.223,0.428,0.169,0.19,0.11,0.176,0.129,0.173,0.191,0.077,0.133,0.225,0.089,0.275,0.257,0.191,0.163,0.178,0.217,0.186,0.198,0.14,0.22,0.182,0.216
"PHC3",0.077,0.115,0.664,0.698,0.13,0.418,0.221,0.931,0.038,0.169,0.031,0.151,0.031,0.259,0.07,0.081,0.179,0.142,0.136,0.136,0.049,0.049,0.127,0.302,0.087,0.136,0.664,0.119,0.123,0.157,0.098,0.029,0.183,0.931,0.931,0.093,0.931,0.226,0.225,0.134,0.817,0.25,0.131,0.291,0.071,0.136,0.091,0.187,0.931,0.193,1,0.213,0.087,0.038,0.272,0.183,0.142,0.931,0.513,0.041,0.513,0.239,0.224,0.067,0.817,0.931,0.013,0.03,0.108,0.011,0.065,0.746,0.168,0.289,1,0.286,0.097,0.609,0.664,0.931,0.108,0.119,0.089,0.016,0.644,0.052,0.746,0.108,0.022,0.059,0.019,0.06,0.151,0.026,0.024,0.049,0.012,0.551,0.075,0.142,0.664,0.218,0.352,0.121,0.042,0.33,0.134,0.372,0.931
"PIWIL1",0.079,0.455,0.147,0.165,0.124,0.144,0.113,0.157,0.185,0.165,0.079,0.125,0.1,0.194,0.37,0.102,0.113,0.134,0.124,0.107,0.067,0.102,0.082,0.196,0.163,0.138,0.169,0.164,0.126,0.15,0.171,0.054,0.156,0.222,0.12,0.174,0.219,0.094,0.157,0.146,0.197,0.122,0.173,0.197,0.086,0.119,0.162,0.113,0.164,0.111,0.213,0.102,0.119,0.074,0.12,0.144,0.17,0.142,0.277,0.097,0.16,0.292,0.19,0.237,0.301,0.244,0.102,0.127,0.127,0.067,0.112,0.193,0.113,0.165,0.286,1,0.076,0.111,0.215,0.151,0.105,0.152,0.143,0.199,0.197,0.204,0.49,0.099,0.068,0.131,0.05,0.13,0.156,0.039,0.129,0.094,0.047,0.148,0.12,0.098,0.126,0.089,0.134,0.101,0.124,0.077,0.135,0.224,0.198
"PMEPA1",0.047,0.062,0.208,0.195,0.056,0.126,0.062,0.079,0.085,0.069,0.069,0.175,0.114,0.186,0.086,0.13,0.24,0.214,0.253,0.244,0.096,0.09,0.067,0.111,0.178,0.412,0.192,0.062,0.087,0.103,0.113,0.075,0.189,0.122,0.087,0.033,0.307,0.155,0.293,0.194,0.088,0.141,0.453,0.042,0.288,0.391,0.131,0.052,0.066,0.296,0.142,0.043,0.278,0.068,0.043,0.296,0.2,0.117,0.16,0.07,0.265,0.128,0.153,0.15,0.087,0.076,0.031,0.069,0.287,0.086,0.104,0.07,0.278,0.137,0.097,0.076,1,0.068,0.201,0.085,0.373,0.039,0.103,0.036,0.221,0.12,0.067,0.369,0.038,0.077,0.042,0.121,0.047,0.052,0.067,0.174,0.026,0.169,0.104,0.055,0.285,0.058,0.105,0.183,0.101,0.033,0.161,0.067,0.146
"POLR3A",0.103,0.103,0.31,0.16,0.117,0.253,0.179,0.258,0.068,0.159,0.052,0.164,0.104,0.208,0.061,0.077,0.232,0.186,0.175,0.192,0.229,0.239,0.276,0.292,0.084,0.154,0.15,0.162,0.14,0.192,0.074,0.392,0.089,0.249,0.441,0.164,0.336,0.119,0.126,0.086,0.374,0.141,0.105,0.504,0.099,0.097,0.088,0.207,0.306,0.106,0.362,0.218,0.093,0.056,0.295,0.12,0.118,0.394,0.226,0.091,0.176,0.289,0.402,0.118,0.705,0.256,0.07,0.055,0.116,0.103,0.074,0.308,0.119,0.128,0.609,0.111,0.068,1,0.278,0.51,0.107,0.21,0.093,0.081,0.463,0.094,0.25,0.094,0.058,0.081,0.032,0.056,0.136,0.352,0.117,0.09,0.045,0.212,0.112,0.181,0.377,0.182,0.268,0.166,0.051,0.342,0.192,0.298,0.478
"PPP2CB",0.117,0.125,0.317,0.304,0.141,0.231,0.231,0.219,0.219,0.175,0.099,0.275,0.083,0.314,0.088,0.11,0.241,0.292,0.237,0.233,0.117,0.128,0.193,0.284,0.199,0.231,0.238,0.171,0.2,0.213,0.134,0.074,0.234,0.241,0.288,0.198,0.442,0.179,0.317,0.184,0.393,0.307,0.221,0.33,0.145,0.207,0.218,0.204,0.249,0.228,0.32,0.251,0.199,0.097,0.186,0.273,0.303,0.339,0.341,0.096,0.227,0.32,0.221,0.373,0.873,0.256,0.093,0.187,0.172,0.171,0.124,0.257,0.248,0.261,0.664,0.215,0.201,0.278,1,0.368,0.175,0.333,0.143,0.095,0.32,0.329,0.225,0.194,0.061,0.121,0.054,0.121,0.305,0.061,0.086,0.166,0.066,0.284,0.171,0.234,0.36,0.171,0.349,0.286,0.112,0.193,0.382,0.283,0.296
"PRDM2",0.086,0.095,0.234,0.171,0.105,0.157,0.165,0.62,0.05,0.152,0.038,0.147,0.034,0.136,0.062,0.101,0.087,0.077,0.076,0.069,0.048,0.048,0.125,0.168,0.065,0.148,0.216,0.119,0.133,0.155,0.068,0.031,0.112,0.511,0.963,0.125,0.492,0.125,0.138,0.137,0.622,0.127,0.105,0.342,0.076,0.125,0.091,0.194,0.648,0.128,0.346,0.223,0.089,0.042,0.289,0.143,0.118,0.679,0.312,0.04,0.228,0.205,0.137,0.093,1,0.544,0.019,0.039,0.093,0.016,0.076,0.665,0.157,0.202,0.931,0.151,0.085,0.51,0.368,1,0.118,0.144,0.069,0.022,0.377,0.072,0.586,0.113,0.024,0.044,0.023,0.082,0.13,0.028,0.027,0.049,0.016,0.32,0.073,0.138,0.352,0.159,0.294,0.119,0.042,0.349,0.14,0.339,0.677
"PROKR2",0.099,0.102,0.253,0.255,0.1,0.156,0.118,0.129,0.152,0.117,0.139,0.177,0.173,0.247,0.141,0.198,0.302,0.279,0.323,0.312,0.171,0.151,0.136,0.154,0.258,0.497,0.21,0.173,0.157,0.153,0.145,0.124,0.229,0.179,0.112,0.11,0.269,0.178,0.33,0.277,0.133,0.163,0.383,0.076,0.419,0.478,0.212,0.118,0.122,0.438,0.196,0.072,0.359,0.132,0.088,0.415,0.275,0.146,0.183,0.088,0.205,0.13,0.171,0.243,0.14,0.129,0.128,0.13,0.483,0.097,0.179,0.172,0.354,0.224,0.108,0.105,0.373,0.107,0.175,0.118,1,0.073,0.166,0.126,0.355,0.21,0.104,0.566,0.114,0.148,0.084,0.225,0.119,0.096,0.14,0.152,0.089,0.247,0.176,0.117,0.231,0.156,0.156,0.236,0.182,0.056,0.181,0.117,0.21
"PSMD8",0.238,0.103,0.232,0.614,0.19,0.274,0.261,0.113,0.062,0.213,0.051,0.812,0.047,0.812,0.047,0.051,0.093,0.333,0.098,0.098,0.052,0.066,0.314,0.192,0.12,0.093,0.131,0.214,0.214,0.27,0.088,0.042,0.219,0.118,0.135,0.293,0.144,0.184,0.169,0.081,0.365,0.314,0.098,0.264,0.047,0.093,0.128,0.321,0.135,0.076,0.239,0.431,0.088,0.064,0.19,0.196,0.333,0.127,0.168,0.015,0.168,0.103,0.103,0.12,0.144,0.135,0.025,0.048,0.073,0.02,0.068,0.135,0.182,0.207,0.119,0.152,0.039,0.21,0.333,0.144,0.073,1,0.084,0.029,0.131,0.092,0.135,0.073,0.031,0.072,0.027,0.032,0.369,0.023,0.035,0.084,0.021,0.157,0.12,0.492,0.258,0.151,0.285,1,0.059,0.25,0.765,0.146,0.119
"RAB17",0.077,0.252,0.202,0.212,0.146,0.2,0.175,0.16,0.265,0.151,0.109,0.18,0.12,0.178,0.178,0.16,0.162,0.212,0.201,0.234,0.14,0.161,0.06,0.161,0.29,0.367,0.21,0.133,0.151,0.127,0.341,0.076,0.228,0.232,0.064,0.072,0.179,0.163,0.175,0.223,0.15,0.187,0.214,0.086,0.128,0.191,0.302,0.077,0.1,0.167,0.137,0.181,0.197,0.394,0.115,0.335,0.323,0.16,0.127,0.231,0.136,0.097,0.139,0.311,0.115,0.23,0.078,0.562,0.165,0.072,0.212,0.141,0.16,0.228,0.089,0.143,0.103,0.093,0.143,0.069,0.166,0.084,1,0.388,0.176,0.271,0.288,0.162,0.174,0.298,0.152,0.8,0.111,0.067,0.112,0.391,0.401,0.185,0.37,0.067,0.162,0.131,0.098,0.116,0.254,0.044,0.163,0.191,0.133
"RBM45",0.045,0.176,0.668,0.38,0.425,0.209,0.062,0.874,0.664,0.242,0.06,0.06,0.581,0.583,0.199,0.056,0.095,0.351,0.206,0.105,0.112,0.339,0.075,0.095,0.757,0.105,0.584,0.43,0.088,0.095,0.48,0.054,0.663,0.668,0.022,0.06,0.074,0.047,0.226,0.076,0.049,0.068,0.415,0.028,0.107,0.074,0.126,0.085,0.454,0.095,0.412,0.032,0.088,0.067,0.04,0.306,1,0.053,0.093,0.266,0.278,0.093,0.065,0.112,0.022,1,0.151,0.053,0.428,0.092,0.075,0.595,0.064,0.126,0.016,0.199,0.036,0.081,0.095,0.022,0.126,0.029,0.388,1,0.332,0.095,0.196,0.065,0.183,0.536,0.033,0.035,0.394,0.049,0.394,0.081,0.046,0.088,0.112,0.068,0.071,0.177,0.037,0.062,0.175,0.022,0.062,0.051,0.135
"RELB",0.086,0.139,0.465,0.352,0.131,0.345,0.131,0.251,0.23,0.153,0.1,0.188,0.188,0.429,0.113,0.136,0.451,0.396,0.424,0.431,0.25,0.322,0.281,0.413,0.27,0.37,0.326,0.17,0.15,0.19,0.167,0.258,0.255,0.357,0.274,0.184,0.529,0.237,0.376,0.206,0.316,0.213,0.334,0.291,0.306,0.344,0.182,0.138,0.278,0.372,0.514,0.109,0.272,0.099,0.133,0.338,0.3,0.372,0.272,0.143,0.276,0.344,0.394,0.306,0.808,0.323,0.167,0.159,0.344,0.212,0.136,0.306,0.276,0.223,0.644,0.197,0.221,0.463,0.32,0.377,0.355,0.131,0.176,0.332,1,0.266,0.243,0.317,0.09,0.189,0.058,0.187,0.15,0.245,0.228,0.203,0.057,0.27,0.212,0.138,0.398,0.169,0.24,0.238,0.137,0.122,0.229,0.259,0.377
"RETNLB",0.169,0.185,0.267,0.788,0.158,0.428,0.211,0.218,0.219,0.197,0.217,0.162,0.159,0.323,0.137,0.201,0.229,0.406,0.307,0.307,0.154,0.251,0.11,0.223,0.373,0.271,0.286,0.246,0.3,0.231,0.3,0.129,0.382,0.3,0.072,0.083,0.229,0.146,0.21,0.252,0.165,0.382,0.49,0.094,0.18,0.229,0.428,0.126,0.096,0.193,0.166,0.107,0.3,0.234,0.132,0.234,0.244,0.297,0.245,0.04,0.107,0.155,0.172,0.373,0.066,0.18,0.093,0.187,0.21,0.061,0.267,0.176,0.382,0.428,0.052,0.204,0.12,0.094,0.329,0.072,0.21,0.092,0.271,0.095,0.266,1,0.122,0.21,0.11,0.202,0.118,0.121,0.14,0.07,0.125,0.271,0.066,0.382,0.373,0.097,0.141,0.246,0.141,0.151,0.2,0.073,0.211,0.105,0.141
"RFX2",0.07,0.567,0.193,0.164,0.158,0.146,0.217,0.328,0.185,0.19,0.068,0.164,0.099,0.16,0.284,0.139,0.082,0.118,0.108,0.078,0.055,0.088,0.076,0.13,0.164,0.131,0.233,0.139,0.116,0.137,0.202,0.05,0.165,0.388,0.485,0.125,0.381,0.087,0.121,0.18,0.452,0.147,0.164,0.326,0.072,0.113,0.187,0.132,0.397,0.097,0.253,0.152,0.106,0.069,0.207,0.136,0.264,0.44,0.181,0.135,0.16,0.143,0.094,0.155,0.939,0.453,0.071,0.073,0.113,0.05,0.194,0.426,0.114,0.169,0.746,0.49,0.067,0.25,0.225,0.586,0.104,0.135,0.288,0.196,0.243,0.122,1,0.097,0.053,0.125,0.043,0.118,0.178,0.03,0.136,0.079,0.028,0.204,0.118,0.09,0.191,0.122,0.2,0.098,0.149,0.189,0.121,0.257,0.327
"RGS10",0.076,0.09,0.272,0.268,0.088,0.179,0.098,0.101,0.152,0.107,0.11,0.222,0.15,0.259,0.123,0.182,0.39,0.35,0.414,0.4,0.138,0.132,0.099,0.148,0.249,0.513,0.21,0.106,0.134,0.143,0.132,0.105,0.242,0.162,0.106,0.059,0.32,0.196,0.367,0.274,0.126,0.27,0.381,0.076,0.439,0.495,0.217,0.081,0.089,0.485,0.216,0.061,0.358,0.1,0.069,0.4,0.284,0.174,0.179,0.088,0.218,0.123,0.175,0.243,0.14,0.111,0.061,0.13,0.451,0.097,0.157,0.109,0.354,0.19,0.108,0.099,0.369,0.094,0.194,0.113,0.566,0.073,0.162,0.065,0.317,0.21,0.097,1,0.064,0.142,0.067,0.225,0.08,0.085,0.102,0.15,0.048,0.236,0.163,0.08,0.243,0.099,0.151,0.248,0.18,0.047,0.199,0.112,0.203
"SCN7A",0.038,0.101,0.076,0.061,0.067,0.069,0.054,0.088,0.14,0.098,0.06,0.051,0.072,0.07,0.269,0.057,0.113,0.11,0.1,0.151,0.078,0.075,0.061,0.127,0.154,0.201,0.087,0.111,0.077,0.065,0.072,0.049,0.069,0.101,0.023,0.066,0.076,0.111,0.11,0.071,0.039,0.071,0.077,0.029,0.093,0.073,0.098,0.065,0.096,0.173,0.054,0.092,0.101,0.224,0.035,0.182,0.079,0.037,0.058,0.071,0.076,0.067,0.085,0.129,0.029,0.094,0.319,0.26,0.07,0.177,0.064,0.107,0.052,0.11,0.022,0.068,0.038,0.058,0.061,0.024,0.114,0.031,0.174,0.183,0.09,0.11,0.053,0.064,1,0.281,0.171,0.143,0.069,0.059,0.077,0.271,0.357,0.068,0.158,0.058,0.068,0.132,0.035,0.048,0.116,0.021,0.058,0.068,0.1
"SLC12A5",0.058,0.173,0.207,0.167,0.128,0.165,0.097,0.144,0.35,0.199,0.085,0.102,0.13,0.158,0.218,0.121,0.193,0.219,0.226,0.264,0.112,0.137,0.104,0.161,0.275,0.255,0.209,0.152,0.121,0.114,0.278,0.094,0.178,0.212,0.039,0.066,0.162,0.178,0.168,0.152,0.101,0.171,0.226,0.074,0.127,0.356,0.179,0.076,0.114,0.289,0.135,0.091,0.153,0.203,0.065,0.207,0.209,0.091,0.087,0.165,0.149,0.084,0.139,0.235,0.075,0.27,0.084,0.402,0.172,0.109,0.122,0.169,0.114,0.176,0.059,0.131,0.077,0.081,0.121,0.044,0.148,0.072,0.298,0.536,0.189,0.202,0.125,0.142,0.281,1,0.167,0.243,0.123,0.133,0.163,0.267,0.548,0.134,0.305,0.059,0.124,0.143,0.081,0.12,0.328,0.033,0.111,0.103,0.113
"SLC35B4",0.037,0.133,0.049,0.054,0.043,0.055,0.055,0.056,0.077,0.063,0.065,0.044,0.05,0.052,0.116,0.062,0.051,0.059,0.059,0.08,0.047,0.049,0.032,0.056,0.186,0.185,0.046,0.064,0.087,0.057,0.065,0.044,0.051,0.06,0.022,0.03,0.043,0.15,0.058,0.079,0.036,0.045,0.071,0.031,0.047,0.078,0.103,0.047,0.027,0.066,0.035,0.132,0.108,0.315,0.034,0.112,0.066,0.034,0.047,0.015,0.037,0.033,0.091,0.153,0.025,0.052,0.027,0.174,0.058,0.021,0.072,0.053,0.054,0.129,0.019,0.05,0.042,0.032,0.054,0.023,0.084,0.027,0.152,0.033,0.058,0.118,0.043,0.067,0.171,0.167,1,0.098,0.041,0.023,0.039,0.184,0.46,0.076,0.134,0.029,0.05,0.055,0.033,0.04,0.089,0.024,0.058,0.085,0.046
"SMAP1",0.047,0.179,0.225,0.304,0.102,0.166,0.116,0.082,0.082,0.108,0.07,0.322,0.062,0.199,0.164,0.187,0.272,0.272,0.272,0.295,0.08,0.089,0.038,0.187,0.208,0.344,0.202,0.098,0.115,0.091,0.196,0.054,0.284,0.189,0.079,0.032,0.272,0.13,0.225,0.296,0.156,0.304,0.199,0.036,0.158,0.272,0.346,0.056,0.079,0.187,0.157,0.124,0.187,0.518,0.092,0.518,0.297,0.213,0.166,0.051,0.141,0.092,0.123,0.154,0.082,0.079,0.03,0.178,0.225,0.023,0.153,0.079,0.223,0.173,0.06,0.13,0.121,0.056,0.121,0.082,0.225,0.032,0.8,0.035,0.187,0.121,0.118,0.225,0.143,0.243,0.098,1,0.047,0.053,0.046,0.474,0.149,0.223,0.344,0.081,0.272,0.098,0.099,0.159,0.223,0.029,0.163,0.092,0.207
"SPRR1B",0.127,0.156,0.132,0.158,0.218,0.135,0.226,0.239,0.285,0.337,0.077,0.25,0.203,0.207,0.097,0.072,0.07,0.139,0.085,0.076,0.079,0.118,0.176,0.099,0.182,0.121,0.252,0.27,0.193,0.213,0.202,0.059,0.183,0.29,0.113,0.228,0.111,0.099,0.134,0.09,0.204,0.15,0.219,0.364,0.061,0.088,0.127,0.21,0.228,0.073,0.16,0.282,0.11,0.082,0.154,0.165,0.221,0.112,0.118,0.151,0.164,0.09,0.084,0.177,0.185,0.316,0.076,0.073,0.134,0.049,0.086,0.425,0.148,0.191,0.151,0.156,0.047,0.136,0.305,0.13,0.119,0.369,0.111,0.394,0.15,0.14,0.178,0.08,0.069,0.123,0.041,0.047,1,0.044,0.69,0.095,0.051,0.13,0.1,0.23,0.219,0.139,0.369,0.288,0.092,0.197,0.428,0.139,0.128
"SPRR2A",0.028,0.034,0.195,0.075,0.051,0.243,0.074,0.042,0.047,0.067,0.041,0.053,0.103,0.094,0.073,0.05,0.172,0.158,0.155,0.196,0.185,0.224,0.216,0.136,0.059,0.128,0.089,0.082,0.053,0.059,0.055,0.663,0.065,0.054,0.027,0.044,0.066,0.085,0.07,0.071,0.043,0.073,0.065,0.022,0.108,0.084,0.085,0.05,0.041,0.09,0.153,0.023,0.072,0.045,0.027,0.072,0.063,0.044,0.051,0.044,0.091,0.115,0.332,0.086,0.036,0.04,0.044,0.038,0.098,0.07,0.05,0.074,0.059,0.077,0.026,0.039,0.052,0.352,0.061,0.028,0.096,0.023,0.067,0.049,0.245,0.07,0.03,0.085,0.059,0.133,0.023,0.053,0.044,1,0.125,0.079,0.034,0.073,0.115,0.12,0.22,0.08,0.058,0.062,0.054,0.017,0.052,0.042,0.111
"SPRR3",0.048,0.133,0.154,0.106,0.148,0.164,0.066,0.204,0.285,0.249,0.072,0.066,0.23,0.137,0.096,0.068,0.129,0.146,0.139,0.133,0.141,0.164,0.19,0.118,0.182,0.135,0.334,0.216,0.093,0.081,0.197,0.153,0.146,0.262,0.026,0.066,0.077,0.108,0.101,0.083,0.05,0.079,0.229,0.038,0.109,0.101,0.117,0.075,0.18,0.107,0.138,0.038,0.115,0.076,0.043,0.119,0.14,0.044,0.056,0.151,0.146,0.084,0.128,0.157,0.03,0.278,0.076,0.068,0.169,0.115,0.08,0.394,0.078,0.133,0.024,0.129,0.067,0.117,0.086,0.027,0.14,0.035,0.112,0.394,0.228,0.125,0.136,0.102,0.077,0.163,0.039,0.046,0.69,0.125,1,0.12,0.051,0.102,0.142,0.062,0.092,0.123,0.084,0.092,0.091,0.027,0.074,0.043,0.092
"STEAP2",0.09,0.124,0.155,0.166,0.09,0.145,0.118,0.111,0.188,0.124,0.13,0.146,0.106,0.15,0.212,0.117,0.18,0.191,0.197,0.301,0.137,0.147,0.109,0.153,0.198,0.411,0.126,0.144,0.165,0.145,0.14,0.104,0.115,0.126,0.046,0.072,0.213,0.18,0.13,0.144,0.087,0.129,0.185,0.086,0.123,0.154,0.194,0.095,0.065,0.184,0.109,0.118,0.204,0.455,0.078,0.354,0.142,0.08,0.095,0.037,0.173,0.085,0.2,0.311,0.062,0.109,0.078,0.407,0.131,0.217,0.143,0.111,0.119,0.225,0.049,0.094,0.174,0.09,0.166,0.049,0.152,0.084,0.391,0.081,0.203,0.271,0.079,0.15,0.271,0.267,0.184,0.474,0.095,0.079,0.12,1,0.303,0.153,0.331,0.065,0.155,0.138,0.092,0.127,0.305,0.049,0.141,0.1,0.092
"TCN1",0.029,0.267,0.082,0.306,0.035,0.089,0.044,0.045,0.045,0.071,0.04,0.042,0.037,0.074,0.305,0.038,0.066,0.082,0.077,0.305,0.082,0.082,0.051,0.214,0.586,0.303,0.051,0.126,0.062,0.066,0.073,0.039,0.062,0.062,0.016,0.042,0.069,0.446,0.214,0.055,0.036,0.048,0.077,0.02,0.035,0.057,0.089,0.061,0.047,0.13,0.043,0.246,0.117,0.534,0.027,0.257,0.055,0.036,0.036,0.022,0.052,0.031,0.248,0.082,0.016,0.046,0.041,0.241,0.048,0.031,0.051,0.089,0.062,0.089,0.012,0.047,0.026,0.045,0.066,0.016,0.089,0.021,0.401,0.046,0.057,0.066,0.028,0.048,0.357,0.548,0.46,0.149,0.051,0.034,0.051,0.303,1,0.062,0.303,0.047,0.128,0.126,0.025,0.041,0.151,0.016,0.189,0.267,0.077
"TIPIN",0.11,0.117,0.237,0.255,0.124,0.222,0.17,0.243,0.204,0.164,0.133,0.195,0.105,0.219,0.131,0.23,0.194,0.229,0.213,0.194,0.13,0.165,0.111,0.199,0.21,0.3,0.233,0.158,0.195,0.177,0.163,0.094,0.239,0.307,0.281,0.135,0.299,0.199,0.245,0.341,0.291,0.244,0.272,0.295,0.2,0.271,0.228,0.157,0.227,0.218,0.237,0.138,0.239,0.128,0.159,0.245,0.319,0.339,0.392,0.088,0.218,0.165,0.149,0.342,0.493,0.238,0.086,0.174,0.214,0.058,0.207,0.226,0.357,0.275,0.551,0.148,0.169,0.212,0.284,0.32,0.247,0.157,0.185,0.088,0.27,0.382,0.204,0.236,0.068,0.134,0.076,0.223,0.13,0.073,0.102,0.153,0.062,1,0.229,0.138,0.236,0.157,0.259,0.173,0.126,0.174,0.187,0.187,0.305
"TM9SF4",0.1,0.192,0.221,0.221,0.137,0.237,0.154,0.127,0.26,0.178,0.256,0.133,0.121,0.188,0.157,0.225,0.214,0.272,0.234,0.252,0.15,0.225,0.127,0.221,0.372,0.356,0.186,0.156,0.189,0.166,0.225,0.126,0.192,0.192,0.061,0.099,0.2,0.229,0.163,0.201,0.157,0.205,0.194,0.12,0.157,0.202,0.282,0.098,0.078,0.206,0.143,0.159,0.34,0.307,0.13,0.273,0.291,0.156,0.126,0.059,0.125,0.114,0.165,1,0.098,0.13,0.113,0.407,0.174,0.125,0.221,0.118,0.202,0.257,0.075,0.12,0.104,0.112,0.171,0.073,0.176,0.12,0.37,0.112,0.212,0.373,0.118,0.163,0.158,0.305,0.134,0.344,0.1,0.115,0.142,0.331,0.303,0.229,1,0.088,0.226,0.159,0.14,0.154,0.226,0.054,0.211,0.174,0.126
"TMPRSS2",0.142,0.09,0.134,0.142,0.116,0.241,0.252,0.095,0.065,0.168,0.052,0.45,0.046,0.243,0.065,0.082,0.146,0.122,0.082,0.102,0.084,0.094,0.417,0.147,0.082,0.128,0.09,0.2,0.125,0.215,0.064,0.118,0.126,0.119,0.126,0.335,0.129,0.126,0.125,0.093,0.264,0.223,0.092,0.349,0.07,0.085,0.098,0.272,0.108,0.086,0.187,0.371,0.086,0.056,0.214,0.134,0.162,0.131,0.144,0.069,0.119,0.136,0.132,0.115,0.176,0.098,0.064,0.054,0.077,0.044,0.081,0.132,0.156,0.191,0.142,0.098,0.055,0.181,0.234,0.138,0.117,0.492,0.067,0.068,0.138,0.097,0.09,0.08,0.058,0.059,0.029,0.081,0.23,0.12,0.062,0.065,0.047,0.138,0.088,1,0.334,0.141,0.296,0.304,0.053,0.198,0.433,0.205,0.192
"TRIM68",0.09,0.09,0.362,0.325,0.119,0.348,0.28,0.167,0.087,0.157,0.065,0.262,0.093,0.317,0.121,0.138,0.308,0.314,0.299,0.313,0.186,0.207,0.186,0.212,0.17,0.308,0.282,0.149,0.177,0.207,0.104,0.221,0.222,0.237,0.264,0.212,0.472,0.16,0.299,0.184,0.359,0.233,0.258,0.314,0.256,0.264,0.157,0.184,0.223,0.279,0.379,0.195,0.197,0.125,0.141,0.289,0.297,0.291,0.176,0.11,0.225,0.169,0.319,0.185,0.873,0.207,0.068,0.143,0.223,0.103,0.122,0.218,0.346,0.163,0.664,0.126,0.285,0.377,0.36,0.352,0.231,0.258,0.162,0.071,0.398,0.141,0.191,0.243,0.068,0.124,0.05,0.272,0.219,0.22,0.092,0.155,0.128,0.236,0.226,0.334,1,0.144,0.457,0.354,0.089,0.151,0.385,0.211,0.29
"TYR",0.158,0.083,0.159,0.137,0.149,0.143,0.144,0.15,0.167,0.211,0.099,0.134,0.111,0.145,0.096,0.086,0.121,0.18,0.126,0.132,0.145,0.14,0.141,0.125,0.163,0.147,0.137,0.273,0.163,0.222,0.098,0.082,0.113,0.16,0.138,0.153,0.169,0.103,0.094,0.105,0.166,0.178,0.111,0.223,0.098,0.119,0.156,0.222,0.167,0.135,0.144,0.109,0.139,0.097,0.124,0.162,0.131,0.162,0.107,0.073,0.113,0.091,0.113,0.259,0.256,0.158,0.55,0.149,0.231,0.269,0.107,0.206,0.097,0.178,0.218,0.089,0.058,0.182,0.171,0.159,0.156,0.151,0.131,0.177,0.169,0.246,0.122,0.099,0.132,0.143,0.055,0.098,0.139,0.08,0.123,0.138,0.126,0.157,0.159,0.141,0.144,1,0.141,0.215,0.103,0.162,0.137,0.124,0.171
"UBE2V2",0.131,0.095,0.213,0.218,0.161,0.201,0.234,0.179,0.087,0.22,0.064,0.315,0.088,0.233,0.067,0.103,0.148,0.196,0.148,0.14,0.098,0.105,0.201,0.167,0.122,0.189,0.148,0.199,0.239,0.253,0.094,0.083,0.172,0.197,0.259,0.216,0.235,0.18,0.191,0.137,0.471,0.198,0.153,0.285,0.139,0.171,0.146,0.259,0.207,0.135,0.209,0.338,0.141,0.073,0.3,0.236,0.251,0.24,0.173,0.044,0.146,0.143,0.128,0.187,0.43,0.194,0.031,0.066,0.145,0.056,0.104,0.216,0.238,0.217,0.352,0.134,0.105,0.268,0.349,0.294,0.156,0.285,0.098,0.037,0.24,0.141,0.2,0.151,0.035,0.081,0.033,0.099,0.369,0.058,0.084,0.092,0.025,0.259,0.14,0.296,0.457,0.141,1,0.452,0.062,0.265,0.412,0.28,0.217
"UBE4B",0.159,0.089,0.213,0.269,0.129,0.162,0.215,0.158,0.109,0.167,0.073,0.488,0.116,0.371,0.076,0.096,0.207,0.275,0.223,0.216,0.124,0.119,0.238,0.145,0.171,0.272,0.21,0.187,0.196,0.215,0.103,0.083,0.206,0.128,0.11,0.315,0.208,0.212,0.235,0.158,0.223,0.215,0.242,0.272,0.2,0.272,0.151,0.249,0.099,0.257,0.209,0.31,0.2,0.078,0.144,0.271,0.277,0.122,0.146,0.065,0.175,0.099,0.154,0.185,0.148,0.104,0.057,0.091,0.344,0.093,0.202,0.119,0.242,0.186,0.121,0.101,0.183,0.166,0.286,0.119,0.236,1,0.116,0.062,0.238,0.151,0.098,0.248,0.048,0.12,0.04,0.159,0.288,0.062,0.092,0.127,0.041,0.173,0.154,0.304,0.354,0.215,0.452,1,0.107,0.184,0.536,0.119,0.141
"UNC13C",0.064,0.202,0.151,0.122,0.143,0.166,0.138,0.104,0.203,0.129,0.094,0.136,0.087,0.126,0.118,0.167,0.133,0.168,0.221,0.238,0.079,0.095,0.053,0.108,0.228,0.262,0.127,0.147,0.133,0.101,0.147,0.065,0.163,0.148,0.04,0.065,0.153,0.087,0.135,0.186,0.143,0.135,0.252,0.062,0.122,0.537,0.249,0.071,0.076,0.287,0.089,0.112,0.173,0.185,0.142,0.212,0.248,0.136,0.081,0.084,0.086,0.065,0.084,0.248,0.05,0.119,0.069,0.239,0.161,0.05,0.176,0.126,0.114,0.198,0.042,0.124,0.101,0.051,0.112,0.042,0.182,0.059,0.254,0.175,0.137,0.2,0.149,0.18,0.116,0.328,0.089,0.223,0.092,0.054,0.091,0.305,0.151,0.126,0.226,0.053,0.089,0.103,0.062,0.107,1,0.04,0.11,0.128,0.083
"WARS2",0.209,0.091,0.092,0.092,0.135,0.08,0.207,0.193,0.052,0.241,0.042,0.215,0.035,0.11,0.032,0.044,0.042,0.062,0.039,0.039,0.031,0.033,0.182,0.087,0.05,0.068,0.074,0.14,0.137,0.224,0.044,0.032,0.063,0.148,0.335,0.135,0.177,0.081,0.068,0.054,0.288,0.102,0.05,0.657,0.033,0.055,0.065,0.252,0.2,0.054,0.123,0.416,0.062,0.044,0.328,0.09,0.096,0.24,0.217,0.012,0.149,0.099,0.066,0.097,0.38,0.172,0.018,0.041,0.041,0.015,0.047,0.219,0.092,0.14,0.33,0.077,0.033,0.342,0.193,0.349,0.056,0.25,0.044,0.022,0.122,0.073,0.189,0.047,0.021,0.033,0.024,0.029,0.197,0.017,0.027,0.049,0.016,0.174,0.054,0.198,0.151,0.162,0.265,0.184,0.04,1,0.222,0.219,0.217
"YOD1",0.159,0.129,0.226,0.291,0.173,0.204,0.443,0.112,0.144,0.21,0.081,0.52,0.085,0.347,0.079,0.093,0.22,0.309,0.235,0.227,0.089,0.103,0.3,0.166,0.199,0.219,0.155,0.186,0.272,0.279,0.122,0.077,0.211,0.135,0.132,0.233,0.224,0.208,0.245,0.148,0.292,0.263,0.23,0.316,0.167,0.221,0.174,0.275,0.117,0.225,0.232,0.409,0.187,0.133,0.186,0.281,0.344,0.133,0.161,0.068,0.175,0.117,0.158,0.25,0.164,0.125,0.057,0.174,0.199,0.102,0.111,0.126,0.258,0.22,0.134,0.135,0.161,0.192,0.382,0.14,0.181,0.765,0.163,0.062,0.229,0.211,0.121,0.199,0.058,0.111,0.058,0.163,0.428,0.052,0.074,0.141,0.189,0.187,0.211,0.433,0.385,0.137,0.412,0.536,0.11,0.222,1,0.163,0.139
"YTHDC1",0.103,0.304,0.189,0.164,0.15,0.181,0.129,0.205,0.068,0.174,0.048,0.196,0.044,0.187,0.085,0.105,0.121,0.107,0.1,0.096,0.061,0.064,0.188,0.224,0.149,0.196,0.144,0.177,0.168,0.195,0.08,0.041,0.127,0.192,0.309,0.194,0.281,0.126,0.16,0.15,0.501,0.161,0.103,0.202,0.078,0.126,0.175,0.213,0.242,0.1,0.23,0.261,0.105,0.154,0.578,0.14,0.16,0.279,0.28,0.07,0.145,0.307,0.221,0.138,0.466,0.219,0.046,0.367,0.102,0.033,0.114,0.258,0.125,0.182,0.372,0.224,0.067,0.298,0.283,0.339,0.117,0.146,0.191,0.051,0.259,0.105,0.257,0.112,0.068,0.103,0.085,0.092,0.139,0.042,0.043,0.1,0.267,0.187,0.174,0.205,0.211,0.124,0.28,0.119,0.128,0.219,0.163,1,0.371
"ZBTB32",0.091,0.115,0.299,0.208,0.114,0.23,0.121,0.431,0.11,0.136,0.077,0.19,0.076,0.26,0.126,0.156,0.214,0.166,0.174,0.154,0.222,0.212,0.165,0.429,0.142,0.476,0.203,0.159,0.119,0.141,0.114,0.062,0.176,0.382,0.654,0.167,0.42,0.151,0.296,0.234,0.416,0.177,0.184,0.279,0.168,0.196,0.172,0.178,0.453,0.186,0.394,0.159,0.167,0.077,0.201,0.201,0.178,0.494,0.427,0.184,0.258,0.461,0.23,0.156,0.781,0.377,0.126,0.088,0.176,0.088,0.132,0.404,0.204,0.216,0.931,0.198,0.146,0.478,0.296,0.677,0.21,0.119,0.133,0.135,0.377,0.141,0.327,0.203,0.1,0.113,0.046,0.207,0.128,0.111,0.092,0.092,0.077,0.305,0.126,0.192,0.29,0.171,0.217,0.141,0.083,0.217,0.139,0.371,1
