CpG,logFC,AveExpr,t,P.Value,adj.P.Val,B,Normal_AVG,Tumor_AVG,deltaBeta,CHR,MAPINFO,Strand,Type,gene,feature,cgi,feat.cgi,UCSC_CpG_Islands_Name,DHS,Enhancer,Phantom,Probe_SNPs,Probe_SNPs_10,dbeta,cutpoint,F1,DNAm,F1_validate,dF1
cg12539796,0.513331423,0.614720592,17.08813263,6.47e-53,3.04e-49,109.4245979,0.147552066,0.66088349,0.513331423,5,7850203,F,I,C5orf49,Body,island,Body-island,chr5:7849945-7850439,True,,,,,0.63315685,0.42,0.9419087136929462,hyper,0.925531914893617,0.017386821632767988
cg23179456,0.466215125,0.557600056,14.9558415,9.71e-43,5.76e-40,86.08659323,0.133310752,0.599525876,0.466215125,14,24803873,R,I,ADCY4,TSS200,island,TSS200-island,chr14:24803678-24804353,,,,,,0.598308785,0.22,0.948665297741273,hyper,0.964102564102564,0.016272616272616332
cg02245020,0.494091509,0.600066725,16.5569156,2.46e-50,6.51e-47,103.5072702,0.150407905,0.644499414,0.494091509,7,143580147,R,II,FAM115A,5'UTR,shore,5'UTR-shore,chr7:143582125-143582610,True,,,,,0.594030354,0.35,0.9484536082474228,hyper,0.925531914893617,0.024167437557816966
cg14117138,0.487159328,0.627808756,17.53042025,4.41e-55,2.91e-51,114.3952207,0.184458719,0.671618048,0.487159328,19,46800085,R,I,HIF3A,TSS1500,island,TSS1500-island,chr19:46800053-46800603,True,,,,,0.587046117,0.32,0.9635627530364372,hyper,0.9746192893401014,0.011474640617668319
cg16731240,0.474317415,0.618758471,16.63911042,9.84e-51,2.9500000000000003e-47,104.4188531,0.1870955,0.661412915,0.474317415,19,52391250,F,II,ZNF577,TSS200,island,TSS200-island,chr19:52390841-52391368,True,,,rs75075099,,0.577383084,0.25,0.9614604462474644,hyper,0.9533678756476685,0.008416956341137989
cg05385513,0.476907781,0.636862006,16.81552447,1.37e-51,5.11e-48,106.3804127,0.202841615,0.679749396,0.476907781,2,56150478,F,II,EFEMP1,TSS200,island,TSS200-island,chr2:56150340-56151180,True,,,,,0.576475575,0.36,0.952965235173824,hyper,0.9479166666666667,0.005297746781115699
cg10069493,0.461859343,0.579439144,16.99491377,1.84e-52,8.06e-49,108.3818956,0.159113915,0.620973258,0.461859343,10,45914688,R,I,ALOX5,Body,island,Body-island,chr10:45914374-45914883,True,True,,,,0.572644126,0.36,0.9419087136929462,hyper,0.925531914893617,0.017386821632767988
cg08946731,0.464964779,0.604767592,15.0353128,4.14e-43,2.71e-40,86.93466857,0.181616192,0.646580971,0.464964779,7,32981826,F,II,RP9P,Body,shore,Body-shore,chr7:32981938-32982865,,True,,rs56664420,,0.570770913,0.22,0.96579476861167,hyper,0.9693877551020408,0.003720238095238062
cg26573704,0.443961282,0.542280174,15.31663994,2e-44,1.68e-41,89.95182057,0.138243467,0.58220475,0.443961282,5,33892223,R,II,ADAMTS12,TSS200,island,TSS200-island,chr5:33892191-33892403,True,,high-CpG:33927847-33928066,,,0.56913528,0.25,0.9551020408163268,hyper,0.9368421052631579,0.01911830859199302
cg21330423,0.460589703,0.53983917,15.87675423,4.490000000000001e-47,6.35e-44,96.02485039,0.120669405,0.581259107,0.460589703,6,29975068,R,I,HLA-J,Body,island,Body-island,chr6:29974220-29975369,,True,,,,0.565882942,0.19,0.9572301425661914,hyper,0.9748743718592964,0.018432588474286225
cg14861089,0.456110824,0.616962583,16.29931593,4.2800000000000004e-49,9.2e-46,100.6603591,0.201868919,0.657979743,0.456110824,10,102895043,R,I,TLX1,Body,island,Body-island,chr10:102893660-102895059,,,,,,0.559211553,0.28,0.9635627530364372,hyper,0.9644670050761421,0.0009384464445676907
cg08862890,0.467003585,0.604098205,18.17308614,2.95e-58,4.26e-54,121.6809802,0.179091346,0.64609493,0.467003585,5,169064451,R,I,DOCK2,Body,island,Body-island,chr5:169064270-169064702,,,,,,0.556384629,0.39,0.9506172839506172,hyper,0.9479166666666667,0.0028409090909088993
cg00817367,0.476429186,0.603189432,18.76519493,3.31e-61,8.890000000000003e-57,128.4516895,0.169604597,0.646033783,0.476429186,12,52401214,F,I,GRASP,Body,island,Body-island,chr12:52400467-52401696,True,,,,,0.55498594,0.41,0.9527720739219712,hyper,0.9533678756476685,0.0006253350008934887
cg20883831,0.462837739,0.543041064,16.14435613,2.3699999999999998e-48,4.21e-45,98.95533661,0.121825424,0.584663163,0.462837739,7,150652948,F,I,KCNH2,TSS200,island,TSS200-island,chr7:150652807-150653080,True,True,high-CpG:150283794-150283891,,,0.553790152,0.16,0.9718875502008032,hyper,0.9797979797979798,0.008139243676433757
cg03576469,0.472785931,0.621988236,17.08321076,6.84e-53,3.18e-49,109.3694999,0.191719025,0.664504956,0.472785931,19,46917061,F,II,CCDC8,TSS200,shore,TSS200-shore,chr19:46915311-46915802,True,,,,,0.549827987,0.38,0.9613034623217924,hyper,0.9197860962566845,0.043188615970271155
cg09296001,0.454654909,0.576115252,19.29261601,7.49e-64,4.690000000000001e-59,134.5230548,0.162346575,0.617001485,0.454654909,7,127672564,R,I,SND1,Body,island,Body-island,chr7:127671158-127672853,True,,,,,0.548335093,0.44,0.9484536082474228,hyper,0.9197860962566845,0.03022552894675663
cg26388816,0.460666833,0.608316337,16.61105258,1.34e-50,3.83e-47,104.1075072,0.189076377,0.64974321,0.460666833,12,570155,F,I,B4GALNT3,Body,island,Body-island,chr12:568702-570362,True,,,,,0.547537792,0.39,0.9440993788819876,hyper,0.9312169312169312,0.013645224171540021
cg23235241,0.413745306,0.530867019,13.27464214,4.02e-35,5.8e-33,68.63476213,0.154329024,0.568074331,0.413745306,16,25704505,R,II,HS3ST4,Body,island,Body-island,chr16:25702955-25704631,,,,,,0.546976317,0.27,0.933609958506224,hyper,0.9197860962566845,0.014806892453951162
cg07519235,0.483140395,0.706470735,17.81826341,1.6800000000000002e-56,1.3899999999999998e-52,117.6496846,0.266778216,0.749918612,0.483140395,16,19894978,R,II,GPRC5B,5'UTR,island,5'UTR-island,chr16:19894965-19897156,True,,,,,0.545629005,0.46,0.9572301425661914,hyper,0.9368421052631579,0.02129899216125416
cg01635086,0.452917346,0.525444062,15.65476899,5.09e-46,5.8700000000000014e-43,93.60785249,0.113256694,0.56617404,0.452917346,17,42386326,R,II,RUNDC3A,Body,island,Body-island,chr17:42385810-42386393,,,,,,0.54386235,0.2,0.959349593495935,hyper,0.9533678756476685,0.006235180468955769
cg02534363,0.445082018,0.598838056,14.84724763,3.1e-42,1.68e-39,84.93083191,0.1937814,0.638863418,0.445082018,3,47050950,R,II,NBEAL2,3'UTR,island,3'UTR-island,chr3:47050486-47051609,,True,,,,0.543311418,0.26,0.9552845528455284,hyper,0.9587628865979382,0.0036411493748630262
cg04407470,0.41683616,0.547685311,15.94979703,2.02e-47,2.9999999999999997e-44,96.82294578,0.168334418,0.585170577,0.41683616,6,108489977,R,I,NR2E1,Body,island,Body-island,chr6:108485671-108490539,,True,,,,0.543105463,0.26,0.9574036511156186,hyper,0.9538461538461539,0.003715775749673986
cg08843517,0.452742099,0.626869579,17.99178091,2.33e-57,2.58e-53,119.6184941,0.214841698,0.667583797,0.452742099,16,88717464,F,I,CYBA,TSS200,island,TSS200-island,chr16:88716989-88717606,,,high-CpG:87244919-87245004,rs72550704,,0.542396344,0.29,0.9699398797595192,hyper,0.9746192893401014,0.0048244326047738135
cg01532436,0.444313571,0.627370301,16.4553196,7.5900000000000005e-50,1.8899999999999998e-46,102.3826299,0.223012986,0.667326557,0.444313571,19,48983942,F,II,CYTH2,3'UTR,island,3'UTR-island,chr19:48983562-48984175,True,True,,,,0.538592092,0.35,0.9595141700404858,hyper,0.9312169312169312,0.029491215145223588
cg02499249,0.461076705,0.568310676,15.17531068,9.19e-44,6.69e-41,88.43322163,0.148697703,0.609774408,0.461076705,3,25469720,R,II,RARB,TSS200,opensea,TSS200-opensea,,,True,,,,0.537191401,0.26,0.9570552147239264,hyper,0.9533678756476685,0.0038527965989105565
cg03596016,0.453678155,0.641751583,16.74885152,2.89e-51,1.02e-47,105.6382743,0.228871824,0.682549979,0.453678155,1,246952362,R,I,LOC149134,TSS1500,island,TSS1500-island,chr1:246952214-246952511,,True,,,,0.53643014,0.53,0.9125799573560768,hyper,0.8901098901098902,0.024622573687994205
cg16332610,0.448924064,0.644556976,18.70762821,6.41e-61,1.4200000000000001e-56,127.791206,0.236003781,0.684927845,0.448924064,15,74658547,F,II,CYP11A1,1stExon,island,1stExon-island,chr15:74658038-74658574,,True,,,,0.536388341,0.38,0.9698189134808854,hyper,0.9424083769633509,0.028263561512893512
cg16232979,0.447779549,0.55432619,16.05728139,6.189999999999999e-48,1.02e-44,97.99982126,0.146814586,0.594594135,0.447779549,19,16187631,F,I,TPM4,Body,island,Body-island,chr19:16186789-16188275,,,high-CpG:16048047-16048853,,,0.536382411,0.39,0.9375,hyper,0.9583333333333334,0.02222222222222226
cg15219228,0.42961307,0.564179437,14.89123704,1.94e-42,1.09e-39,85.39857582,0.173200635,0.602813706,0.42961307,6,35479628,F,I,TULP1,Body,island,Body-island,chr6:35479388-35479678,,True,,,,0.533947318,0.22,0.9616161616161616,hyper,0.964824120603015,0.003336007769942131
cg16317273,0.442938341,0.596725715,15.30150192,2.36e-44,1.92e-41,89.78888658,0.193619958,0.636558299,0.442938341,5,38258028,F,II,EGFLAM,TSS1500,island,TSS1500-island,chr5:38257825-38259136,,True,,,,0.53357754,0.26,0.9656565656565655,hyper,0.9479166666666667,0.0183708158995814
cg22260952,0.448151326,0.560729884,16.33324683,2.94e-49,6.54e-46,101.0344681,0.152879937,0.601031263,0.448151326,12,104852446,F,I,CHST11,Body,shore,Body-shore,chr12:104850253-104852395,,,,,,0.532698931,0.37,0.9462809917355371,hyper,0.925531914893617,0.02192697203381958
cg13247663,0.410974029,0.624317945,17.27915966,7.54e-54,4.05e-50,111.5667979,0.250302013,0.661276041,0.410974029,8,59058254,R,I,FAM110B,5'UTR,island,5'UTR-island,chr8:59058167-59059414,True,True,high-CpG:59220802-59221031,,,0.53255206,0.43,0.9552845528455284,hyper,0.9587628865979382,0.0036411493748630262
cg20687242,0.434039699,0.581535262,15.27960063,2.98e-44,2.3999999999999997e-41,89.55327381,0.18652791,0.620567609,0.434039699,12,54653427,F,II,CBX5,TSS200,opensea,TSS200-opensea,,True,,,,,0.532474576,0.26,0.9678714859437751,hyper,0.9587628865979382,0.009410959490097112
cg12627583,0.438785201,0.552056092,15.4359162,5.5e-45,5.09e-42,91.23788422,0.152729992,0.591515192,0.438785201,2,201450731,R,II,AOX1,1stExon,island,1stExon-island,chr2:201450526-201451027,True,True,,,,0.53241768,0.18,0.9698189134808854,hyper,0.9693877551020408,0.0004445761707174241
cg26654286,0.442770403,0.542524439,15.5782783,1.17e-45,1.23e-42,92.77804597,0.139571518,0.582341921,0.442770403,17,38465510,F,II,RARA,5'UTR,opensea,5'UTR-opensea,,,,,,,0.530988377,0.29,0.952965235173824,hyper,0.925531914893617,0.02878732535841471
cg23357130,0.462684751,0.563013054,13.70860811,4.77e-37,9.77e-35,73.04379634,0.141936644,0.604621395,0.462684751,11,3181928,F,I,OSBPL5,5'UTR,island,5'UTR-island,chr11:3181574-3182120,True,True,,,,0.528942553,0.18,0.9572301425661914,hyper,0.9849246231155778,0.028931893510103657
cg22774088,0.425417612,0.513521122,14.30917512,9.25e-40,3.1200000000000003e-37,79.25902744,0.12636049,0.551778102,0.425417612,19,2253398,R,I,JSRP1,Body,island,Body-island,chr19:2250560-2253959,,True,,,,0.527540922,0.24,0.9419087136929462,hyper,0.9533678756476685,0.012165894410079618
cg06426416,0.389213017,0.505983496,11.78586414,9.03e-29,4.59e-27,54.09978781,0.151771649,0.540984666,0.389213017,4,5710403,R,II,EVC2,5'UTR,island,5'UTR-island,chr4:5709985-5710495,True,,,,,0.525780059,0.37,0.8913043478260869,hyper,0.8587570621468925,0.036516466859583964
cg05415131,0.45067653,0.58088842,18.22735072,1.5900000000000001e-58,2.3899999999999998e-54,122.299303,0.170740355,0.621416885,0.45067653,11,58940866,R,I,DTX4,Body,island,Body-island,chr11:58940830-58941052,,,,,,0.525459506,0.38,0.9613034623217924,hyper,0.9368421052631579,0.025446030330062583
cg20676696,0.431736041,0.544759411,14.54194117,7.949999999999996e-41,3.33e-38,81.70114321,0.151848553,0.583584594,0.431736041,1,110210444,R,II,GSTM2,TSS200,shore,TSS200-shore,chr1:110210581-110210956,True,True,,,,0.524323575,0.2,0.959349593495935,hyper,0.9693877551020408,0.010463507436873017
cg08879470,0.413758287,0.556420498,14.23405502,2.03e-39,6.4000000000000014e-37,78.47474314,0.17987069,0.593628977,0.413758287,11,76859056,F,I,MYO7A,Body,island,Body-island,chr11:76858728-76859181,True,,,rs4074664,rs71469546,0.522931766,0.23,0.948665297741273,hyper,0.9693877551020408,0.02184380245604748
cg08377924,0.455227965,0.526558613,14.71900945,1.22e-41,6.02e-39,83.57068034,0.112268415,0.567496379,0.455227965,17,41363628,R,II,NBR1,3'UTR,shore,3'UTR-shore,chr17:41363727-41364273,True,,,,,0.521922397,0.2,0.9591836734693876,hyper,0.9312169312169312,0.02915681639085884
cg00980978,0.434326503,0.537549215,14.21229811,2.55e-39,7.88e-37,78.24794969,0.142280851,0.576607354,0.434326503,20,44098724,R,II,WFDC2,Body,island,Body-island,chr20:44098280-44099536,,True,,,,0.520287603,0.29,0.9397089397089397,hyper,0.8961748633879781,0.0463271918371294
cg15732851,0.400786037,0.550707893,12.13607349,3.16e-30,2.0099999999999999e-28,57.43056628,0.185963766,0.586749803,0.400786037,1,203598761,F,I,ATP2B4,5'UTR,island,5'UTR-island,chr1:203598471-203598853,,,,,,0.519229952,0.21,0.9404517453798767,hyper,0.9435897435897437,0.003336692419662
cg06428620,0.455648394,0.597538829,15.29143975,2.63e-44,2.13e-41,89.68062138,0.182866011,0.638514404,0.455648394,5,140864276,R,II,PCDHGA4,Body,shore,Body-shore,chr5:140864527-140864748,,True,,,rs79019286,0.518995862,0.19,0.9718875502008032,hyper,0.96,0.012231404958677706
cg16260298,0.440477513,0.540672944,16.4909963,5.11e-50,1.32e-46,102.7772927,0.139806718,0.580284231,0.440477513,7,116140342,F,II,CAV2,Body,island,Body-island,chr7:116139774-116140352,True,,,,,0.518921037,0.22,0.9718875502008032,hyper,0.964102564102564,0.008010171646535363
cg02156680,0.430787277,0.531705566,14.11790526,6.85e-39,1.98e-36,77.26587856,0.139658151,0.570445429,0.430787277,8,120651317,R,II,ENPP2,TSS1500,opensea,TSS1500-opensea,,True,True,,,,0.518424761,0.28,0.9330543933054394,hyper,0.8961748633879781,0.0395255948442746
cg05168015,0.441683853,0.658271463,16.31035301,3.79e-49,8.19e-46,100.7820198,0.256307381,0.697991234,0.441683853,5,171880461,F,II,SH3PXD2B,Body,shore,Body-shore,chr5:171881182-171881547,True,,,,,0.518344719,0.43,0.9527720739219712,hyper,0.925531914893617,0.02859042553191486
cg23095615,0.42853034,0.583027475,13.6807765,6.3600000000000014e-37,1.27e-34,72.75890032,0.193034036,0.621564376,0.42853034,6,146136563,F,II,FBXO30,TSS1500,island,TSS1500-island,chr6:146136325-146136564,,,,,,0.514148851,0.23,0.9531568228105906,hyper,0.964102564102564,0.011483673022134544
cg05304177,0.411149445,0.488075204,15.83293818,7.260000000000001e-47,9.97e-44,95.54675584,0.11389963,0.525049075,0.411149445,3,134083080,F,I,AMOTL2,Body,island,Body-island,chr3:134082860-134083201,,True,,,,0.513871319,0.21,0.952965235173824,hyper,0.964102564102564,0.011687025420931006
cg27260772,0.396633153,0.587561897,12.23740222,1.18e-30,8.05e-29,58.40488411,0.226597193,0.623230346,0.396633153,6,50791202,F,I,TFAP2B,Body,island,Body-island,chr6:50791110-50791573,,,,,,0.513727276,0.22,0.9469387755102042,hyper,0.9278350515463918,0.02017419125488813
cg22538054,0.428872583,0.516245198,16.21690383,1.0599999999999999e-48,2.05e-45,99.75285779,0.125940293,0.554812876,0.428872583,12,95941988,F,I,USP44,5'UTR,island,5'UTR-island,chr12:95941906-95942979,True,,,rs61939483,,0.511736954,0.18,0.967741935483871,hyper,0.9849246231155778,0.017755443886097056
cg20557104,0.438671975,0.568807148,16.62447902,1.16e-50,3.38e-47,104.2564728,0.169584092,0.608256067,0.438671975,19,41934313,F,II,B3GNT8,5'UTR,opensea,5'UTR-opensea,,,,,,,0.511503819,0.34,0.9506172839506172,hyper,0.9139784946236558,0.038542103058232136
cg22796507,0.398606622,0.543422227,14.5781666,5.42e-41,2.35e-38,82.0828048,0.180661524,0.579268146,0.398606622,1,47882739,F,I,FOXE3,1stExon,island,1stExon-island,chr1:47881896-47883065,True,True,,rs12724260,,0.509786692,0.27,0.9445585215605748,hyper,0.9430051813471503,0.0016445145302994906
cg22262168,0.396932113,0.580873551,14.26168819,1.52e-39,4.9200000000000014e-37,78.76302268,0.219636772,0.616568885,0.396932113,9,27528999,R,II,MOBKL2B,5'UTR,island,5'UTR-island,chr9:27528976-27529885,,,,,,0.509712229,0.19,0.9700598802395208,hyper,0.9543147208121826,0.01623112113805855
cg00677574,0.430728326,0.630442222,16.71472987,4.23e-51,1.39e-47,105.2588383,0.238448457,0.669176783,0.430728326,17,43221327,R,II,ACBD4,3'UTR,shore,3'UTR-shore,chr17:43221927-43222388,True,True,,,,0.509140104,0.41,0.9549180327868853,hyper,0.9368421052631579,0.018929297492658665
cg15410675,0.415406122,0.627036834,13.90574682,6.23e-38,1.5e-35,75.0698941,0.248987377,0.664393499,0.415406122,4,154144800,F,II,TRIM2,Body,shore,Body-shore,chr4:154143932-154144463,,True,,,,0.509137734,0.44,0.926315789473684,hyper,0.8839779005524862,0.045705675539929484
cg14130039,0.431070513,0.582808576,15.17480868,9.24e-44,6.7e-41,88.42783788,0.190503396,0.62157391,0.431070513,6,32121225,R,II,PPT2,TSS200,shore,TSS200-shore,chr6:32121829-32122529,,,,,,0.508970194,0.21,0.9699398797595192,hyper,0.9849246231155778,0.015449146559242226
cg17437939,0.427859796,0.639887755,15.15461024,1.15e-43,8.199999999999997e-41,88.21127856,0.250504559,0.678364355,0.427859796,7,97361252,R,II,TAC1,TSS200,island,TSS200-island,chr7:97361132-97363018,,,,,,0.508479739,0.34,0.9637096774193548,hyper,0.9479166666666667,0.016387726638772505
cg21634602,0.38979035,0.55847866,10.53077795,9.13e-24,2.33e-22,42.6639951,0.203741399,0.593531749,0.38979035,5,112073570,R,II,APC,1stExon,opensea,1stExon-opensea,,True,True,high-CpG:112101462-112101485,,,0.507761097,0.16,0.9363449691991786,hyper,0.9591836734693877,0.024391335481560996
cg04299389,0.426405674,0.580195462,14.92688142,1.32e-42,7.67e-40,85.7780204,0.192135621,0.618541296,0.426405674,20,25129296,F,II,LOC284798,Body,island,Body-island,chr20:25128764-25129610,True,True,,,,0.507283417,0.32,0.9570552147239264,hyper,0.925531914893617,0.03293780687397717
cg06244497,0.429319861,0.526680156,14.54416643,7.77e-41,3.26e-38,81.72457577,0.135968196,0.565288057,0.429319861,19,39466575,F,II,FBXO17,TSS200,shore,TSS200-shore,chr19:39465846-39466403,,True,,,,0.505732424,0.31,0.9375,hyper,0.8961748633879781,0.04408014571948999
cg20601919,0.425405436,0.593147991,10.99105428,1.46e-25,4.72e-24,46.76261313,0.20599844,0.631403876,0.425405436,2,219646831,F,I,CYP27A1,5'UTR,island,5'UTR-island,chr2:219646432-219647181,True,,high-CpG:219354692-219355323,,,0.505606056,0.22,0.908704883227176,hyper,0.9197860962566845,0.012194512469389013
cg06947913,0.381894179,0.489870477,13.32328342,2.45e-35,3.7e-33,69.12535565,0.1423193,0.524213479,0.381894179,12,50297793,R,I,FAIM2,TSS200,island,TSS200-island,chr12:50297580-50297988,True,True,,,,0.505495947,0.21,0.931106471816284,hyper,0.964102564102564,0.03543750718638589
cg07198194,0.418193306,0.539452539,18.43280484,1.5100000000000001e-59,2.6999999999999997e-55,124.6444812,0.158866545,0.577059851,0.418193306,10,3109053,R,I,PFKP,TSS1500,island,TSS1500-island,chr10:3108650-3111419,,,,,,0.504579713,0.29,0.9698189134808854,hyper,0.9746192893401014,0.004949765149440563
cg00800229,0.423759953,0.498647404,16.08532684,4.54e-48,7.63e-45,98.30737384,0.11299536,0.536755313,0.423759953,14,22004993,F,I,SALL2,1stExon,opensea,1stExon-opensea,,,True,,,,0.503361843,0.18,0.967741935483871,hyper,0.9746192893401014,0.007106598984771465
cg24033558,0.423071661,0.579939945,20.19649747,2.04e-68,3.84e-63,145.0009546,0.194914296,0.617985957,0.423071661,15,45479755,R,I,SHF,Body,island,Body-island,chr15:45479509-45480498,True,,,,,0.502369931,0.34,0.9718875502008032,hyper,0.9849246231155778,0.013414178329664803
cg18652900,0.410112029,0.566651978,15.75606007,1.6799999999999999e-46,2.14e-43,94.70911389,0.193420527,0.603532556,0.410112029,19,15580445,R,I,PGLYRP2,Body,island,Body-island,chr19:15580382-15580863,,,,,,0.501789693,0.39,0.9465020576131686,hyper,0.9139784946236558,0.03436185133239838
cg04765848,0.425044119,0.581558286,16.71382345,4.28e-51,1.39e-47,105.2487622,0.194737559,0.619781678,0.425044119,1,53527576,R,II,PODN,TSS1500,island,TSS1500-island,chr1:53527572-53528974,,,,,,0.501493962,0.44,0.9285714285714286,hyper,0.8901098901098902,0.041420118343195235
cg11097717,0.393034899,0.574906467,16.09444723,4.11e-48,6.96e-45,98.40743194,0.217216433,0.610251332,0.393034899,2,191045635,F,II,C2orf88,5'UTR,island,5'UTR-island,chr2:191044979-191045829,,True,,,,0.500745964,0.31,0.9595141700404858,hyper,0.9746192893401014,0.015742466105506624
cg22178238,0.400404639,0.603977012,17.85422558,1.12e-56,1e-52,118.0573089,0.239579985,0.639984623,0.400404639,7,158362809,F,I,PTPRN2,Body,island,Body-island,chr7:158361909-158362970,,,,rs74714314,,0.500096336,0.48,0.9462809917355371,hyper,0.9081081081081082,0.04033990322199919
cg25737323,0.400936278,0.574225143,14.02727922,1.76e-38,4.7e-36,76.32590026,0.209344286,0.610280564,0.400936278,2,29338100,R,I,CLIP4,TSS1500,island,TSS1500-island,chr2:29337983-29338909,True,,high-CpG:29191546-29192008,,,0.499539957,0.47,0.9125799573560768,hyper,0.8950276243093923,0.019233748128259377
cg14000361,0.40298381,0.612182869,15.35752576,1.29e-44,1.1099999999999999e-41,90.39220909,0.24543861,0.648422421,0.40298381,6,10882336,F,I,GCM2,TSS1500,shore,TSS1500-shore,chr6:10882926-10883149,,,,,,0.498140837,0.41,0.9465020576131686,hyper,0.9197860962566845,0.028225993954894106
cg20787173,0.398757684,0.541145196,14.53223371,8.81e-41,3.65e-38,81.59894002,0.178247016,0.5770047,0.398757684,6,133562475,F,I,EYA4,TSS200,island,TSS200-island,chr6:133562086-133563586,True,,,,,0.497229225,0.19,0.9635627530364372,hyper,0.9587628865979382,0.0049813739928960795
cg18267506,0.424508915,0.52323891,14.01202208,2.07e-38,5.45e-36,76.167935,0.136905258,0.561414173,0.424508915,1,48937445,R,II,SPATA6,Body,island,Body-island,chr1:48937304-48937683,,,,,,0.496004723,0.13,0.9659318637274548,hyper,0.9797979797979798,0.01435516995682984
cg16703956,0.405173205,0.528863792,16.24020906,8.23e-49,1.6099999999999998e-45,100.0093239,0.160127027,0.565300232,0.405173205,5,1446217,F,I,SLC6A3,TSS1500,island,TSS1500-island,chr5:1444678-1446648,True,,,,rs2735852,0.494943659,0.32,0.9549180327868853,hyper,0.9424083769633509,0.013100240433229115
cg18260397,0.407640147,0.626264586,15.96617344,1.6800000000000002e-47,2.57e-44,97.00206764,0.255282726,0.662922873,0.407640147,5,154230438,R,II,C5orf4,TSS1500,opensea,TSS1500-opensea,,True,True,,,,0.492237312,0.4,0.9508196721311476,hyper,0.925531914893617,0.026595744680851175
cg09994356,0.458274658,0.522550679,14.91504966,1.4999999999999998e-42,8.61e-40,85.65202501,0.105487771,0.563762428,0.458274658,20,42875779,R,I,GDAP1L1,TSS200,island,TSS200-island,chr20:42875764-42876184,True,,,,,0.491476505,0.14,0.9738430583501008,hyper,0.964102564102564,0.010002119093028445
cg06361405,0.430505324,0.537153613,17.36204178,2.96e-54,1.69e-50,112.498472,0.145362797,0.57586812,0.430505324,10,104434010,F,II,ARL3,3'UTR,opensea,3'UTR-opensea,,True,,,,,0.491041827,0.45,0.91220556745182,hyper,0.8700564971751412,0.04620567093711034
cg26412532,0.407850797,0.518748398,15.30889551,2.17e-44,1.8e-41,89.86845731,0.14757483,0.555425628,0.407850797,10,103881068,F,II,LDB1,TSS1500,shore,TSS1500-shore,chr10:103879633-103880628,,,,,,0.490481376,0.33,0.9397089397089397,hyper,0.9081081081081082,0.033628318584070685
cg01972751,0.407480809,0.549733169,14.60175842,4.22e-41,1.87e-38,82.33158943,0.178896317,0.586377126,0.407480809,6,137814728,R,I,OLIG3,1stExon,island,1stExon-island,chr6:137814355-137815202,True,True,,,,0.49042883,0.24,0.959349593495935,hyper,0.9424083769633509,0.01765906469074441
cg04203238,0.397378973,0.563978376,16.31099095,3.76e-49,8.18e-46,100.7890526,0.202334922,0.599713895,0.397378973,4,16085702,F,I,PROM1,TSS200,island,TSS200-island,chr4:16084195-16085735,True,,high-CpG:15694060-15695184,,,0.490392611,0.41,0.9484536082474228,hyper,0.9139784946236558,0.036348761103319534
cg23267759,0.391573087,0.545523498,14.86927627,2.45e-42,1.35e-39,85.16499047,0.189163817,0.580736905,0.391573087,18,19751335,F,I,GATA6,Body,island,Body-island,chr18:19744936-19752363,,True,,,,0.490247286,0.4,0.9194915254237288,hyper,0.8901098901098902,0.03195422089431299
cg15835232,0.396693858,0.509379252,15.87736934,4.46e-47,6.34e-44,96.03156556,0.148359303,0.545053161,0.396693858,17,53343075,F,II,HLF,Body,shore,Body-shore,chr17:53342198-53343061,,,,,,0.489519584,0.27,0.9551020408163268,hyper,0.925531914893617,0.030960174577196152
cg09691340,0.422791883,0.504345282,14.21964198,2.37e-39,7.32e-37,78.32448398,0.119574251,0.542366135,0.422791883,17,42402882,R,I,SLC25A39,TSS1500,island,TSS1500-island,chr17:42402787-42403266,,,,,,0.489432978,0.28,0.9282700421940928,hyper,0.9479166666666667,0.02116477272727282
cg15267232,0.416894211,0.60183044,18.13185186,4.720000000000001e-58,6.339999999999999e-54,121.2114435,0.222426716,0.639320927,0.416894211,10,8097689,F,I,GATA3,Body,island,Body-island,chr10:8091374-8098329,,,,,,0.487701812,0.33,0.9676113360323888,hyper,0.9797979797979798,0.01259456489581996
cg07561894,0.385308072,0.575487982,13.74721692,3.21e-37,6.73e-35,73.43948472,0.224829917,0.610137989,0.385308072,19,18540208,R,II,SSBP4,Body,island,Body-island,chr19:18539781-18540341,True,,,,,0.487118454,0.3,0.948875255623722,hyper,0.9484536082474226,0.00044436544614306493
cg07302069,0.426054807,0.5203073,12.93235538,1.26e-33,1.41e-31,65.20911249,0.132566774,0.558621581,0.426054807,7,27196286,F,I,HOXA7,5'UTR,island,5'UTR-island,chr7:27195601-27196567,True,,high-CpG:27162728-27162853,,,0.4867648,0.28,0.9194915254237288,hyper,0.9197860962566845,0.0003203627492052757
cg08047907,0.400571534,0.56470176,13.81279056,1.63e-37,3.63e-35,74.11277616,0.200152845,0.60072438,0.400571534,1,169396858,R,II,C1orf114,TSS200,island,TSS200-island,chr1:169396621-169396869,,True,,,,0.48451792,0.38,0.9355509355509356,hyper,0.8901098901098902,0.048571428571428564
cg15323528,0.417296074,0.499650354,16.15853505,2.0299999999999998e-48,3.63e-45,99.11110559,0.119880905,0.537176979,0.417296074,10,73156427,R,II,CDH23,TSS1500,island,TSS1500-island,chr10:73156164-73157954,True,,high-CpG:72826209-72826722,,,0.484093302,0.23,0.9570552147239264,hyper,0.9424083769633509,0.015304067660088518
cg02029926,0.399465749,0.567971628,13.04010163,4.2799999999999995e-34,5.200000000000001e-32,66.28235253,0.204429058,0.603894807,0.399465749,4,74734874,F,II,CXCL1,TSS1500,shore,TSS1500-shore,chr4:74734918-74735544,,,,,,0.483423726,0.28,0.9467213114754098,hyper,0.9263157894736842,0.021553884711779454
cg07100000,0.39308665,0.582334602,15.3894824,9.09e-45,8.13e-42,90.73674873,0.22459747,0.617684121,0.39308665,5,170877840,F,II,FGF18,Body,island,Body-island,chr5:170877798-170878210,,,,,,0.483222542,0.41,0.9330543933054394,hyper,0.8901098901098902,0.046025723155767986
cg13273396,0.423531102,0.561323882,13.49964233,4.0700000000000004e-36,6.98e-34,70.91179127,0.17588011,0.599411212,0.423531102,12,81471867,R,II,ACSS3,1stExon,island,1stExon-island,chr12:81471569-81472119,,,high-CpG:79995927-79996052,,,0.483213512,0.34,0.9217758985200843,hyper,0.8777777777777778,0.047731906218144535
cg16596604,0.405527198,0.57377082,14.90756188,1.6299999999999997e-42,9.29e-40,85.57231036,0.204711895,0.610239094,0.405527198,16,21294947,R,I,CRYM,5'UTR,shore,5'UTR-shore,chr16:21294980-21295414,,,,,,0.482619714,0.32,0.952965235173824,hyper,0.9424083769633509,0.01107790486034628
cg24302235,0.438606613,0.499614019,13.98980323,2.6e-38,6.73e-36,75.93803793,0.100450447,0.53905706,0.438606613,3,170746073,R,II,SLC2A2,TSS1500,island,TSS1500-island,chr3:170746072-170746292,True,True,,,,0.482269913,0.19,0.9549180327868853,hyper,0.9368421052631579,0.018929297492658665
cg21526205,0.382585958,0.481895301,13.9876156,2.66e-38,6.87e-36,75.91541209,0.133714555,0.516300513,0.382585958,1,76540574,R,I,ST6GALNAC3,Body,island,Body-island,chr1:76540147-76540653,True,,,,,0.481788655,0.15,0.9637096774193548,hyper,0.9693877551020408,0.005891896507557045
cg25307318,0.393327522,0.63756941,16.10857405,3.52e-48,6e-45,98.56245538,0.279613068,0.67294059,0.393327522,10,123923081,R,II,TACC2,Body,island,Body-island,chr10:123922850-123923542,,True,high-CpG:123912997-123913135,,,0.48102831,0.39,0.9656565656565655,hyper,0.9368421052631579,0.029839242457608318
cg23477967,0.417470394,0.525123241,13.21945486,7.030000000000001e-35,9.71e-33,68.07927109,0.145195148,0.562665542,0.417470394,2,188419087,F,II,TFPI,1stExon,opensea,1stExon-opensea,,,True,,,,0.480479799,0.25,0.931106471816284,hyper,0.8852459016393442,0.0492538410644712
cg05661282,0.398763858,0.530144837,16.97684584,2.26e-52,9.43e-49,108.1800028,0.167241039,0.566004896,0.398763858,19,58220370,R,I,ZNF154,5'UTR,island,5'UTR-island,chr19:58220189-58220517,True,,,,rs10559485,0.479850715,0.31,0.959349593495935,hyper,0.9484536082474226,0.011357679538703518
cg05769889,0.398876408,0.543938469,13.39435553,1.19e-35,1.89e-33,69.84384231,0.180932242,0.57980865,0.398876408,12,89744701,R,I,DUSP6,Body,shore,Body-shore,chr12:89745168-89748144,,,low-CpG:88268599-88268847,,rs61754239,0.47815569,0.34,0.9308176100628932,hyper,0.8961748633879781,0.03721754541426686
cg24013620,0.398142935,0.525558254,15.5964511,9.61e-46,1.0399999999999998e-42,92.97504982,0.163219539,0.561362475,0.398142935,8,144798688,F,I,MAPK15,Body,island,Body-island,chr8:144798487-144799038,,True,,,,0.478020512,0.2,0.9718875502008032,hyper,0.9849246231155778,0.013414178329664803
cg03280622,0.405468415,0.51991503,15.30976227,2.15e-44,1.79e-41,89.87778652,0.150909602,0.556378017,0.405468415,8,145023013,R,II,PLEC1,Body,shore,Body-shore,chr8:145024449-145025179,,True,,,,0.477638666,0.26,0.9613034623217924,hyper,0.9368421052631579,0.025446030330062583
cg14936968,0.39834322,0.553075326,16.40118231,1.38e-49,3.2399999999999998e-46,101.7843133,0.190554338,0.588897558,0.39834322,3,57198533,F,I,IL17RD,Body,island,Body-island,chr3:57198243-57199378,,,,,,0.47717792,0.42,0.9375,hyper,0.9197860962566845,0.018894830659536527
cg27071152,0.410213648,0.60688978,15.11235433,1.81e-43,1.24e-40,87.75861462,0.233565848,0.643779496,0.410213648,7,39649443,F,I,LOC646999,Body,island,Body-island,chr7:39649253-39649510,,True,,rs4723885,,0.476863035,0.34,0.9572301425661914,hyper,0.9424083769633509,0.015484014704244056
cg17172980,0.379704571,0.509644672,13.02000658,5.24e-34,6.26e-32,66.08182997,0.164086195,0.543790766,0.379704571,3,196755973,F,I,MFI2,Body,island,Body-island,chr3:196755677-196757374,,,,,,0.476820998,0.24,0.9402061855670104,hyper,0.9533678756476685,0.013998727388419185
cg21799346,0.388708471,0.49078097,13.54312439,2.61e-36,4.61e-34,71.35407303,0.137028297,0.525736768,0.388708471,11,2905372,R,I,CDKN1C,Body,island,Body-island,chr11:2905023-2907024,,,,,rs68019446,0.476757335,0.3,0.9148936170212766,hyper,0.9368421052631579,0.023990208078335414
cg20384898,0.407466484,0.501571651,13.87984504,8.15e-38,1.92e-35,74.80288563,0.130747836,0.538214321,0.407466484,6,1625111,F,II,GMDS,Body,island,Body-island,chr6:1624185-1625468,True,,,,,0.475575052,0.24,0.9527720739219712,hyper,0.9081081081081082,0.04687791239515363
cg02639634,0.399972538,0.585893088,15.53598859,1.85e-45,1.86e-42,92.31994852,0.221889303,0.621861841,0.399972538,8,54792161,F,II,RGS20,Body,island,Body-island,chr8:54791845-54795141,,,,,,0.475243393,0.31,0.9656565656565655,hyper,0.9479166666666667,0.0183708158995814
cg08421126,0.391410063,0.58952271,10.9789372,1.64e-25,5.2299999999999995e-24,46.65325629,0.233311394,0.624721457,0.391410063,2,43019854,R,II,HAAO,TSS200,island,TSS200-island,chr2:43019665-43020509,,,high-CpG:42873185-42873845,,,0.475001655,0.23,0.925,hyper,0.925531914893617,0.0005750431282345134
cg21623671,0.406364468,0.56861139,14.298712,1.03e-39,3.44e-37,79.14967405,0.198790489,0.605154957,0.406364468,5,150536851,F,II,ANXA6,5'UTR,shore,5'UTR-shore,chr5:150537019-150537418,,,,,,0.474970587,0.36,0.9355509355509356,hyper,0.9197860962566845,0.01685086155674395
cg01235820,0.40207145,0.559824404,14.22530079,2.23e-39,6.9700000000000005e-37,78.38346996,0.193910459,0.595981909,0.40207145,20,642782,R,I,SCRT2,3'UTR,island,3'UTR-island,chr20:642672-642895,,,,,,0.474657698,0.25,0.9635627530364372,hyper,0.9849246231155778,0.022169671888855987
cg03796321,0.409456766,0.588017663,15.57293879,1.24e-45,1.2999999999999998e-42,92.72017966,0.215382549,0.624839315,0.409456766,15,86162442,F,II,AKAP13,Body,opensea,Body-opensea,,,True,,rs16942230,,0.474016886,0.36,0.9551020408163268,hyper,0.9424083769633509,0.013290374546919186
cg23230584,0.38374278,0.489381656,16.94554524,3.2e-52,1.3099999999999999e-48,107.8304072,0.140148118,0.523890899,0.38374278,7,95025740,F,I,PON3,TSS200,island,TSS200-island,chr7:95025559-95026122,,,,,,0.473357328,0.29,0.952965235173824,hyper,0.9312169312169312,0.02282171810068801
cg07016276,0.40410256,0.567067634,17.24358989,1.13e-53,5.88e-50,111.1673678,0.199305233,0.603407793,0.40410256,6,29692009,F,I,HLA-F,Body,island,Body-island,chr6:29691106-29692093,True,True,,rs3087327,,0.473347128,0.35,0.959349593495935,hyper,0.9368421052631579,0.02346119536128454
cg21883802,0.384787581,0.505551574,14.27291143,1.35e-39,4.390000000000001e-37,78.88018162,0.155367194,0.540154774,0.384787581,14,92413706,R,I,FBLN5,5'UTR,island,5'UTR-island,chr14:92413581-92414324,True,,,,,0.472369481,0.35,0.9148936170212766,hyper,0.8715083798882681,0.04742107314538134
cg03317517,0.38401096,0.574920763,14.12391369,6.44e-39,1.86e-36,77.32829928,0.225443163,0.609454123,0.38401096,19,20188803,F,II,ZNF90,1stExon,opensea,1stExon-opensea,,True,,low-CpG:20049773-20049820,rs73536227,,0.47229751,0.33,0.9443298969072164,hyper,0.9197860962566845,0.02599070592905666
cg01037637,0.374479391,0.523159487,13.00567936,6.05e-34,7.150000000000001e-32,65.93896314,0.182356299,0.556835691,0.374479391,18,59560289,F,II,RNF152,1stExon,shore,1stExon-shore,chr18:59560494-59562016,,,,,,0.471898073,0.27,0.9402061855670104,hyper,0.925531914893617,0.015607502799552234
cg02776659,0.403970477,0.634567281,16.56168968,2.33e-50,6.21e-47,103.5601757,0.266925084,0.670895561,0.403970477,21,47717406,R,II,C21orf57,Body,island,Body-island,chr21:47717235-47718059,,,,,,0.471789646,0.37,0.959349593495935,hyper,0.9543147208121826,0.005248214746623218
cg10541755,0.404856435,0.549163219,15.22606734,5.32e-44,4.05e-41,88.977945,0.180714737,0.585571172,0.404856435,3,170625872,R,II,EIF5A2,5'UTR,island,5'UTR-island,chr3:170625831-170626841,,,,,,0.471703635,0.35,0.9330543933054394,hyper,0.9081081081081082,0.02673615319355229
cg19788741,0.387815223,0.557672051,14.80691364,4.77e-42,2.52e-39,84.50248034,0.204732297,0.59254752,0.387815223,5,101632310,F,I,SLCO4C1,TSS200,island,TSS200-island,chr5:101632049-101632373,True,,,,,0.471688796,0.27,0.9552845528455284,hyper,0.964102564102564,0.009230769230769213
cg03789645,0.392325229,0.667770103,15.01961695,4.9000000000000015e-43,3.16e-40,86.76702055,0.31072592,0.703051148,0.392325229,7,148394842,R,II,CUL1,TSS1500,shore,TSS1500-shore,chr7:148395430-148397002,,,,,rs6959365,0.470830665,0.51,0.937759336099585,hyper,0.9139784946236558,0.025359215910172272
cg14486338,0.389144436,0.644056986,17.9201371,5.28e-57,5.37e-53,118.8049754,0.289907554,0.67905199,0.389144436,8,99440279,R,I,KCNS2,Body,island,Body-island,chr8:99438692-99440425,,,,,,0.470704222,0.45,0.9572301425661914,hyper,0.9533678756476685,0.004034836291478265
cg05057720,0.38805398,0.523356677,14.81634277,4.31e-42,2.29e-39,84.6025737,0.170199637,0.558253617,0.38805398,14,38724675,R,I,CLEC14A,1stExon,island,1stExon-island,chr14:38724254-38725537,,True,,,,0.470590324,0.2,0.9635627530364372,hyper,0.9746192893401014,0.011474640617668319
cg02711647,0.413300997,0.516076931,14.11092536,7.37e-39,2.11e-36,77.19338106,0.13994329,0.553244287,0.413300997,2,45237689,R,I,SIX2,TSS1500,island,TSS1500-island,chr2:45235511-45237792,,,,,,0.469704983,0.22,0.9572301425661914,hyper,0.964102564102564,0.0071794871794870945
cg04156293,0.395899983,0.546252972,13.86541168,9.46e-38,2.21e-35,74.65420383,0.185955505,0.581855488,0.395899983,7,100488942,R,I,ACHE,Body,shore,Body-shore,chr7:100489981-100490365,,,,,,0.468009965,0.22,0.9678714859437751,hyper,0.9748743718592964,0.007235346858775045
cg27223047,0.398303501,0.62881197,14.07058172,1.1199999999999999e-38,3.09e-36,76.77467879,0.266327129,0.66463063,0.398303501,5,127874825,F,II,FBN2,TSS1500,island,TSS1500-island,chr5:127872563-127874945,,,,rs55770077,,0.46711309,0.3,0.9699398797595192,hyper,0.9473684210526316,0.023270987385820056
cg19156875,0.407107078,0.562363236,14.70191434,1.46e-41,7.04e-39,83.38975048,0.191866507,0.598973585,0.407107078,17,43974446,R,I,MAPT,5'UTR,island,5'UTR-island,chr17:43971410-43975040,,,,,,0.466886753,0.3,0.9527720739219712,hyper,0.964102564102564,0.011892130857648094
cg23241781,0.395871096,0.577435053,15.65860624,4.88e-46,5.6500000000000006e-43,93.64952226,0.217163876,0.613034972,0.395871096,14,70653964,R,I,SLC8A3,5'UTR,shore,5'UTR-shore,chr14:70655095-70656077,True,,,,,0.466817054,0.42,0.9352818371607516,hyper,0.9021739130434783,0.03539887422360255
cg13722431,0.386170284,0.546829967,16.76850358,2.32e-51,8.32e-48,105.8569221,0.195387227,0.581557511,0.386170284,6,2903533,F,I,SERPINB9,1stExon,island,1stExon-island,chr6:2903175-2903906,True,,high-CpG:2848460-2848554,rs2236275,,0.466804026,0.35,0.9614604462474644,hyper,0.9368421052631579,0.025605152120808224
cg07703462,0.403028899,0.534587374,13.34184322,2.03e-35,3.11e-33,69.31279234,0.167802081,0.57083098,0.403028899,7,149487338,R,I,SSPO,Body,island,Body-island,chr7:149487283-149487769,True,True,,,,0.4667838,0.28,0.931106471816284,hyper,0.9424083769633509,0.012138144765571806
cg27494647,0.396712069,0.61421782,15.99224843,1.26e-47,1.97e-44,97.28741049,0.253181297,0.649893366,0.396712069,7,150038898,F,I,RARRES2,TSS200,island,TSS200-island,chr7:150037459-150039031,True,,,,,0.466097955,0.37,0.9572301425661914,hyper,0.9375,0.020611702127659563
cg05270634,0.395909509,0.521792894,15.27189675,3.24e-44,2.58e-41,89.47042854,0.161486758,0.557396267,0.395909509,17,41177445,R,I,RND2,1stExon,island,1stExon-island,chr17:41177336-41177593,,,,,,0.465844036,0.35,0.9375,hyper,0.9197860962566845,0.018894830659536527
cg16786640,0.379878055,0.656338432,13.45875152,6.18e-36,1.03e-33,70.49652217,0.310622073,0.690500128,0.379878055,4,3485263,R,I,DOK7,Body,shore,Body-shore,chr4:3485963-3486381,,,,,,0.465381269,0.43,0.9399585921325052,hyper,0.925531914893617,0.01534820508013881
cg00536939,0.409704033,0.514341935,15.37203205,1.1e-44,9.61e-42,90.54857261,0.14148179,0.551185823,0.409704033,11,47279352,R,II,NR1H3,TSS200,opensea,TSS200-opensea,,True,True,,,,0.465295211,0.27,0.9462809917355371,hyper,0.9424083769633509,0.004092457532179362
cg00489401,0.39405976,0.701199502,16.72376517,3.83e-51,1.29e-47,105.3592869,0.342576771,0.736636531,0.39405976,5,180075875,F,II,FLT4,Body,island,Body-island,chr5:180075688-180076906,,,,,,0.464824722,0.53,0.948665297741273,hyper,0.9139784946236558,0.03656379462831076
cg26213453,0.396586415,0.58287851,15.43188911,5.74e-45,5.31e-42,91.1943981,0.221956341,0.618542756,0.396586415,15,89455860,F,II,MFGE8,Body,shore,Body-shore,chr15:89456224-89456830,,,,,,0.464752539,0.28,0.9698189134808854,hyper,0.9424083769633509,0.028263561512893512
cg18108623,0.398384926,0.541016655,12.77020825,6.34e-33,6.26e-31,63.60303406,0.178457712,0.576842638,0.398384926,17,33701321,R,II,SLFN11,TSS1500,island,TSS1500-island,chr17:33700989-33701657,,True,,,,0.46462549,0.28,0.9355509355509356,hyper,0.9139784946236558,0.023058542413381334
cg06263461,0.384253485,0.534546658,17.64573131,1.1899999999999999e-55,8.32e-52,115.6971964,0.184848342,0.569101827,0.384253485,20,45280237,F,I,SLC13A3,TSS200,shore,TSS200-shore,chr20:45279781-45280169,,,,,,0.464234377,0.41,0.937759336099585,hyper,0.9139784946236558,0.025359215910172272
cg09300114,0.386726688,0.658671465,15.97716794,1.49e-47,2.28e-44,97.12236126,0.306722356,0.693449045,0.386726688,17,73084329,R,II,SLC16A5,5'UTR,island,5'UTR-island,chr17:73083866-73084495,,,,,,0.463647222,0.47,0.948665297741273,hyper,0.9081081081081082,0.042751842751842545
cg13940444,0.386106097,0.630489489,15.17239219,9.49e-44,6.85e-41,88.40192301,0.279105164,0.665211261,0.386106097,12,53617382,R,II,RARG,Body,shelf,Body-shelf,chr12:53613716-53615103,True,True,,,,0.463473039,0.5,0.9171974522292994,hyper,0.9071038251366119,0.011004857316332859
cg13482308,0.389731047,0.476278128,16.36497548,2.07e-49,4.72e-46,101.3845419,0.121594837,0.511325884,0.389731047,9,37002685,R,I,PAX5,Body,island,Body-island,chr9:37002489-37002957,,,,,,0.462908637,0.16,0.9717741935483872,hyper,0.99,0.01875518672199155
cg01893212,0.416341331,0.474469985,12.0404509,7.93e-30,4.73e-28,56.51543052,0.095569421,0.511910752,0.416341331,7,49813088,R,I,VWC2,TSS200,island,TSS200-island,chr7:49813008-49815752,True,,,,,0.462618121,0.16,0.9194915254237288,hyper,0.9368421052631579,0.018869755032743185
cg12506775,0.392046819,0.521635614,12.65345772,2.01e-32,1.82e-30,62.4534575,0.164844804,0.556891623,0.392046819,10,5734571,R,II,C10orf18,5'UTR,opensea,5'UTR-opensea,,,True,,,,0.461480877,0.24,0.9465020576131686,hyper,0.9479166666666667,0.0014945652173914772
cg15083233,0.389855685,0.684454736,14.78382666,6.1e-42,3.15e-39,84.25752072,0.329658015,0.7195137,0.389855685,9,112810402,F,II,PALM2-AKAP2,Body,shore,Body-shore,chr9:112810858-112811128,,,,,,0.461130118,0.51,0.9443298969072164,hyper,0.9021739130434783,0.04464116195177506
cg19852958,0.392983797,0.544339922,14.31990417,8.26e-40,2.8100000000000003e-37,79.37119841,0.186696395,0.579680192,0.392983797,4,13545760,F,I,NKX3-2,1stExon,island,1stExon-island,chr4:13543562-13546494,,,,rs9684692,,0.460483485,0.25,0.9634146341463414,hyper,0.9533678756476685,0.010428280973306132
cg05971966,0.374855558,0.578301172,16.90832439,4.86e-52,1.93e-48,107.4149548,0.237155646,0.612011204,0.374855558,5,40681137,F,I,PTGER4,Body,island,Body-island,chr5:40679502-40682081,True,,,,,0.459589552,0.38,0.959349593495935,hyper,0.9644670050761421,0.005334251053944769
cg00158308,0.393503952,0.506446057,12.18427668,1.98e-30,1.3000000000000002e-28,57.89347688,0.148329151,0.541833103,0.393503952,13,97646341,R,II,OXGR1,5'UTR,shore,5'UTR-shore,chr13:97646394-97646737,,True,,,,0.458868216,0.24,0.9221052631578948,hyper,0.9090909090909092,0.01411374014113734
cg17395064,0.390403514,0.556021758,14.94494715,1.0899999999999998e-42,6.43e-40,85.97048293,0.200726474,0.591129988,0.390403514,12,104609476,R,I,TXNRD1,TSS200,island,TSS200-island,chr12:104609397-104610172,,,,,,0.458651251,0.3,0.959349593495935,hyper,0.9479166666666667,0.011917372881355855
cg17397631,0.393593336,0.562322679,18.98871653,2.51e-62,1.05e-57,131.0204357,0.204124427,0.597717763,0.393593336,4,779880,F,I,CPLX1,3'UTR,island,3'UTR-island,chr4:778661-780592,,,,rs11248041,,0.458218246,0.4,0.9591836734693876,hyper,0.9587628865979382,0.0004386926957664156
cg06716182,0.389999041,0.495744692,11.29266781,9.2e-27,3.4899999999999998e-25,49.50934901,0.140817507,0.530816548,0.389999041,11,96074944,F,II,MAML2,1stExon,opensea,1stExon-opensea,,,True,,,,0.458055593,0.18,0.9175475687103596,hyper,0.9139784946236558,0.0038897973341265085
cg15621260,0.387056004,0.574626615,17.12747319,4.16e-53,2.07e-49,109.865173,0.222377805,0.609433809,0.387056004,11,27015813,R,I,FIBIN,5'UTR,opensea,5'UTR-opensea,,,True,low-CpG:26972232-26972413,,,0.457226372,0.3,0.9656565656565655,hyper,0.97,0.004497907949790882
cg14102988,0.397848045,0.508560546,13.55235796,2.37e-36,4.23e-34,71.44808523,0.146490203,0.544338248,0.397848045,9,113801337,R,II,LPAR1,TSS1500,island,TSS1500-island,chr9:113799913-113801375,,,high-CpG:112840107-112841306,,,0.457010748,0.2,0.952965235173824,hyper,0.9368421052631579,0.01691890670883204
cg08832906,0.403326152,0.525719477,14.00950773,2.12e-38,5.57e-36,76.14191044,0.158663662,0.561989814,0.403326152,7,139208852,R,I,CLEC2L,1stExon,island,1stExon-island,chr7:139208442-139209069,True,,,,,0.456795377,0.22,0.9508196721311476,hyper,0.9538461538461539,0.003183023872679041
cg02058870,0.371800372,0.628577619,12.75817514,7.140000000000001e-33,6.970000000000001e-31,63.4842838,0.290212533,0.662012904,0.371800372,14,72053146,R,II,SIPA1L1,5'UTR,opensea,5'UTR-opensea,,,True,,,,0.456265998,0.44,0.9175475687103596,hyper,0.9042553191489362,0.014486714383763272
cg02032778,0.409746377,0.530437612,10.80665716,7.77e-25,2.28e-23,45.10686626,0.157538931,0.567285308,0.409746377,7,29186228,F,II,CPVL,TSS200,opensea,TSS200-opensea,,,True,,rs245880,,0.456113385,0.2,0.9171974522292994,hyper,0.9148936170212766,0.0025118203309693
cg03306374,0.408407254,0.497324435,13.19428172,9.06e-35,1.23e-32,67.82628901,0.125644451,0.534051706,0.408407254,16,23847325,R,I,PRKCB,1stExon,island,1stExon-island,chr16:23846941-23848102,True,,high-CpG:23754772-23755017,,,0.455578331,0.23,0.926315789473684,hyper,0.9368421052631579,0.011363636363636642
cg03679305,0.398612311,0.51433902,14.16514675,4.18e-39,1.25e-36,77.75700005,0.15157314,0.55018545,0.398612311,1,9129487,F,II,SLC2A5,Body,shelf,Body-shelf,chr1:9131602-9131909,,True,low-CpG:9051939-9052394,,,0.45552062,0.28,0.9440993788819876,hyper,0.9479166666666667,0.004043311403508844
cg13782615,0.39521106,0.568409374,13.98068659,2.86e-38,7.35e-36,75.84375905,0.208738877,0.603949937,0.39521106,11,4079556,F,II,STIM1,Body,opensea,Body-opensea,,,True,,,,0.455359693,0.4,0.926315789473684,hyper,0.8839779005524862,0.045705675539929484
cg12162377,0.379844199,0.708090478,16.40017443,1.4e-49,3.25e-46,101.7731808,0.36240493,0.742249129,0.379844199,2,232261007,F,I,B3GNT7,Body,island,Body-island,chr2:232260100-232261134,,,,,,0.455106297,0.53,0.9551020408163268,hyper,0.9587628865979382,0.0038329368226273303
cg12161228,0.374806154,0.508683851,14.72801786,1.1e-41,5.51e-39,83.66605981,0.167583287,0.542389441,0.374806154,11,89224506,R,I,NOX4,1stExon,island,1stExon-island,chr11:89224416-89224718,,True,,,,0.454733011,0.2,0.96579476861167,hyper,0.9693877551020408,0.003720238095238062
cg07330230,0.396037435,0.484941842,12.24450409,1.11e-30,7.560000000000001e-29,58.47334642,0.124519284,0.520556719,0.396037435,3,125899925,F,I,ALDH1L1,TSS1500,shore,TSS1500-shore,chr3:125898662-125899568,,True,,,,0.454430407,0.13,0.9572301425661914,hyper,0.9849246231155778,0.028931893510103657
cg06679087,0.376262158,0.540485243,13.28982546,3.4500000000000004e-35,5.05e-33,68.7878009,0.198059609,0.574321768,0.376262158,10,99473206,R,I,MARVELD1,TSS1500,island,TSS1500-island,chr10:99473084-99473291,,,,,,0.454109165,0.32,0.919831223628692,hyper,0.9189189189189189,0.000991817505579017
cg23108709,0.385975182,0.594830224,16.03283806,8.09e-48,1.31e-44,97.73193001,0.24356504,0.629540222,0.385975182,2,219847136,R,I,FEV,Body,island,Body-island,chr2:219846291-219847137,,,,,,0.454051289,0.41,0.9527720739219712,hyper,0.9081081081081082,0.04687791239515363
cg11574975,0.383056044,0.492316802,15.34238668,1.51e-44,1.28e-41,90.22908808,0.143708245,0.526764288,0.383056044,1,112058304,R,I,ADORA3,Body,island,Body-island,chr1:112058184-112058590,True,True,,,,0.453745335,0.16,0.967741935483871,hyper,0.9696969696969697,0.0020202020202020185
cg24375409,0.391355113,0.597435117,17.50901342,5.6199999999999995e-55,3.64e-51,114.1537838,0.241273809,0.632628922,0.391355113,1,38200920,F,I,EPHA10,Body,island,Body-island,chr1:38200919-38201200,,,,,,0.453207295,0.44,0.9551020408163268,hyper,0.9424083769633509,0.013290374546919186
cg20162652,0.375544757,0.557521277,10.78642148,9.33e-25,2.7e-23,44.92627342,0.215748531,0.591293287,0.375544757,12,66629018,R,II,IRAK3,Body,opensea,Body-opensea,,,,,,,0.452482389,0.25,0.9291666666666666,hyper,0.9312169312169312,0.002206562744679369
cg05923595,0.381707936,0.533691514,14.29389464,1.09e-39,3.6e-37,79.09933861,0.186309831,0.568017767,0.381707936,1,33547713,R,I,ADC,5'UTR,shore,5'UTR-shore,chr1:33546524-33547243,,True,,,,0.452298394,0.28,0.9551020408163268,hyper,0.9479166666666667,0.007523148148148319
cg12507655,0.377698772,0.562152741,14.84368748,3.22e-42,1.74e-39,84.89300248,0.218419685,0.596118458,0.377698772,7,100465051,R,I,TRIP6,1stExon,shore,1stExon-shore,chr7:100463758-100464146,,,,,,0.451066941,0.38,0.931106471816284,hyper,0.9312169312169312,0.00011863240562775129
cg08320659,0.370388283,0.465447439,10.08297577,4.55e-22,9.54e-21,38.78936636,0.128367455,0.498755738,0.370388283,6,26088202,R,II,HFE,Body,opensea,Body-opensea,,True,True,,,,0.450968583,0.19,0.9017094017094016,hyper,0.8901098901098902,0.01286391333784682
cg13506653,0.370669118,0.478476884,9.47508617,7.64e-20,1.25e-18,33.71778261,0.141141319,0.511810437,0.370669118,4,54965863,F,I,GSX2,TSS1500,shore,TSS1500-shore,chr4:54966163-54968063,True,,,,,0.450021229,0.17,0.8898488120950324,hyper,0.9139784946236558,0.027116609249399543
cg10446179,0.388711073,0.458750567,12.2040024,1.64e-30,1.09e-28,58.08321482,0.104995526,0.493706599,0.388711073,6,121758653,R,II,GJA1,5'UTR,opensea,5'UTR-opensea,,,,,,,0.449616584,0.1,0.9551020408163268,hyper,0.9797979797979798,0.025856859190192247
cg16886987,0.397193532,0.503665149,11.89415602,3.22e-29,1.75e-27,55.12357508,0.14219046,0.539383992,0.397193532,21,38378634,F,II,DSCR6,TSS1500,island,TSS1500-island,chr21:38377937-38379437,True,,,,,0.449121158,0.18,0.948665297741273,hyper,0.9263157894736842,0.023558897243107623
cg22325530,0.385187362,0.50217463,14.14147361,5.36e-39,1.58e-36,77.5107984,0.151626419,0.536813781,0.385187362,12,111127346,F,II,HVCN1,TSS1500,island,TSS1500-island,chr12:111126611-111127347,True,True,,,,0.448009221,0.3,0.9330543933054394,hyper,0.9021739130434783,0.033096120101384324
cg14904662,0.382889816,0.605949558,14.63396762,3e-41,1.3799999999999999e-38,82.67153561,0.257492279,0.640382095,0.382889816,8,41655673,R,I,ANK1,TSS1500,island,TSS1500-island,chr8:41654875-41655984,True,True,,,,0.447454124,0.39,0.9443298969072164,hyper,0.925531914893617,0.019906159992567042
cg20072171,0.386960506,0.520686004,12.43537568,1.7200000000000002e-31,1.33e-29,60.3218275,0.168524105,0.555484611,0.386960506,3,62356962,R,I,FEZF2,Body,island,Body-island,chr3:62356773-62357315,,,,,,0.445741834,0.37,0.8864628820960699,hyper,0.8839779005524862,0.002803255041776783
cg13803976,0.373802887,0.571258915,14.66066754,2.2599999999999999e-41,1.06e-38,82.95358601,0.231071396,0.604874283,0.373802887,2,87016129,R,II,CD8A,Body,island,Body-island,chr2:87015974-87018182,,,,,,0.445357568,0.32,0.9614604462474644,hyper,0.9206349206349206,0.04246199182908039
cg03186486,0.394667393,0.464306761,12.80640829,4.42e-33,4.48e-31,63.96064617,0.10513104,0.499798433,0.394667393,3,68980947,F,II,FAM19A4,5'UTR,island,5'UTR-island,chr3:68980783-68982035,,,,rs73835379,,0.445265194,0.16,0.9549180327868853,hyper,0.9424083769633509,0.013100240433229115
cg11617147,0.386143509,0.448826712,11.69688948,2.1e-28,1.01e-26,53.26282675,0.097408338,0.483551847,0.386143509,7,105517689,R,II,ATXN7L1,TSS1500,island,TSS1500-island,chr7:105516844-105517963,,,,,,0.444426691,0.18,0.9330543933054394,hyper,0.9368421052631579,0.004059476044370994
cg07891473,0.370686018,0.476764613,13.37551828,1.44e-35,2.26e-33,69.65322097,0.139413669,0.510099687,0.370686018,3,64670640,R,II,ADAMTS9,Body,shore,Body-shore,chr3:64671087-64673957,,,,,,0.443509496,0.22,0.9531568228105906,hyper,0.9368421052631579,0.017116509221772273
cg17278864,0.406986846,0.46473028,10.47956501,1.4399999999999997e-23,3.58e-22,42.21512652,0.09434297,0.501329816,0.406986846,17,12877321,F,II,RICH2,Body,island,Body-island,chr17:12877270-12877773,,True,,,,0.442674298,0.19,0.8859649122807017,hyper,0.8852459016393442,0.0008115565654926092
cg03120555,0.373571734,0.631792458,14.80201105,5.02e-42,2.64e-39,84.45044853,0.291815304,0.665387038,0.373571734,7,630473,F,I,PRKAR1B,Body,shore,Body-shore,chr7:631836-632135,True,,,rs12720011,,0.442198383,0.39,0.9508196721311476,hyper,0.9479166666666667,0.0030531609195402114
cg25959149,0.393297984,0.65614565,14.30736036,9.43e-40,3.17e-37,79.24005813,0.298216189,0.691514173,0.393297984,20,17674250,R,II,BANF2,TSS200,opensea,TSS200-opensea,,,,,,,0.441928658,0.46,0.9240506329113924,hyper,0.9081081081081082,0.017252869307663815
cg16642281,0.371443321,0.607734383,13.33997235,2.07e-35,3.17e-33,69.29389231,0.269694238,0.641137559,0.371443321,4,109034555,F,II,LEF1,Body,opensea,Body-opensea,,,True,,,,0.441525716,0.39,0.93801652892562,hyper,0.9157894736842105,0.023695803385115028
cg25339566,0.375371133,0.557203147,15.49271348,2.97e-45,2.8899999999999995e-42,91.8516835,0.215588411,0.590959544,0.375371133,1,67218165,R,I,TCTEX1D1,5'UTR,island,5'UTR-island,chr1:67218079-67218293,,True,,,,0.441368911,0.37,0.9421487603305784,hyper,0.9197860962566845,0.023735810113518933
cg22806907,0.379415638,0.4440507,12.31220282,5.7200000000000005e-31,4.1000000000000003e-29,59.12710633,0.098755173,0.478170811,0.379415638,17,40826212,F,I,PLEKHH3,Body,shore,Body-shore,chr17:40827975-40828659,,True,,,,0.438624537,0.11,0.959349593495935,hyper,0.9591836734693877,0.00017295053614671023
cg24676071,0.373312615,0.691962019,16.22393152,9.85e-49,1.92e-45,99.83018131,0.352220682,0.725533297,0.373312615,7,45613410,F,I,ADCY1,TSS1500,island,TSS1500-island,chr7:45613386-45615504,,True,,,,0.438556964,0.51,0.9570552147239264,hyper,0.9368421052631579,0.021120107962213225
cg15575433,0.37903691,0.499476729,13.92983625,4.849999999999999e-38,1.1999999999999999e-35,75.31843537,0.154525872,0.533562782,0.37903691,7,100488705,R,II,UFSP1,TSS1500,shore,TSS1500-shore,chr7:100489981-100490365,,,,,,0.438532527,0.23,0.9508196721311476,hyper,0.9139784946236558,0.03874675565443106
cg06248767,0.389988474,0.548965862,14.46524586,1.79e-40,6.97e-38,80.89450703,0.194048294,0.584036768,0.389988474,8,56852290,R,I,LYN,5'UTR,opensea,5'UTR-opensea,,,True,,,,0.438217766,0.31,0.9591836734693876,hyper,0.9424083769633509,0.017489138910548912
cg07676859,0.387542946,0.495350879,13.95873792,3.59e-38,9.05e-36,75.61689959,0.142658917,0.530201863,0.387542946,20,23015932,R,I,SSTR4,TSS200,island,TSS200-island,chr20:23015716-23016879,,,,,,0.43766027,0.18,0.9570552147239264,hyper,0.9644670050761421,0.0077443706885331025
cg00349607,0.384334453,0.51714262,13.7388458,3.5e-37,7.300000000000001e-35,73.35364556,0.167370617,0.551705071,0.384334453,1,39546688,R,I,MACF1,TSS1500,shore,TSS1500-shore,chr1:39547013-39547959,True,,,,,0.436877342,0.17,0.972,hyper,0.9852216748768473,0.013602546169596023
cg14619259,0.37808919,0.471006768,12.28613145,7.380000000000001e-31,5.2e-29,58.87509364,0.126918404,0.505007594,0.37808919,5,141705539,F,I,SPRY4,TSS1500,island,TSS1500-island,chr5:141705391-141705688,,,,,,0.436728677,0.26,0.9175475687103596,hyper,0.9139784946236558,0.0038897973341265085
cg05306745,0.375457961,0.604337359,14.4752474,1.61e-40,6.32e-38,80.99958852,0.262643604,0.638101565,0.375457961,17,76921845,F,I,TIMP2,TSS1500,island,TSS1500-island,chr17:76920684-76921961,,,,rs8179090,rs36099107,0.436716587,0.37,0.9443298969072164,hyper,0.9533678756476685,0.009570785347421975
cg09025324,0.371570756,0.547645571,13.08560032,2.71e-34,3.41e-32,66.73697542,0.209489451,0.581060207,0.371570756,6,116691685,R,II,DSE,TSS1500,shore,TSS1500-shore,chr6:116691827-116692868,,,,,,0.436608412,0.38,0.9125799573560768,hyper,0.8950276243093923,0.019233748128259377
cg01799671,0.381307168,0.622732844,13.62335794,1.15e-36,2.17e-34,72.17204677,0.275715889,0.657023057,0.381307168,16,81560752,R,II,CMIP,Body,opensea,Body-opensea,,,True,,,,0.43658401,0.41,0.9397089397089397,hyper,0.9021739130434783,0.03994324740284718
cg07573727,0.371342967,0.519830609,15.11401834,1.7800000000000001e-43,1.2299999999999999e-40,87.77643031,0.181881794,0.553224761,0.371342967,14,74706196,R,I,VSX2,5'UTR,island,5'UTR-island,chr14:74706188-74708192,True,,,,,0.436572338,0.29,0.9506172839506172,hyper,0.9430051813471503,0.008007536504945697
cg15866977,0.381183326,0.439184322,11.64186558,3.53e-28,1.64e-26,52.74714829,0.092280073,0.473463399,0.381183326,17,79919578,F,I,NOTUM,TSS1500,island,TSS1500-island,chr17:79917286-79920022,,,,,,0.435348504,0.1,0.937759336099585,hyper,0.964102564102564,0.028091672339459972
cg08857201,0.376171856,0.488426589,12.26344587,9.2e-31,6.37e-29,58.65605738,0.146083137,0.522254993,0.376171856,15,56536865,F,II,RFX7,TSS1500,shore,TSS1500-shore,chr15:56535651-56536129,,,,,,0.435007823,0.22,0.9355509355509356,hyper,0.9479166666666667,0.013217592592592616
cg14621217,0.394938213,0.580172094,16.26555572,6.22e-49,1.28e-45,100.2884035,0.220749907,0.61568812,0.394938213,17,80944134,F,II,B3GNTL1,Body,opensea,Body-opensea,,True,,,rs9916813,,0.434296691,0.37,0.948665297741273,hyper,0.9312169312169312,0.01839254220206591
cg22635676,0.370083502,0.691364811,15.99694388,1.2e-47,1.88e-44,97.33881189,0.3545622,0.724645702,0.370083502,2,241975971,F,I,SNED1,Body,island,Body-island,chr2:241975533-241976318,True,,,rs73110161,,0.434079767,0.54,0.9484536082474228,hyper,0.9081081081081082,0.04253819036427734
cg07635623,0.380767812,0.467793041,16.42883398,1.02e-49,2.49e-46,102.0898303,0.121266938,0.50203475,0.380767812,6,2841875,R,I,SERPINB1,5'UTR,island,5'UTR-island,chr6:2841810-2842273,True,,,,,0.433248725,0.31,0.943866943866944,hyper,0.9312169312169312,0.0134023261776568
cg06834506,0.38740646,0.487086258,13.26743795,4.32e-35,6.21e-33,68.56217983,0.134518508,0.521924968,0.38740646,2,26396964,R,II,FAM59B,Body,island,Body-island,chr2:26396102-26397204,,,,,,0.433240658,0.19,0.952965235173824,hyper,0.9533678756476685,0.0004225132869311595
cg09938462,0.379230159,0.451809887,12.51444433,7.920000000000001e-32,6.52e-30,61.09228881,0.106683159,0.485913318,0.379230159,22,19706365,R,II,5-Sep,Body,island,Body-island,chr22:19705510-19706557,,,,,,0.433008476,0.15,0.9467213114754098,hyper,0.9312169312169312,0.01637692113882595
cg26530706,0.37238108,0.493832696,9.987457236,1.0300000000000001e-21,2.07e-20,37.97783381,0.154939124,0.527320204,0.37238108,18,32173093,R,II,DTNA,TSS200,opensea,TSS200-opensea,,,True,,,,0.432805733,0.3,0.8641425389755011,hyper,0.8255813953488371,0.0446235914648766
cg06444282,0.388155063,0.520147162,13.19765459,8.76e-35,1.19e-32,67.86017069,0.166898131,0.555053193,0.388155063,1,20669975,F,I,VWA5B1,Body,island,Body-island,chr1:20669566-20670018,True,,,,,0.432091415,0.25,0.9419087136929462,hyper,0.925531914893617,0.017386821632767988
cg12840719,0.379115813,0.507178445,12.276115,8.13e-31,5.7e-29,58.77835314,0.162155781,0.541271594,0.379115813,9,21968233,R,II,CDKN2A,Body,shore,Body-shore,chr9:21968358-21968728,,True,,,rs72549205,0.431954301,0.18,0.9614604462474644,hyper,0.96,0.0015189873417720886
cg02582940,0.38158371,0.55641495,14.87843953,2.22e-42,1.23e-39,85.26243737,0.209146321,0.590730032,0.38158371,2,97308417,F,II,FER1L5,TSS200,opensea,TSS200-opensea,,True,,,,,0.431805973,0.33,0.9549180327868853,hyper,0.9081081081081082,0.04901983528592966
cg05644921,0.373854113,0.618464019,14.33286601,7.21e-40,2.4800000000000003e-37,79.50676438,0.27822988,0.652083993,0.373854113,4,141489114,R,II,UCP1,Body,shore,Body-shore,chr4:141489962-141490378,,True,,,,0.431338357,0.4,0.9402061855670104,hyper,0.9042553191489362,0.038237215378872785
cg15523958,0.375207644,0.49842111,13.80283632,1.81e-37,4e-35,74.01046808,0.15695516,0.532162805,0.375207644,2,43864929,F,II,PLEKHH2,5'UTR,island,5'UTR-island,chr2:43864322-43864956,,,,,,0.431306214,0.17,0.9699398797595192,hyper,0.9693877551020408,0.0005692359588465813
cg10588135,0.381029724,0.53478899,15.27137615,3.26e-44,2.59e-41,89.46483087,0.188024529,0.569054253,0.381029724,17,59329903,R,II,BCAS3,Body,opensea,Body-opensea,,True,True,,,,0.430929813,0.3,0.9506172839506172,hyper,0.9479166666666667,0.0028409090909088993
cg07834955,0.400619607,0.44947921,12.24033781,1.15e-30,7.840000000000001e-29,58.43318055,0.084886546,0.485506153,0.400619607,10,99531879,F,I,SFRP5,TSS200,island,TSS200-island,chr10:99531025-99531968,True,,,,,0.430652495,0.16,0.9240506329113924,hyper,0.9368421052631579,0.013842826243691405
cg18525352,0.37442769,0.625537307,14.84042621,3.3299999999999995e-42,1.8e-39,84.85835239,0.284781172,0.659208862,0.37442769,12,106533867,R,I,NUAK1,TSS200,shore,TSS200-shore,chr12:106532106-106533696,,,,,,0.430646473,0.36,0.9616161616161616,hyper,0.9693877551020408,0.008081804150231513
cg23520422,0.388620768,0.58641622,13.98542818,2.72e-38,7.02e-36,75.89279007,0.232743363,0.621364131,0.388620768,12,76423956,F,II,PHLDA1,3'UTR,shore,3'UTR-shore,chr12:76424634-76426316,,,,rs6582328,,0.429394773,0.38,0.9419087136929462,hyper,0.9081081081081082,0.035885224431479984
cg04528060,0.370891716,0.464353683,11.31620305,7.4e-27,2.85e-25,49.72564872,0.126815539,0.497707255,0.370891716,4,57371868,R,I,ARL9,5'UTR,island,5'UTR-island,chr4:57371582-57372022,True,True,,rs79938142,,0.428902395,0.23,0.9055793991416308,hyper,0.9197860962566845,0.01568796411283185
cg08193579,0.410271109,0.495500798,12.96127395,9.43e-34,1.08e-31,65.49669824,0.122124573,0.532395682,0.410271109,3,169529701,R,II,LRRC34,Body,shore,Body-shore,chr3:169529875-169530435,,True,,,rs35759166,0.427322607,0.25,0.9305263157894736,hyper,0.8901098901098902,0.04343394162398677
cg01643123,0.383717394,0.53153972,13.73494263,3.64e-37,7.580000000000001e-35,73.31363042,0.182329286,0.56604668,0.383717394,12,63207179,R,I,PPM1H,Body,opensea,Body-opensea,,True,,,,,0.427052954,0.31,0.9352818371607516,hyper,0.9081081081081082,0.029054054054054076
cg00036011,0.374876355,0.478141052,11.27078391,1.13e-26,4.23e-25,49.30847873,0.136976599,0.511852955,0.374876355,6,26271718,F,II,HIST1H3G,TSS200,shore,TSS200-shore,chr6:26272470-26272696,True,,,,,0.426664315,0.28,0.8913043478260869,hyper,0.8522727272727272,0.04379157427937922
cg08076018,0.374996153,0.468374151,11.16838883,2.89e-26,1.03e-24,48.37186104,0.127100674,0.502096826,0.374996153,9,129885080,F,II,ANGPTL2,TSS200,opensea,TSS200-opensea,,,,,,,0.426631499,0.12,0.9404517453798767,hyper,0.9489795918367346,0.009067819267444963
cg24530250,0.373224686,0.464980064,11.49677677,1.3800000000000002e-27,5.89e-26,51.39449886,0.125318749,0.498543435,0.373224686,11,71955599,R,I,PHOX2A,TSS1500,island,TSS1500-island,chr11:71954816-71955659,True,,,,,0.426155064,0.11,0.9698189134808854,hyper,0.9850746268656716,0.015730476249457916
cg00744866,0.375395642,0.543952058,11.57609422,6.55e-28,2.9300000000000003e-26,52.13268451,0.202315017,0.577710659,0.375395642,3,33701209,F,II,CLASP2,Body,opensea,Body-opensea,,,True,,,,0.426153061,0.29,0.9194915254237288,hyper,0.925531914893617,0.00656927149720556
cg22855020,0.370458172,0.612461802,13.66108642,7.780000000000001e-37,1.5299999999999999e-34,72.55751741,0.275318214,0.645776386,0.370458172,8,42356731,F,II,SLC20A2,5'UTR,opensea,5'UTR-opensea,,,True,,,,0.425722752,0.44,0.9240506329113924,hyper,0.8839779005524862,0.04336638159388489
cg04360793,0.37176292,0.641610922,16.31985507,3.41e-49,7.46e-46,100.8867832,0.30327992,0.67504284,0.37176292,1,79472361,R,I,ELTD1,5'UTR,island,5'UTR-island,chr1:79472281-79472537,,True,,,,0.424698046,0.5,0.9440993788819876,hyper,0.9081081081081082,0.038122332859174914
cg05102394,0.380603779,0.548771802,14.15018782,4.8899999999999997e-39,1.45e-36,77.60140405,0.202394981,0.582998761,0.380603779,4,148402899,R,II,EDNRA,Body,shore,Body-shore,chr4:148402198-148402760,,True,,,,0.424158193,0.43,0.8980477223427332,hyper,0.8636363636363636,0.03831796223100573
cg21215929,0.375799471,0.626500596,13.3772671,1.4200000000000002e-35,2.22e-33,69.67091215,0.284496041,0.660295513,0.375799471,5,14873039,R,II,ANKH,TSS1500,shore,TSS1500-shore,chr5:14871391-14871611,,,,,,0.423971856,0.5,0.9032258064516128,hyper,0.8700564971751412,0.03672316384180779
cg08249424,0.374861194,0.555735347,11.4859871,1.5200000000000002e-27,6.47e-26,51.29432307,0.214584692,0.589445886,0.374861194,6,4775222,R,II,CDYL,TSS1500,island,TSS1500-island,chr6:4775131-4777550,,,,,,0.423573399,0.3,0.9152542372881356,hyper,0.9424083769633509,0.02966841186736486
cg25726664,0.370800239,0.535559751,13.62479966,1.13e-36,2.1399999999999997e-34,72.1867671,0.198104858,0.568905096,0.370800239,7,42277807,F,I,GLI3,TSS1500,island,TSS1500-island,chr7:42276003-42277850,,,,,,0.421996148,0.3,0.9419087136929462,hyper,0.9424083769633509,0.000530479507345999
cg22598028,0.373402288,0.424717498,10.490866,1.2999999999999998e-23,3.26e-22,42.31405117,0.084894552,0.45829684,0.373402288,3,44626492,R,II,ZNF660,5'UTR,island,5'UTR-island,chr3:44626325-44626794,True,,,,,0.421660978,0.09,0.948665297741273,hyper,0.9587628865979382,0.010643995180077852
cg09489281,0.373999209,0.461284721,10.72717358,1.5899999999999999e-24,4.47e-23,44.39878981,0.120918534,0.494917743,0.373999209,5,43604149,R,I,NNT,5'UTR,shore,5'UTR-shore,chr5:43602977-43603650,True,,,,,0.420882956,0.19,0.9148936170212764,hyper,0.9424083769633509,0.030074272494825655
cg00397324,0.390312992,0.437394688,12.47737248,1.14e-31,9.12e-30,60.73071171,0.082181785,0.472494777,0.390312992,21,42798594,F,I,MX1,5'UTR,island,5'UTR-island,chr21:42798146-42798884,True,True,,,,0.420003414,0.22,0.91220556745182,hyper,0.9139784946236558,0.0019435610076227563
cg20640433,0.371490234,0.488143714,10.23884337,1.18e-22,2.6500000000000007e-21,40.12503128,0.150060875,0.521551109,0.371490234,6,129204206,R,II,LAMA2,TSS200,opensea,TSS200-opensea,,True,True,,,,0.418918456,0.25,0.8864628820960699,hyper,0.8826815642458101,0.004265624569997523
cg09696939,0.375232794,0.518323325,13.51674999,3.4200000000000003e-36,5.93e-34,71.08571796,0.176834488,0.552067281,0.375232794,10,60272079,R,I,BICC1,TSS1500,shore,TSS1500-shore,chr10:60272467-60273456,True,,,,,0.417185922,0.32,0.9397089397089397,hyper,0.9312169312169312,0.00903684974481434
cg23083315,0.377832241,0.431588919,12.40291151,2.36e-31,1.7900000000000001e-29,60.00628627,0.087734398,0.465566638,0.377832241,11,35639656,R,I,FJX1,TSS200,island,TSS200-island,chr11:35639629-35641485,,,,,,0.416856955,0.2,0.9145299145299146,hyper,0.9473684210526316,0.03590752582390553
cg08726522,0.371952535,0.517094139,13.99861623,2.38e-38,6.18e-36,76.02920463,0.178590573,0.550543108,0.371952535,11,8739587,F,II,ST5,Body,opensea,Body-opensea,,True,,low-CpG:8696139-8696184,,,0.415930112,0.3,0.9462809917355371,hyper,0.9304812834224598,0.01669663498587209
cg02852959,0.378268964,0.572356386,12.00246398,1.1400000000000001e-29,6.64e-28,56.15305934,0.228104416,0.606373379,0.378268964,12,2944436,R,II,NRIP2,TSS1500,opensea,TSS1500-opensea,,True,True,,,,0.414988897,0.39,0.9079229122055676,hyper,0.8764044943820225,0.03471486114055561
cg10740054,0.3773535,0.43000548,11.61224272,4.66e-28,2.13e-26,52.4701368,0.086586647,0.463940147,0.3773535,19,18548004,F,II,ISYNA1,Body,island,Body-island,chr19:18543828-18549161,,,,,,0.41493976,0.1,0.9465020576131686,hyper,0.9849246231155778,0.040594275726458406
cg18709349,0.373242964,0.510867744,13.18450238,1.0000000000000001e-34,1.3500000000000002e-32,67.72807755,0.171189795,0.544432759,0.373242964,19,46999274,F,I,PNMAL2,TSS200,island,TSS200-island,chr19:46999028-46999290,True,,,rs73942484,,0.414777534,0.19,0.9635627530364372,hyper,0.964102564102564,0.0005602240896357675
cg03559682,0.378326138,0.417897327,13.76925293,2.56e-37,5.46e-35,73.66556921,0.073593324,0.451919462,0.378326138,11,6439864,R,II,APBB1,5'UTR,island,5'UTR-island,chr11:6439863-6440732,,,,,,0.413777049,0.17,0.950413223140496,hyper,0.9368421052631579,0.014279176201373141
cg03231163,0.372327019,0.513446142,11.13516427,3.93e-26,1.37e-24,48.06911327,0.174601768,0.546928787,0.372327019,19,39360465,F,II,RINL,Body,island,Body-island,chr19:39359916-39361160,,True,,,,0.410897863,0.26,0.9129511677282378,hyper,0.8681318681318682,0.049092767697418854
cg01163842,0.375281479,0.651506794,14.80427844,4.9e-42,2.59e-39,84.47451171,0.309973649,0.685255128,0.375281479,14,95235125,F,I,GSC,Body,island,Body-island,chr14:95234612-95236569,True,True,,,,0.408227422,0.56,0.913684210526316,hyper,0.8729281767955802,0.04460625811543661
cg09235583,0.371606502,0.478473078,12.30237529,6.299999999999999e-31,4.4800000000000004e-29,59.03207502,0.140284426,0.511890928,0.371606502,6,30711141,F,II,IER3,3'UTR,island,3'UTR-island,chr6:30710307-30712440,,,,,,0.401576171,0.27,0.9171974522292994,hyper,0.8839779005524862,0.03621853898096998
cg11863717,0.380653389,0.515054209,12.12755974,3.43e-30,2.17e-28,57.34891655,0.16863224,0.549285629,0.380653389,10,73725041,R,I,CHST3,5'UTR,shore,5'UTR-shore,chr10:73723711-73724770,True,,,,,0.400845118,0.34,0.8937093275488069,hyper,0.888888888888889,0.00539374325782086
